run_id,vantage_id,author_did,handle,display_name,followers_count,follows_count,posts_count,captured_at_utc
afc6e535d04a41298a98e49e70262f58,unauth_enUS,did:plc:3yf2jql7gfj65ddtolxt3ixf,msjiprks.bsky.social,mase,1,16,2,2026-03-28T21:07:12Z
afc6e535d04a41298a98e49e70262f58,unauth_enUS,did:plc:hrjfr727btfqpyy6tiohic67,rumi0520.bsky.social,,21,0,12,2026-03-28T21:07:27Z
afc6e535d04a41298a98e49e70262f58,unauth_enUS,did:plc:chbexvr2n25mh3z5atawwfaw,ae1cgo.bsky.social,𝕬𝖊1𝖈𝖌𝖔,774,373,341,2026-03-28T21:07:28Z
afc6e535d04a41298a98e49e70262f58,unauth_enUS,did:plc:eam4m6n4c46ulsfmirictipb,nikujaga200.bsky.social,豚トロ2nd,31,34,101,2026-03-28T21:07:29Z
afc6e535d04a41298a98e49e70262f58,unauth_enUS,did:plc:osf6zdl5nntmi4elpqtw43zt,geekzonegz.bsky.social,Geek Zone 🍿,833,39,373,2026-03-28T21:07:30Z
afc6e535d04a41298a98e49e70262f58,unauth_enUS,did:plc:wsonvaydbggtvguzf5zttj5b,yuicinn.bsky.social,Yui Cinnamon,103,158,129,2026-03-28T21:07:30Z
afc6e535d04a41298a98e49e70262f58,unauth_enUS,did:plc:66466ogwstjwdibmaebshgpa,lindahenry.bsky.social,Linda Henry,62,63,143,2026-03-28T21:07:30Z
afc6e535d04a41298a98e49e70262f58,unauth_enUS,did:plc:ubkjw44345u6ygb63ccv4elw,0unknown15shade47.bsky.social,The Unknown Shade,5,5,189,2026-03-28T21:07:30Z
afc6e535d04a41298a98e49e70262f58,unauth_enUS,did:plc:dumzpth6vgv4ttplbpwfh2qu,8gyuchan.bsky.social,しゅんそく,28,23,704,2026-03-28T21:07:30Z
afc6e535d04a41298a98e49e70262f58,unauth_enUS,did:plc:cfloidtpkxzu7uql6pbjjxzp,duckiedale.bsky.social,Duckiedale,200,1014,120,2026-03-28T21:07:30Z
afc6e535d04a41298a98e49e70262f58,unauth_enUS,did:plc:c5ip4djai7nechzs6y6nwfsn,satsumalord.bsky.social,SatsumaLord,1017,394,801,2026-03-28T21:07:30Z
afc6e535d04a41298a98e49e70262f58,unauth_enUS,did:plc:43m6xn3kaokv62xc3arx23y5,nearlyafox.pet,"near 🦊🐕‍🦺 🔜 LVFC, FWA",180,109,276,2026-03-28T21:07:30Z
afc6e535d04a41298a98e49e70262f58,unauth_enUS,did:plc:m3lwalkqbg6awcuctthavlrx,matt-lab-wreck.bsky.social,Matt (he/him),1966,870,2616,2026-03-28T21:07:30Z
afc6e535d04a41298a98e49e70262f58,unauth_enUS,did:plc:vaf2yr5h7arb3i25ub622si3,virnonlocklyn.bsky.social,Virnon Locklyn,12,22,54,2026-03-28T21:07:30Z
afc6e535d04a41298a98e49e70262f58,unauth_enUS,did:plc:j6zuqh4empg3ehd2hnmjodwx,notpoppy.bsky.social,Poppy,36,38,183,2026-03-28T21:07:30Z
afc6e535d04a41298a98e49e70262f58,unauth_enUS,did:plc:6nnxicr2imxgoamh5mouzwtp,gummybearcouple.bsky.social,구미베어커플,7069,248,64,2026-03-28T21:07:30Z
afc6e535d04a41298a98e49e70262f58,unauth_enUS,did:plc:rokdzrk4j6qbciwg2wd74c2b,starbucks69.bsky.social,짱구,739,4350,146,2026-03-28T21:07:30Z
afc6e535d04a41298a98e49e70262f58,unauth_enUS,did:plc:f25eqvf4djeexuixuv22njra,pinninazero.bsky.social,PinninaZero ᰔ Commission (OPEN),45,50,47,2026-03-28T21:07:30Z
afc6e535d04a41298a98e49e70262f58,unauth_enUS,did:plc:5iyr7n2zdaj342fctoktf3gq,shyzer.bsky.social,goob,310,550,1736,2026-03-28T21:07:30Z
afc6e535d04a41298a98e49e70262f58,unauth_enUS,did:plc:uqxm7e7aoulrprqfe2qqdhae,fplrimakata.bsky.social,FPL Rima Kata 🔵,36,69,46,2026-03-28T21:07:30Z
afc6e535d04a41298a98e49e70262f58,unauth_enUS,did:plc:hmukvrbiwnuna6jw5ylqsqe3,xiguhyeena.bsky.social,Gluttonous Xigu,1,2,6,2026-03-28T21:07:30Z
afc6e535d04a41298a98e49e70262f58,unauth_enUS,did:plc:ifamvnuimel6qosyaj7lsvrd,uspappnase.bsky.social,,9,8,1,2026-03-28T21:07:30Z
afc6e535d04a41298a98e49e70262f58,unauth_enUS,did:plc:ovpeein7zcugyo4p3kf5sfuq,tenderlovin.bsky.social,charlie / bob 🪽,1,10,3,2026-03-28T21:07:30Z
afc6e535d04a41298a98e49e70262f58,unauth_enUS,did:plc:inyalipetyijsccu2epjniv3,andreillove.bsky.social,MiuMiu^_^,0,9,5,2026-03-28T21:07:30Z
afc6e535d04a41298a98e49e70262f58,unauth_enUS,did:plc:2d3h5mxq3liha7zzuod6vudw,mikhailfreakramser.bsky.social,,1,3,1,2026-03-28T21:07:30Z
afc6e535d04a41298a98e49e70262f58,unauth_enUS,did:plc:nw6iy4c4o3kqdl3p57mzfwto,2financenews.bsky.social,,9,10,12,2026-03-28T21:07:30Z
afc6e535d04a41298a98e49e70262f58,unauth_enUS,did:plc:nshnuu2sh7xeyqqzrv5fe3lb,crystal-yeti-36.bsky.social,Crystal Yeti 36,2,10,6,2026-03-28T21:07:30Z
afc6e535d04a41298a98e49e70262f58,unauth_enUS,did:plc:e32u4dtx47emzowajqgkapt2,estoicoh.bsky.social,Estoico,20,20,24,2026-03-28T21:07:30Z
afc6e535d04a41298a98e49e70262f58,unauth_enUS,did:plc:6j35m6ujdfku3q5pxsbit5ah,bonehandz.bsky.social,BoneHandz,18,16,165,2026-03-28T21:07:30Z
afc6e535d04a41298a98e49e70262f58,unauth_enUS,did:plc:57s4afwp45his22avj7mpmmg,drdandoran.bsky.social,Dr.Dan Doran,313,178,18,2026-03-28T21:07:30Z
afc6e535d04a41298a98e49e70262f58,unauth_enUS,did:plc:g7uwcz6en2qoenbvk2cymh4z,michelerwells.bsky.social,Michele Wells,1959,212,66,2026-03-28T21:07:30Z
afc6e535d04a41298a98e49e70262f58,unauth_enUS,did:plc:q6tlfdya3utgkxx3maw2wuqu,infamousnic.bsky.social,Nic,536,217,1560,2026-03-28T21:07:30Z
afc6e535d04a41298a98e49e70262f58,unauth_enUS,did:plc:4dr2zlrpqpmyjewueu5zsulb,speedvgm.bsky.social,SpeedVGM,610,320,241,2026-03-28T21:07:30Z
afc6e535d04a41298a98e49e70262f58,unauth_enUS,did:plc:ctswo25agjs7wspvasd55o7l,jadler22.bsky.social,Jeffrey Adler,915,811,583,2026-03-28T21:07:30Z
afc6e535d04a41298a98e49e70262f58,unauth_enUS,did:plc:gulx4cjm2s4fuvpcvaopcgso,dragonflies57.bsky.social,Diane,33,49,37,2026-03-28T21:07:30Z
afc6e535d04a41298a98e49e70262f58,unauth_enUS,did:plc:nb4wsrkbg7scldodrpdmu3kx,boblawblog.bsky.social,Bob Lawblog,88,240,224,2026-03-28T21:07:30Z
afc6e535d04a41298a98e49e70262f58,unauth_enUS,did:plc:ad27wk7lpbdfyky4z3qkg53t,kainewkirk.bsky.social,Kai Newkirk,438,15,129,2026-03-28T21:07:30Z
afc6e535d04a41298a98e49e70262f58,unauth_enUS,did:plc:xt4u3nkgeokxpdnjzndgbvzg,sandstorm57.bsky.social,Finley,8,17,14,2026-03-28T21:07:30Z
afc6e535d04a41298a98e49e70262f58,unauth_enUS,did:plc:gnyvtn2em3w5dorvmxwhsy7e,lauracovington.bsky.social,Laura Covington,984,918,2824,2026-03-28T21:07:30Z
afc6e535d04a41298a98e49e70262f58,unauth_enUS,did:plc:qef6vng4m5qchagkhbaus26l,gregorybaird.bsky.social,Gregory Baird,212,85,988,2026-03-28T21:07:30Z
afc6e535d04a41298a98e49e70262f58,unauth_enUS,did:plc:kioqjfph7f4sydtjgwhsqj2w,socialist-marxist.bsky.social,☭socialist-marxist-progressive,1,6,5,2026-03-28T21:07:30Z
afc6e535d04a41298a98e49e70262f58,unauth_enUS,did:plc:hrqeyktbfiwtsxgehvhyzzp4,lunarlightart.bsky.social,LunarLight_art,4,8,27,2026-03-28T21:07:30Z
afc6e535d04a41298a98e49e70262f58,unauth_enUS,did:plc:6sdwo7clwlqhx766qsukwwn2,zeliii.bsky.social,zeli,155,371,520,2026-03-28T21:07:30Z
afc6e535d04a41298a98e49e70262f58,unauth_enUS,did:plc:bqvmw6nm6p2faxknwlz4xqt2,valonadthe.bsky.social,Valon,79,179,334,2026-03-28T21:07:30Z
afc6e535d04a41298a98e49e70262f58,unauth_enUS,did:plc:jf742w3amjsc6cgrxhlmxafh,erinlthartwork.bsky.social,🌛Erin Lilith Artwork🌜,26,41,76,2026-03-28T21:07:30Z
afc6e535d04a41298a98e49e70262f58,unauth_enUS,did:plc:wexcha4fgrxnkey7as72iz37,mikedriehorst.bsky.social,Mike Driehorst (he/him),168,179,111,2026-03-28T21:07:30Z
afc6e535d04a41298a98e49e70262f58,unauth_enUS,did:plc:mxcuvfg4eqytsgdqinxneevc,aidansanders.bsky.social,Aidan Sanders,75,48,183,2026-03-28T21:07:30Z
afc6e535d04a41298a98e49e70262f58,unauth_enUS,did:plc:xm4zbbw3maoqub6z3ycbxqyw,jdas2k.bsky.social,Jason Das,198,1145,366,2026-03-28T21:07:31Z
afc6e535d04a41298a98e49e70262f58,unauth_enUS,did:plc:jupcurykh33urmzixrbyyqc6,mcbridel.bsky.social,McBridel,26,107,17,2026-03-28T21:07:31Z
afc6e535d04a41298a98e49e70262f58,unauth_enUS,did:plc:5q2x2csktho62vdt5aclzchj,quekage.bsky.social,The Grand Poobah,385,245,1564,2026-03-28T21:07:31Z
afc6e535d04a41298a98e49e70262f58,unauth_enUS,did:plc:4b5xcdwxokyvavspzuzlzq6d,allegra-rayne.bsky.social,Allegra Rayne,26,59,36,2026-03-28T21:07:31Z
afc6e535d04a41298a98e49e70262f58,unauth_enUS,did:plc:fkkjbiflzyj7tg4jbtdw6jyb,nickradmer.bsky.social,Nick R,11,63,15,2026-03-28T21:07:31Z
afc6e535d04a41298a98e49e70262f58,unauth_enUS,did:plc:kbeibedjredxoszj5wqntxd5,onemooncircles.bsky.social,EricInTheDark,692,595,2585,2026-03-28T21:07:31Z
afc6e535d04a41298a98e49e70262f58,unauth_enUS,did:plc:trajzauptlhftdsopxc5m5i5,patrickkeneally.bsky.social,Patrick Keneally,10110,615,180,2026-03-28T21:07:31Z
afc6e535d04a41298a98e49e70262f58,unauth_enUS,did:plc:w6ur2fmgbehtwuyxssbo42wj,pending4scrr.bsky.social,Pending,69,294,169,2026-03-28T21:07:31Z
afc6e535d04a41298a98e49e70262f58,unauth_enUS,did:plc:cgfoakegchmzrvzfbqhaisrn,aribluejeans.bsky.social,Ari,59,90,108,2026-03-28T21:07:31Z
afc6e535d04a41298a98e49e70262f58,unauth_enUS,did:plc:a4dfsnbrvty3ujzvdjze75cq,herogm02.bsky.social,Daniel K / HeroGM,61,44,779,2026-03-28T21:07:31Z
afc6e535d04a41298a98e49e70262f58,unauth_enUS,did:plc:3wikkacrpnhx4smxxmn6x4co,therpguild1.bsky.social,The RollPlayers' Guild,79,94,113,2026-03-28T21:07:31Z
afc6e535d04a41298a98e49e70262f58,unauth_enUS,did:plc:2azuonj7uuaet4db6esb5ldo,deepsekhon.bsky.social,1 4 the 🌎,464,14,1202,2026-03-28T21:07:31Z
afc6e535d04a41298a98e49e70262f58,unauth_enUS,did:plc:v33dijadidqmyiwgghgc22if,kairosion.bsky.social,Le Kairos_ion,368,387,2432,2026-03-28T21:07:31Z
afc6e535d04a41298a98e49e70262f58,unauth_enUS,did:plc:m2l3uwadb6emhck3sjtxhm25,summerontourpod.bsky.social,The Summer On Tour Podcast,1,2,16,2026-03-28T21:07:31Z
afc6e535d04a41298a98e49e70262f58,unauth_enUS,did:plc:eomvavlj7iu5zkmu7rnc6w4p,notasfancybones.bsky.social,Ms NSFWBones,12,4,26,2026-03-28T21:07:31Z
afc6e535d04a41298a98e49e70262f58,unauth_enUS,did:plc:w7ckqdb323tesogmn6n5avvq,fallingbike.bsky.social,Owen,478,1122,425,2026-03-28T21:07:31Z
afc6e535d04a41298a98e49e70262f58,unauth_enUS,did:plc:4mm3k5gbegrdjfujzfl2jfn3,houtaiyarou.bsky.social,包帯野郎,43,112,7,2026-03-28T21:07:31Z
afc6e535d04a41298a98e49e70262f58,unauth_enUS,did:plc:eksbtnbeo5byqbwyupyuhcba,tropicald.bsky.social,TD | NSFW Acc 🔞| COMMS OPEN!,120,196,87,2026-03-28T21:07:31Z
afc6e535d04a41298a98e49e70262f58,unauth_enUS,did:plc:jls2rfm4m6rnmk36yrsnn3mh,randallhughes.bsky.social,Randall Hughes,3926,1729,79,2026-03-28T21:07:31Z
afc6e535d04a41298a98e49e70262f58,unauth_enUS,did:plc:yubyxi3wyscxahjtwj44qacj,kmatoo.bsky.social,Dr. Kevin,158,285,73,2026-03-28T21:07:31Z
afc6e535d04a41298a98e49e70262f58,unauth_enUS,did:plc:szzhtr6awtpjbkp4uzslvuqd,luna-the-witch.bsky.social,Luna the 🏳️‍⚧️ witch,10,11,27,2026-03-28T21:07:31Z
afc6e535d04a41298a98e49e70262f58,unauth_enUS,did:plc:uq7in2abtq7jpkdnforim5hp,looker7.bsky.social,Naughtylatin,6,3,1,2026-03-28T21:07:31Z
afc6e535d04a41298a98e49e70262f58,unauth_enUS,did:plc:h65ysiohnlm6sg3dhjestqvg,realghettostyles.bsky.social,GhettoStyles,2,1,8,2026-03-28T21:07:31Z
afc6e535d04a41298a98e49e70262f58,unauth_enUS,did:plc:24ztigeptycdc3f4eyft2zor,noodles6.bsky.social,Noel Smyth,94,160,43,2026-03-28T21:07:31Z
afc6e535d04a41298a98e49e70262f58,unauth_enUS,did:plc:vmtds4c7po2mhtee5cy2tefh,danny-one.bsky.social,Danny One,8,6,17,2026-03-28T21:07:31Z
afc6e535d04a41298a98e49e70262f58,unauth_enUS,did:plc:htkn6lhh4tih2htmxtcngg2i,beezeedoe.bsky.social,Beezeedoe 🐝,19,18,61,2026-03-28T21:07:31Z
afc6e535d04a41298a98e49e70262f58,unauth_enUS,did:plc:gfrt7jagzdsjawbilj3ozdvu,fadeintocosmos.bsky.social,Lau O. | COMMISSIONS OPEN,243,175,438,2026-03-28T21:07:31Z
afc6e535d04a41298a98e49e70262f58,unauth_enUS,did:plc:zomoezqqcifr36ink3qkgmzm,aramintawolves.bsky.social,Aramintawolves,49,35,150,2026-03-28T21:07:31Z
afc6e535d04a41298a98e49e70262f58,unauth_enUS,did:plc:n3yzghwhwwwm33gsinlxld3t,vahlhallan.bsky.social,Vahl,12,58,31,2026-03-28T21:07:31Z
afc6e535d04a41298a98e49e70262f58,unauth_enUS,did:plc:2hevmiowlpue7lffbwfhn5mi,mubushumbus.bsky.social,Zig // Monster,12,28,21,2026-03-28T21:07:31Z
afc6e535d04a41298a98e49e70262f58,unauth_enUS,did:plc:eksge6jnvntdahpsyi2ublp4,safestreetrebel.com,Safe Street Rebel,2531,87,312,2026-03-28T21:07:31Z
afc6e535d04a41298a98e49e70262f58,unauth_enUS,did:plc:w3nzkybhmyerr5zewfgwgvfb,moruga-k.bsky.social,もるが@青空垢,93,76,397,2026-03-28T21:07:31Z
afc6e535d04a41298a98e49e70262f58,unauth_enUS,did:plc:fn2a6nrqz722saumuildwkl2,guinesssg.bsky.social,ギネス_白ごま,133,119,2926,2026-03-28T21:07:31Z
afc6e535d04a41298a98e49e70262f58,unauth_enUS,did:plc:2dbhhcfb4muho6lcy6yrwiqo,solxiv.gallery,sol,78,65,212,2026-03-28T21:07:31Z
afc6e535d04a41298a98e49e70262f58,unauth_enUS,did:plc:v4eopcadq777vr2fwblwa4gb,takitate.bsky.social,たきたて,437,668,2592,2026-03-28T21:07:31Z
afc6e535d04a41298a98e49e70262f58,unauth_enUS,did:plc:7mxotk6zntp6iumfqmluprw6,m0j4nb0.bsky.social,ひ,36,38,574,2026-03-28T21:07:31Z
afc6e535d04a41298a98e49e70262f58,unauth_enUS,did:plc:f3bantsvaslgkpmxrcce6lfq,joshewaz.bsky.social,Joshewaz,7510,1306,118,2026-03-28T21:07:31Z
afc6e535d04a41298a98e49e70262f58,unauth_enUS,did:plc:per2jrdubgt336ajsqd67ax2,trashbandit666.bsky.social,bandit,527,211,1563,2026-03-28T21:07:31Z
afc6e535d04a41298a98e49e70262f58,unauth_enUS,did:plc:6gfjvnxzo52vp2husedifc3b,visualscat.bsky.social,Black cats are not bad luck,4370,2,941,2026-03-28T21:07:31Z
afc6e535d04a41298a98e49e70262f58,unauth_enUS,did:plc:yzbtmdo2jhuakk25mmbbproz,cynnamonscroll.bsky.social,Cyn | one braincell and a tumbleweed,29,57,3,2026-03-28T21:07:31Z
afc6e535d04a41298a98e49e70262f58,unauth_enUS,did:plc:rl7jd3nx65yfzgn2kohvskzm,missamango.bsky.social,Mango!,71,20,59,2026-03-28T21:07:31Z
afc6e535d04a41298a98e49e70262f58,unauth_enUS,did:plc:eoqjfj53ulcbmr7i64m275fj,wickedraptor.bsky.social,WickedRaptor Crabmaticus of the Forge,14,29,122,2026-03-28T21:07:31Z
afc6e535d04a41298a98e49e70262f58,unauth_enUS,did:plc:pxk6gtfmhgugk3qnpn7qxjcg,vampire-knightess.bsky.social,Vampire Knightess,2,20,13,2026-03-28T21:07:31Z
afc6e535d04a41298a98e49e70262f58,unauth_enUS,did:plc:7rudspbxztyufu4l4mxi34id,jaesmart.bsky.social,Jennifer Smart ♠️ Commissions open!,487,699,154,2026-03-28T21:07:31Z
afc6e535d04a41298a98e49e70262f58,unauth_enUS,did:plc:faqygdp5heqf2lat3aajk5og,kristeng.bsky.social,Kristen,778,510,375,2026-03-28T21:07:31Z
afc6e535d04a41298a98e49e70262f58,unauth_enUS,did:plc:isgsuacdw72jweamaaguplhh,christysnyderwv.bsky.social,,2178,991,181,2026-03-28T21:07:31Z
afc6e535d04a41298a98e49e70262f58,unauth_enUS,did:plc:pmzkcl4vrv4qe6uf4xo42yfl,biaslarose.bsky.social,Bias laRose 🌹,20,24,10,2026-03-28T21:07:31Z
afc6e535d04a41298a98e49e70262f58,unauth_enUS,did:plc:cuahjdxo2lfm77mszjrcrhpc,dodgeedoo.bsky.social,DodgeeDoo,277,167,2348,2026-03-28T21:07:31Z
afc6e535d04a41298a98e49e70262f58,unauth_enUS,did:plc:7iadvzfmcr4yj2mygbght4cj,shippou-sensei.bsky.social,,89,253,237,2026-03-28T21:07:31Z
afc6e535d04a41298a98e49e70262f58,unauth_enUS,did:plc:dye35qghgaeuovbbgramtqaf,eddie79.bsky.social,,69,39,530,2026-03-28T21:07:31Z
afc6e535d04a41298a98e49e70262f58,unauth_enUS,did:plc:hend7exkohwidsgovzocexxx,anneladyem.bsky.social,"Anne Ladyem McDivitt, PhD",965,464,337,2026-03-28T21:07:31Z
afc6e535d04a41298a98e49e70262f58,unauth_enUS,did:plc:4xx6txkdwpkidofnc5gxidrq,lilacunicorn.bsky.social,Bec,6,47,1,2026-03-28T21:07:31Z
afc6e535d04a41298a98e49e70262f58,unauth_enUS,did:plc:lgm5wroaeecrat2spzg4kxoh,lazywolfvtuber.bsky.social,LazyWolf aka Wolf,28,25,212,2026-03-28T21:07:31Z
afc6e535d04a41298a98e49e70262f58,unauth_enUS,did:plc:ma2lasufkqq63goqzws55mk7,inkwellthedreamer.bsky.social,Romeo (Inkwell),414,361,401,2026-03-28T21:07:31Z
afc6e535d04a41298a98e49e70262f58,unauth_enUS,did:plc:ml2wszbl66t34x3whwqvl3kl,handle.invalid,‎,70,60,1668,2026-03-28T21:07:31Z
afc6e535d04a41298a98e49e70262f58,unauth_enUS,did:plc:cabsvtfxw6om57nfcafn4icr,draken1313.bsky.social,Draken1313 🔞Open for Consenting!,384,204,1616,2026-03-28T21:07:31Z
afc6e535d04a41298a98e49e70262f58,unauth_enUS,did:plc:mgxyu3l4b5kotsiqxuifxej3,padilla.bsky.social,richard,264,184,314,2026-03-28T21:07:31Z
afc6e535d04a41298a98e49e70262f58,unauth_enUS,did:plc:rh5ee7ntwkst3icoygkm32b4,silipheed.bsky.social,Moon Martin 🇨🇦,11492,10,280,2026-03-28T21:07:31Z
afc6e535d04a41298a98e49e70262f58,unauth_enUS,did:plc:6bihuzu2dzd2stb2wudf5z5l,jimmy-bigshoes.bsky.social,Jimmy Bigshoes,456,269,994,2026-03-28T21:07:31Z
afc6e535d04a41298a98e49e70262f58,unauth_enUS,did:plc:iaahbgis52w7yyvpfw6hco4b,sevith.bsky.social,Sevith,21,37,268,2026-03-28T21:07:31Z
afc6e535d04a41298a98e49e70262f58,unauth_enUS,did:plc:vdrdpikfmoye2hjhykfh7duf,twistedlogic.bsky.social,Maree,85,67,707,2026-03-28T21:07:31Z
afc6e535d04a41298a98e49e70262f58,unauth_enUS,did:plc:gnkjjp2dnbsf7mko2x52q7gn,ainthatjusttheway.bsky.social,,14,64,12,2026-03-28T21:07:31Z
afc6e535d04a41298a98e49e70262f58,unauth_enUS,did:plc:yong6cv7zwqozalumac47jni,peachtree.marta.fail,Peachtree Center Station,3,0,1612,2026-03-28T21:07:31Z
afc6e535d04a41298a98e49e70262f58,unauth_enUS,did:plc:f75bl7ry4iulljztg4zheeng,f0a70m.bsky.social,₵,5,5,122,2026-03-28T21:07:31Z
afc6e535d04a41298a98e49e70262f58,unauth_enUS,did:plc:7kwul5dmtk2lrvcj74evuq3z,meneriv.bsky.social,vanessa,40,19,1376,2026-03-28T21:07:31Z
afc6e535d04a41298a98e49e70262f58,unauth_enUS,did:plc:bim77cwyoxq6nweq3gn25mmq,sargzem.bsky.social,Sarah Gzemski,87,109,14,2026-03-28T21:07:31Z
afc6e535d04a41298a98e49e70262f58,unauth_enUS,did:plc:wyxn4gxawxfzmr7tkfvbyhn2,taillorgroup.bsky.social,Taillor Group,346,58,339,2026-03-28T21:07:31Z
afc6e535d04a41298a98e49e70262f58,unauth_enUS,did:plc:qodnlwpnlqy4n2rtfddijkn7,swordmeat.bsky.social,Swordmeat,22,21,36,2026-03-28T21:07:31Z
afc6e535d04a41298a98e49e70262f58,unauth_enUS,did:plc:bs7wcnfplbhkpi4nm6graxis,clubsoda44.bsky.social,ClubSoda,21,15,10,2026-03-28T21:07:31Z
afc6e535d04a41298a98e49e70262f58,unauth_enUS,did:plc:g6i2572eorvy7ekuk23bzq3v,staticedge.bsky.social,StaticEdge,1,1,7,2026-03-28T21:07:31Z
afc6e535d04a41298a98e49e70262f58,unauth_enUS,did:plc:koxn2a333yhalxojnnmey7eo,sleepymimes.bsky.social,,560,680,337,2026-03-28T21:07:31Z
afc6e535d04a41298a98e49e70262f58,unauth_enUS,did:plc:iks7etxarvhuoup5t564bvf4,masadluffy.bsky.social,Masa D. Lewphy 🔜 🇯🇵 3/25 - 4/8,154,137,104,2026-03-28T21:07:31Z
afc6e535d04a41298a98e49e70262f58,unauth_enUS,did:plc:7qzl2nwnbjn3x4rvi7zx4g2d,slut4werewolves.bsky.social,Mama Rainy,36,80,42,2026-03-28T21:07:31Z
afc6e535d04a41298a98e49e70262f58,unauth_enUS,did:plc:gx4rni7edvsc5735vikcumux,feets-fo.bsky.social,Feets FO,31,16,73,2026-03-28T21:07:31Z
afc6e535d04a41298a98e49e70262f58,unauth_enUS,did:plc:lknwnqmrnksdvgpclveowxl4,bipedalmeat.bsky.social,Meat-based bipedal organism,152,925,79,2026-03-28T21:07:31Z
afc6e535d04a41298a98e49e70262f58,unauth_enUS,did:plc:de5z44p5s5h5v75yqvnzuw4z,destroyalldestroyers.com,Courtney Stubbert,336,669,711,2026-03-28T21:07:31Z
afc6e535d04a41298a98e49e70262f58,unauth_enUS,did:plc:ilbm4m36zcdrxrtfrl3du7rh,casperj87.bsky.social,,17,34,1,2026-03-28T21:07:31Z
afc6e535d04a41298a98e49e70262f58,unauth_enUS,did:plc:uhytps5yhmitvoem75fhxln5,thesambard.bsky.social,Tim,78,148,149,2026-03-28T21:07:31Z
afc6e535d04a41298a98e49e70262f58,unauth_enUS,did:plc:aj5wjw37ekbjcq5j4vymnnen,giftedhko.bsky.social,Helen Konstantine,663,48,45,2026-03-28T21:07:31Z
afc6e535d04a41298a98e49e70262f58,unauth_enUS,did:plc:bswwaxeuljv3fxehgq7yx5dz,cookingdiary.bsky.social,Cooking Diary(mutual follow),94,177,52,2026-03-28T21:07:31Z
afc6e535d04a41298a98e49e70262f58,unauth_enUS,did:plc:znforj5zlhzqcdh3j52cbg6b,troysreels.bsky.social,TroysReels,1,2,1,2026-03-28T21:07:31Z
afc6e535d04a41298a98e49e70262f58,unauth_enUS,did:plc:z5hg6zkoloyj7wxfwrij623w,geomunism.bsky.social,Adir33 ☭🇵🇸,12,37,4,2026-03-28T21:07:31Z
afc6e535d04a41298a98e49e70262f58,unauth_enUS,did:plc:skse5fgauwhi5sidx47hatkw,michellejoyce07.bsky.social,,0,8,1,2026-03-28T21:07:31Z
afc6e535d04a41298a98e49e70262f58,unauth_enUS,did:plc:yetnlej766geket6ozltznun,austinbittner7.bsky.social,,2,13,2,2026-03-28T21:07:31Z
afc6e535d04a41298a98e49e70262f58,unauth_enUS,did:plc:4y2nebpaormo5jiknlb2csw5,arianewad.bsky.social,Ariane,0,10,2,2026-03-28T21:07:31Z
afc6e535d04a41298a98e49e70262f58,unauth_enUS,did:plc:gshbe6bqwec6sfemu53bqtah,lovero85.bsky.social,,0,2,1,2026-03-28T21:07:31Z
afc6e535d04a41298a98e49e70262f58,unauth_enUS,did:plc:b7o6za42ubyry3y2e7wr5tts,arquivio.bsky.social,,0,1,1,2026-03-28T21:07:31Z
afc6e535d04a41298a98e49e70262f58,unauth_enUS,did:plc:3nbe7je4oubm4cfwdpm2sssb,gustavojoel.bsky.social,Gustavo,28,10,1,2026-03-28T21:07:31Z
afc6e535d04a41298a98e49e70262f58,unauth_enUS,did:plc:b5ercxcxi3ycivp35rglafez,diagnito28.bsky.social,,0,2,1,2026-03-28T21:07:31Z
afc6e535d04a41298a98e49e70262f58,unauth_enUS,did:plc:uszxkd4boogcvf3bdht67loe,projectxheroine.bsky.social,ProjectxHeroine,0,7,4,2026-03-28T21:07:31Z
afc6e535d04a41298a98e49e70262f58,unauth_enUS,did:plc:sxqymcupwiyjm42chqakbogb,toshi95.bsky.social,,2,6,1,2026-03-28T21:07:31Z
afc6e535d04a41298a98e49e70262f58,unauth_enUS,did:plc:22sx4wsfo4x6vhj7qr4pbukj,ousainoucamera.bsky.social,,1,10,2,2026-03-28T21:07:31Z
afc6e535d04a41298a98e49e70262f58,unauth_enUS,did:plc:nn7gdmhnxxk2yxhofcbpg5qx,windowjane.bsky.social,,13,36,2,2026-03-28T21:07:31Z
afc6e535d04a41298a98e49e70262f58,unauth_enUS,did:plc:epm4bi54yfk5jekozilkys2d,queenbeechloe.bsky.social,🐝Chloe Bourgeois💛,8,14,7,2026-03-28T21:07:31Z
afc6e535d04a41298a98e49e70262f58,unauth_enUS,did:plc:fjatasqmyewta7knanipwbo4,amissabyss.bsky.social,abyssalzone,28,9,30,2026-03-28T21:07:31Z
afc6e535d04a41298a98e49e70262f58,unauth_enUS,did:plc:3cqo3snnmehuwgp7whk7fxiq,gloooga.bsky.social,Glooga,10,6,2,2026-03-28T21:07:31Z
afc6e535d04a41298a98e49e70262f58,unauth_enUS,did:plc:crhu6uv4dc7i63ke45n6jszi,natashakapoo395.bsky.social,Natasha Kapoor,1,7,2,2026-03-28T21:07:31Z
afc6e535d04a41298a98e49e70262f58,unauth_enUS,did:plc:gg6duymxgc57jwbeog63fi6u,yksmsimasima.bsky.social,min,0,0,1,2026-03-28T21:07:31Z
afc6e535d04a41298a98e49e70262f58,unauth_enUS,did:plc:geikghnlobabowsosj7sag22,katasuminite.bsky.social,片隅にて,0,0,1,2026-03-28T21:07:31Z
afc6e535d04a41298a98e49e70262f58,unauth_enUS,did:plc:illuthmbfhw36jmpmv6y5giy,enotb.bsky.social,еноть,3,13,2,2026-03-28T21:07:31Z
afc6e535d04a41298a98e49e70262f58,unauth_enUS,did:plc:5j36igz7r5z4w5hqhef3svul,moonlitmak.bsky.social,moonlitmak.bsky.social,46,57,6,2026-03-28T21:07:31Z
afc6e535d04a41298a98e49e70262f58,unauth_enUS,did:plc:ndr4xhzjyqxxf7idswpo3fke,rosemary0520.bsky.social,,0,0,1,2026-03-28T21:07:31Z
afc6e535d04a41298a98e49e70262f58,unauth_enUS,did:plc:t2vvpd226jlvwvt4zfc6jygr,glamfred.bsky.social,🔞Glamrock Freddy🔞,5,13,7,2026-03-28T21:07:31Z
afc6e535d04a41298a98e49e70262f58,unauth_enUS,did:plc:tsw7tj3rzq4nfzlf6e3pofkq,davisthera30.bsky.social,,1,2,4,2026-03-28T21:07:31Z
afc6e535d04a41298a98e49e70262f58,unauth_enUS,did:plc:sjxw5zob6ha7r6wrrfr74qff,oriong34.bsky.social,Orion,3,16,15,2026-03-28T21:07:31Z
afc6e535d04a41298a98e49e70262f58,unauth_enUS,did:plc:qtu4hghiovayuayhrm5ntlzj,allenallard.bsky.social,,6,15,5,2026-03-28T21:07:31Z
afc6e535d04a41298a98e49e70262f58,unauth_enUS,did:plc:7luzv4bizbc5olc7uq6ycnoj,huskerdylan.bsky.social,Dylan The Body Ventura,60,158,359,2026-03-28T21:07:31Z
afc6e535d04a41298a98e49e70262f58,unauth_enUS,did:plc:hdtzgwrdrwuvkdpnj6bzq3pm,lazerblues.bsky.social,Lazerblues,116,357,537,2026-03-28T21:07:31Z
afc6e535d04a41298a98e49e70262f58,unauth_enUS,did:plc:sjlivj7srsw6w7jjagnnv6yj,222nzzz.bsky.social,Nugio,4,7,26,2026-03-28T21:07:31Z
afc6e535d04a41298a98e49e70262f58,unauth_enUS,did:plc:qz54nsl63wxma3kxcwnh6qqk,justahole9.bsky.social,jack 🐷🕳️,133,106,30,2026-03-28T21:07:31Z
afc6e535d04a41298a98e49e70262f58,unauth_enUS,did:plc:5ecxzxl6xo4ljs32zclbg5mv,alexandramc01.bsky.social,alexandra,110,85,274,2026-03-28T21:07:31Z
afc6e535d04a41298a98e49e70262f58,unauth_enUS,did:plc:7i76t7ce2tfhiijzuxgmw3e6,rafinhareal.bsky.social,Rafinha😝,169,148,1000,2026-03-28T21:07:31Z
afc6e535d04a41298a98e49e70262f58,unauth_enUS,did:plc:5gg2px2rb6z5agwuggpykrhm,itsrafaelaa.bsky.social,rafaela,540,85,6973,2026-03-28T21:07:31Z
afc6e535d04a41298a98e49e70262f58,unauth_enUS,did:plc:32w2w26lk2mtorltindln3sk,monaaescondida.bsky.social,mona,1551,106,8406,2026-03-28T21:07:31Z
afc6e535d04a41298a98e49e70262f58,unauth_enUS,did:plc:hl3tguqh6txzoytuzxqfedd3,sweetqueen01.bsky.social,sweetqueen,63,4,340,2026-03-28T21:07:31Z
afc6e535d04a41298a98e49e70262f58,unauth_enUS,did:plc:ahxgqvv2phcrzqpuhc24tp4p,zenamarks.bsky.social,Zena Marks,232,624,644,2026-03-28T21:07:31Z
afc6e535d04a41298a98e49e70262f58,unauth_enUS,did:plc:mgk4ihxxelnxumhrz54iiq3g,anytransport.uk,AnyTransport UK,1,1,12,2026-03-28T21:07:31Z
afc6e535d04a41298a98e49e70262f58,unauth_enUS,did:plc:rllqbbtfcgs74sv5fylqanuz,retrocryptidkitty.bsky.social,RETRO! /ᐠ - ˕ -マ Ⳋ | Comm's Open!,259,546,224,2026-03-28T21:07:31Z
afc6e535d04a41298a98e49e70262f58,unauth_enUS,did:plc:ssogdyiutmyrjzoqp2yuxgeu,maxdadevil.bsky.social,Max D. Devil,133,90,121,2026-03-28T21:07:31Z
afc6e535d04a41298a98e49e70262f58,unauth_enUS,did:plc:qatcgl5ecaf45gsazqowmpqk,namifloof.bsky.social,nami (the one and only pterodolphin),55,45,81,2026-03-28T21:07:31Z
afc6e535d04a41298a98e49e70262f58,unauth_enUS,did:plc:nshxtk56now6rmv3ibt6z4qu,akiyamastation.bsky.social,Thiago Gomes (from Buono!),281,815,827,2026-03-28T21:07:31Z
afc6e535d04a41298a98e49e70262f58,unauth_enUS,did:plc:b3ic4r7bnle7li2gy5jwgaay,n0heals4you.bsky.social,Ramen,676,137,39,2026-03-28T21:07:31Z
afc6e535d04a41298a98e49e70262f58,unauth_enUS,did:plc:q3a3xub7dzowjio67taykgj4,airthegener.bsky.social,The Generic Air,114,303,477,2026-03-28T21:07:31Z
afc6e535d04a41298a98e49e70262f58,unauth_enUS,did:plc:obimwikdxwmuyahgnzxmza4d,smisai.bsky.social,いち,3,30,1,2026-03-28T21:07:31Z
afc6e535d04a41298a98e49e70262f58,unauth_enUS,did:plc:ehhmy7jp5p2fm7zxxna5bkb2,choconcookie.bsky.social,너의 뒤에서,0,0,2,2026-03-28T21:07:31Z
afc6e535d04a41298a98e49e70262f58,unauth_enUS,did:plc:py7amjfs5x2zw2533p3gnejr,ponchu-king.bsky.social,ぽんちゅ(お酒🍶),8,3,4,2026-03-28T21:07:31Z
afc6e535d04a41298a98e49e70262f58,unauth_enUS,did:plc:rwo6a6mc4t7xuygxqulkh4xd,chunniwa.bsky.social,Chunni,168,6,6,2026-03-28T21:07:31Z
afc6e535d04a41298a98e49e70262f58,unauth_enUS,did:plc:4pxf2wdhsnjjcmglngesfxg6,brittanymoretti.bsky.social,Brittany,0,0,1,2026-03-28T21:07:31Z
afc6e535d04a41298a98e49e70262f58,unauth_enUS,did:plc:44c575yzx7jmnczckfbrzp6r,davechurch.bsky.social,Dave Church,254,262,2307,2026-03-28T21:07:31Z
afc6e535d04a41298a98e49e70262f58,unauth_enUS,did:plc:qww3znmjw4nsiqk5qiwsldf2,xenofly.bsky.social,digital demiurge❤️‍🩹🎐☣️,58,137,87,2026-03-28T21:07:31Z
afc6e535d04a41298a98e49e70262f58,unauth_enUS,did:plc:7zg57tdhxvg2d6jqzlyzti24,brooklosh.bsky.social,,284,161,24,2026-03-28T21:07:31Z
afc6e535d04a41298a98e49e70262f58,unauth_enUS,did:plc:zedimr2id4p4sveev7zkkkuk,edwardthethird.bsky.social,edwardthethirdsky,5797,2313,6028,2026-03-28T21:07:31Z
afc6e535d04a41298a98e49e70262f58,unauth_enUS,did:plc:a5vnflr5hug4anmiwnue2azq,etsukokanno.bsky.social,菅野悦子（etsuko kanno）,33,42,77,2026-03-28T21:07:31Z
afc6e535d04a41298a98e49e70262f58,unauth_enUS,did:plc:zwe5wuczbkwlkh22fwgh4tca,agh0stlyscene.bsky.social,Steph 💚💛💜♥️🩵🖤,663,111,163,2026-03-28T21:07:31Z
afc6e535d04a41298a98e49e70262f58,unauth_enUS,did:plc:t4bhh5js2vpekki3ck255c6s,sleepystasia.bsky.social,Anastasia Schaadhardt,523,1012,117,2026-03-28T21:07:31Z
afc6e535d04a41298a98e49e70262f58,unauth_enUS,did:plc:nmbxj6yc4etmxzltr73b7pqe,chadkilroy.bsky.social,Chad K,78,97,263,2026-03-28T21:07:31Z
afc6e535d04a41298a98e49e70262f58,unauth_enUS,did:plc:w5obbopuzy6ao7ctsxslzfuy,obsessedfangirl.bsky.social,Lisa,41,120,33,2026-03-28T21:07:31Z
afc6e535d04a41298a98e49e70262f58,unauth_enUS,did:plc:eoeyzzifm2aukunjx5tnxt7c,calmblue.bsky.social,Calm 🔵 Blue,448,532,747,2026-03-28T21:07:31Z
afc6e535d04a41298a98e49e70262f58,unauth_enUS,did:plc:27nnn7zbp2vd5hk3vku7ptkm,mcreed.bsky.social,Meghann,144,100,72,2026-03-28T21:07:31Z
afc6e535d04a41298a98e49e70262f58,unauth_enUS,did:plc:wdtcvsfmcbh6sojtwrspqsnf,cxaxuk.bsky.social,CXAXUK,25,1,14,2026-03-28T21:07:31Z
afc6e535d04a41298a98e49e70262f58,unauth_enUS,did:plc:td2qypl2rxtcaymtrulzzkos,pachistreview.bsky.social,Pacific Historical Review,35,156,3,2026-03-28T21:07:31Z
afc6e535d04a41298a98e49e70262f58,unauth_enUS,did:plc:2orbs73wqvwzpwvm4cybz5zl,senteniachris.bsky.social,,13,23,1,2026-03-28T21:07:31Z
afc6e535d04a41298a98e49e70262f58,unauth_enUS,did:plc:lgfw3ljine7umj6xqabcteq2,dovnevida.bsky.social,Döv,106,199,37,2026-03-28T21:07:31Z
afc6e535d04a41298a98e49e70262f58,unauth_enUS,did:plc:m7eavpse5lv4irhpbaz4zz6s,escatie.bsky.social,,1,4,1,2026-03-28T21:07:31Z
afc6e535d04a41298a98e49e70262f58,unauth_enUS,did:plc:v5hy3wtbvlcq467iybi2x6sh,shellysells.bsky.social,Shel 💙🇺🇸,1717,187,1047,2026-03-28T21:07:31Z
afc6e535d04a41298a98e49e70262f58,unauth_enUS,did:plc:vbkmiue4gdb35gpujq5hod7y,sachab.bsky.social,Sacha,40,298,8,2026-03-28T21:07:31Z
afc6e535d04a41298a98e49e70262f58,unauth_enUS,did:plc:w65v4xpaqg55n2j57vxrdijn,mrmarvel.bsky.social,MrMarvel,98,198,1997,2026-03-28T21:07:31Z
afc6e535d04a41298a98e49e70262f58,unauth_enUS,did:plc:xl4kmnoalsljrwtw5ydm2ib7,premieredrave.bsky.social,Première Drave,55,183,45,2026-03-28T21:07:31Z
afc6e535d04a41298a98e49e70262f58,unauth_enUS,did:plc:vhd2zk7blcldra7zpvnhjxln,lojemiru.bsky.social,Lojemiru,134,8,9,2026-03-28T21:07:31Z
afc6e535d04a41298a98e49e70262f58,unauth_enUS,did:plc:dgre4vrquxalt4nlj2bybmax,wollygoffy.bsky.social,WollyGoffy,44,21,86,2026-03-28T21:07:31Z
afc6e535d04a41298a98e49e70262f58,unauth_enUS,did:plc:rzh7kgn2bzbvffvdtq3bttdr,nosferatoos.bsky.social,page,37,32,86,2026-03-28T21:07:31Z
afc6e535d04a41298a98e49e70262f58,unauth_enUS,did:plc:aqyp6h4sa23comumnoarj6e4,nikwithak.com,Nik Gilmore,29,32,7,2026-03-28T21:07:31Z
afc6e535d04a41298a98e49e70262f58,unauth_enUS,did:plc:j7kjvuh4nqjmzdkj5xyiijob,shoalcrestide.bsky.social,Shoal Crestide | 2.0 Debut May 2nd,126,101,111,2026-03-28T21:07:31Z
afc6e535d04a41298a98e49e70262f58,unauth_enUS,did:plc:yqslqpcs6fbdnh5d6bfodtly,blacktauruswarrior.bsky.social,Blacktauruswarrior_ss,83,194,253,2026-03-28T21:07:31Z
afc6e535d04a41298a98e49e70262f58,unauth_enUS,did:plc:vbldlwqydy23puidyfmw36mp,rosola.bsky.social,Rosola,27,21,786,2026-03-28T21:07:31Z
afc6e535d04a41298a98e49e70262f58,unauth_enUS,did:plc:quc5kdoqjrlm5dn2o3x347wl,johnbgallagher.bsky.social,John Gallagher Cartoonist,1750,3415,192,2026-03-28T21:07:31Z
afc6e535d04a41298a98e49e70262f58,unauth_enUS,did:plc:vchierfpvqs6xw47kdupmu4q,sabarika.bsky.social,✨Sabarika✨,202,362,202,2026-03-28T21:07:31Z
afc6e535d04a41298a98e49e70262f58,unauth_enUS,did:plc:abvt6a4qgxhf4jnlyg3el4hf,dogboner.xyz,chu,355,86,56,2026-03-28T21:07:31Z
afc6e535d04a41298a98e49e70262f58,unauth_enUS,did:plc:jq4qpzjgvtv7j5xsffxuutde,lorebyspec.bsky.social,Spec,6,2,10,2026-03-28T21:07:31Z
afc6e535d04a41298a98e49e70262f58,unauth_enUS,did:plc:c4p62lvl7yjkh4k6f5cv7ylb,mandercloud.bsky.social,Mandercloud,97,225,988,2026-03-28T21:07:31Z
afc6e535d04a41298a98e49e70262f58,unauth_enUS,did:plc:epapn4y3gw7rzyddxoawfkpr,monhun.bsky.social,,44,145,12,2026-03-28T21:07:31Z
afc6e535d04a41298a98e49e70262f58,unauth_enUS,did:plc:psartcfkfxvmutlu2tupl2i3,jonasscan.bsky.social,JONASS,591,59,47,2026-03-28T21:07:31Z
afc6e535d04a41298a98e49e70262f58,unauth_enUS,did:plc:zzqlfalm4k5cbqkp5nffjcpd,nyamaxx.bsky.social,NyaMaxx,108,96,4,2026-03-28T21:07:31Z
afc6e535d04a41298a98e49e70262f58,unauth_enUS,did:plc:ygfhu73dxbyry3ojqgkzwrj4,fizzpop.bsky.social,Fizzpop,1264,52,310,2026-03-28T21:07:31Z
afc6e535d04a41298a98e49e70262f58,unauth_enUS,did:plc:wsa5aac2ktap6wut5zpkk47c,survivalhorror87.bsky.social,Leon Kennedy,1,6,1,2026-03-28T21:07:31Z
afc6e535d04a41298a98e49e70262f58,unauth_enUS,did:plc:h6h5xqi3bycclsypkpg7pclh,slowburnlv.bsky.social,Slow Burn,3,4,0,2026-03-28T21:07:32Z
afc6e535d04a41298a98e49e70262f58,unauth_enUS,did:plc:2zsbpgmwpljc47ucu3mvemlu,krisdeltarunecanon.bsky.social,KRISDREEMURR,0,2,10,2026-03-28T21:07:32Z
afc6e535d04a41298a98e49e70262f58,unauth_enUS,did:plc:r7bf4u2vh5wvxtnaz5jw5aka,kathy-2.bsky.social,kathy-2.bsky.social,0,4,1,2026-03-28T21:07:32Z
afc6e535d04a41298a98e49e70262f58,unauth_enUS,did:plc:usuetv27wpgyann7zx65y33r,andrewloxley.bsky.social,andrew,0,6,2,2026-03-28T21:07:32Z
afc6e535d04a41298a98e49e70262f58,unauth_enUS,did:plc:devgwv6u64mpcj4njvqc3j2j,tiffwalker.bsky.social,,6,10,1,2026-03-28T21:07:32Z
afc6e535d04a41298a98e49e70262f58,unauth_enUS,did:plc:inqfvurcnt2trlyqcxvwtoz4,xmesklver.bsky.social,Dina's Backdoor 1998,7,88,3,2026-03-28T21:07:32Z
afc6e535d04a41298a98e49e70262f58,unauth_enUS,did:plc:iucsqgto6rs7mzxzk72kqn6o,sabrina9-52.bsky.social,,141,262,1,2026-03-28T21:07:32Z
afc6e535d04a41298a98e49e70262f58,unauth_enUS,did:plc:5xupw7qeecoledetolt7btp5,thesquee.bsky.social,IdiopaTHICCurse,20,17,5,2026-03-28T21:07:32Z
afc6e535d04a41298a98e49e70262f58,unauth_enUS,did:plc:fkqprzr6ehehp3sndc3lx6ci,chepacandelabot.bsky.social,ChepaCandela Noticias Venezuela,4,13,1132,2026-03-28T21:07:32Z
afc6e535d04a41298a98e49e70262f58,unauth_enUS,did:plc:qjjwmjodpne23fruv6jq7lyg,secretspacef91.bsky.social,,2,101,0,2026-03-28T21:07:32Z
afc6e535d04a41298a98e49e70262f58,unauth_enUS,did:plc:fv4uetri3lwxahij4ksclf6d,archsoc.bsky.social,Auckland Archaeological Society,2,9,1,2026-03-28T21:07:32Z
afc6e535d04a41298a98e49e70262f58,unauth_enUS,did:plc:nrakuotcsuaftrmlzyzcwjoz,yungmuttndacutt.bsky.social,Yungmuttndacutt👽💨,0,11,10,2026-03-28T21:07:32Z
afc6e535d04a41298a98e49e70262f58,unauth_enUS,did:plc:qjkufhvlzhnretvdikie5uz6,lordoflevin.bsky.social,Ash & Elias,56,58,319,2026-03-28T21:07:32Z
afc6e535d04a41298a98e49e70262f58,unauth_enUS,did:plc:jlvlznkurrmercc2j2ul2rcg,christianfulghum.bsky.social,Christian Fulghum,505,169,167,2026-03-28T21:07:32Z
afc6e535d04a41298a98e49e70262f58,unauth_enUS,did:plc:4eo2kmlpfbcqzt35trtgh7tb,gundulablumi.bsky.social,Gundula Blumi,821,84,172,2026-03-28T21:07:32Z
afc6e535d04a41298a98e49e70262f58,unauth_enUS,did:plc:3krcncpadjp55syzqjhirxwx,nekrophoto.bsky.social,Nekromantik Photography & Art,278,151,100,2026-03-28T21:07:32Z
afc6e535d04a41298a98e49e70262f58,unauth_enUS,did:plc:6fq5myo4ty75tpyqcxuxha4n,holmesphoto.bsky.social,Adrian Holmes,1693,84,226,2026-03-28T21:07:32Z
afc6e535d04a41298a98e49e70262f58,unauth_enUS,did:plc:ua52k3fupcrencg7amduiocm,movipal.bsky.social,MoviPal,7,72,1,2026-03-28T21:07:32Z
afc6e535d04a41298a98e49e70262f58,unauth_enUS,did:plc:mpfznpuzyhr7lxhskc63g5sv,yames.bsky.social,yames ,3545,115,24,2026-03-28T21:07:32Z
afc6e535d04a41298a98e49e70262f58,unauth_enUS,did:plc:bbxkplgzdgyzijw2peefydfb,kimmeijer.bsky.social,Kimberley Meijer,496,561,241,2026-03-28T21:07:32Z
afc6e535d04a41298a98e49e70262f58,unauth_enUS,did:plc:tqoa7f3nym5nhxv3s7cbd6ar,rsj1032.bsky.social,Renée St-Jacques,1449,2211,2684,2026-03-28T21:07:32Z
afc6e535d04a41298a98e49e70262f58,unauth_enUS,did:plc:yp6zeums4kcitsa2g23mxmmu,hoodlumrake.bsky.social,rake,196,626,254,2026-03-28T21:07:32Z
afc6e535d04a41298a98e49e70262f58,unauth_enUS,did:plc:w64mbzoqbjfxfnwargkemw2g,dantejackal.bsky.social,DanteJackal,1480,64,123,2026-03-28T21:07:32Z
afc6e535d04a41298a98e49e70262f58,unauth_enUS,did:plc:hyqkbj4ckr4pkkutqulmavhh,paleodan.bsky.social,Daniel,322,135,604,2026-03-28T21:07:32Z
afc6e535d04a41298a98e49e70262f58,unauth_enUS,did:plc:mexnoj4iejnrgvsunl4ru4l7,kissune.bsky.social,Kissune,152,585,281,2026-03-28T21:07:32Z
afc6e535d04a41298a98e49e70262f58,unauth_enUS,did:plc:5pvoejsm5jmxp242pph7tks6,skwuck.bsky.social,Skwuck,206,613,96,2026-03-28T21:07:32Z
afc6e535d04a41298a98e49e70262f58,unauth_enUS,did:plc:pn55qwscvyyn62szbzk7e2ae,chakhaxae.bsky.social,Chakha,104,106,142,2026-03-28T21:07:32Z
afc6e535d04a41298a98e49e70262f58,unauth_enUS,did:plc:5ryoa6dwglms4h657kfoafx3,queenastra.bsky.social,Your Queen,247,3,30,2026-03-28T21:07:32Z
afc6e535d04a41298a98e49e70262f58,unauth_enUS,did:plc:lsvvu3czfftyhcf6vljtps4v,hszchan.bsky.social,嶺崎インテーク,3,2,511,2026-03-28T21:07:32Z
afc6e535d04a41298a98e49e70262f58,unauth_enUS,did:plc:7jpb3ottmnteff27cm5fgfkz,pparatone.bsky.social,paratone🥞🎈,50,48,753,2026-03-28T21:07:32Z
afc6e535d04a41298a98e49e70262f58,unauth_enUS,did:plc:2bzdfwwdnps4nvc7qvihcsfj,mapfwd.bsky.social,MapFwd,1,8,1,2026-03-28T21:07:32Z
afc6e535d04a41298a98e49e70262f58,unauth_enUS,did:plc:4mi5kgbpjvoehzcjebdsvqnh,greesyneckbeard.bsky.social,Greasyneckbeard,2,7,6,2026-03-28T21:07:32Z
afc6e535d04a41298a98e49e70262f58,unauth_enUS,did:plc:kcnkisdhvvmqrrd467moe4nf,fleurdrainz.bsky.social,Queen Fleur ୨ৎ,3,0,3,2026-03-28T21:07:32Z
afc6e535d04a41298a98e49e70262f58,unauth_enUS,did:plc:odvg5f5qf2joc7u4wlyed5no,samtheangelfox.bsky.social,Sam the Angel Fox,208,431,158,2026-03-28T21:07:32Z
afc6e535d04a41298a98e49e70262f58,unauth_enUS,did:plc:3blp76gxq2227sdhvqts23qz,taylorjvnell.bsky.social,samantha jones,754,563,737,2026-03-28T21:07:32Z
afc6e535d04a41298a98e49e70262f58,unauth_enUS,did:plc:nwgqvoenjwkvjjwn6o3sapxj,irishscot.bsky.social,Am Bodachan,22,68,17,2026-03-28T21:07:32Z
afc6e535d04a41298a98e49e70262f58,unauth_enUS,did:plc:hwfpr4n5jta2sttkponle2uu,voeggroll.bsky.social,Jason Voegerl,33,34,427,2026-03-28T21:07:32Z
afc6e535d04a41298a98e49e70262f58,unauth_enUS,did:plc:mr2jzjp73u4jlry64koalnu7,queenoftraps.bsky.social,Queen of Traps,47,18,141,2026-03-28T21:07:32Z
afc6e535d04a41298a98e49e70262f58,unauth_enUS,did:plc:jgnvhwpj7qxohlfpq3nv7hdn,vanzilar.bsky.social,Vanzilar,105,36,254,2026-03-28T21:07:32Z
afc6e535d04a41298a98e49e70262f58,unauth_enUS,did:plc:ng2scawze36rlfwspnzq23ch,ambler.blue,DAT | Ambler,129,201,171,2026-03-28T21:07:32Z
afc6e535d04a41298a98e49e70262f58,unauth_enUS,did:plc:63zovbnyszguxst2wr5gvisd,pachamama-susan.bsky.social,"Dr. Susan Clark Muntean, Nickname ""Pacha""",40,27,33,2026-03-28T21:07:32Z
afc6e535d04a41298a98e49e70262f58,unauth_enUS,did:plc:37ojpp46kmkepe36iyiri7qv,heyjudie.bsky.social,,240,66,740,2026-03-28T21:07:32Z
afc6e535d04a41298a98e49e70262f58,unauth_enUS,did:plc:nj26ncu2xzxmy7e7gimmuhmn,beamaccabee.bsky.social,,150,24,734,2026-03-28T21:07:32Z
afc6e535d04a41298a98e49e70262f58,unauth_enUS,did:plc:k5imce27ny2dtkorhzlhwg4n,hundefreund63.bsky.social,,651,986,276,2026-03-28T21:07:32Z
afc6e535d04a41298a98e49e70262f58,unauth_enUS,did:plc:usml4wj7z5dcd3fa6hmrqmed,nunyabiznews.bsky.social,Nunya Business,50,13,7193,2026-03-28T21:07:32Z
afc6e535d04a41298a98e49e70262f58,unauth_enUS,did:plc:qfi7x4pkrfmravllrszzndma,michaeljlewis75.bsky.social,Michael J. Lewis,372,96,618,2026-03-28T21:07:32Z
afc6e535d04a41298a98e49e70262f58,unauth_enUS,did:plc:ehayrsv7k6j675zvf7z65jau,visionephemere.bsky.social,,85,48,149,2026-03-28T21:07:32Z
afc6e535d04a41298a98e49e70262f58,unauth_enUS,did:plc:6vd7uw2jiyavslwugpjk5qfx,sakura0v0w.bsky.social,寡作,7,2,253,2026-03-28T21:07:32Z
afc6e535d04a41298a98e49e70262f58,unauth_enUS,did:plc:4aazrmzvnku2tzdclnxzkt3c,taki8008.bsky.social,타키,310,1859,89,2026-03-28T21:07:32Z
afc6e535d04a41298a98e49e70262f58,unauth_enUS,did:plc:4oe6aht4k2enh6mt37uwk5ac,solivee.bsky.social,Sol,246,319,306,2026-03-28T21:07:32Z
afc6e535d04a41298a98e49e70262f58,unauth_enUS,did:plc:7irox62wzhkz4n5vn6nc2xg4,philodendron369.bsky.social,,1027,3681,37,2026-03-28T21:07:32Z
afc6e535d04a41298a98e49e70262f58,unauth_enUS,did:plc:vjgi5n3zfrr4drkcnyzx4j5b,redd40bunny.bsky.social,Redd40Bunny,6,23,7,2026-03-28T21:07:32Z
afc6e535d04a41298a98e49e70262f58,unauth_enUS,did:plc:ahhzhixk3bm3cc4pjdtucupi,tedevium.bsky.social,Rantingway,96,212,251,2026-03-28T21:07:32Z
afc6e535d04a41298a98e49e70262f58,unauth_enUS,did:plc:ljvp54uyhb4jemwr6i2v4jww,facerekt.bsky.social,"🔞FaceRekt, the Invalid",385,657,437,2026-03-28T21:07:32Z
afc6e535d04a41298a98e49e70262f58,unauth_enUS,did:plc:xacihquqpo5ql3k7il3ujkcv,reavr.bsky.social,//reavr,36,63,48,2026-03-28T21:07:32Z
afc6e535d04a41298a98e49e70262f58,unauth_enUS,did:plc:adrsrz7tsvwdu2ickk2t7ld6,bsvargo.bsky.social,Brian V,139,43,143,2026-03-28T21:07:32Z
afc6e535d04a41298a98e49e70262f58,unauth_enUS,did:plc:zbt37yn6lzizbdrbsr2ga4wm,micr0drag0nite.bsky.social,micr0drag0nite,3,4,1,2026-03-28T21:07:32Z
afc6e535d04a41298a98e49e70262f58,unauth_enUS,did:plc:jedg44ogxay2ni2gzn6nsdra,fake-emo-jace.bsky.social,,28,46,61,2026-03-28T21:07:32Z
afc6e535d04a41298a98e49e70262f58,unauth_enUS,did:plc:ctwdjlgx6qjb6do5eggkzwrq,dancingtulip.bsky.social,Tulip,47,65,138,2026-03-28T21:07:32Z
afc6e535d04a41298a98e49e70262f58,unauth_enUS,did:plc:aewnvbolvz5ndsuep7nnvkae,brine.4d2.social.ap.brid.gy,brine,1,0,2,2026-03-28T21:07:32Z
afc6e535d04a41298a98e49e70262f58,unauth_enUS,did:plc:q5iaghmsujd5qu5b626hjdji,fordtimelord.bsky.social,raymond luxury yacht rock,432,709,1021,2026-03-28T21:07:32Z
afc6e535d04a41298a98e49e70262f58,unauth_enUS,did:plc:4rlkokkvnzkzakx5s5cx6ppv,emirarkman.com,Emir Arkman ➡️ Play Hellkind!,2019,898,300,2026-03-28T21:07:32Z
afc6e535d04a41298a98e49e70262f58,unauth_enUS,did:plc:ftkxc4ft3m2qh2dh72dakvjg,thunderofwade.bsky.social,Thunder of Wade,23,24,691,2026-03-28T21:07:32Z
afc6e535d04a41298a98e49e70262f58,unauth_enUS,did:plc:dw3hw2ka6md3fiexu7rxuwvz,onefinalmessage.com,One Final Message,2,2,13,2026-03-28T21:07:32Z
afc6e535d04a41298a98e49e70262f58,unauth_enUS,did:plc:hireej7eyyjk2qo46ww66ofx,lifeismmm.bsky.social,Life_is_mmm,28,1,21,2026-03-28T21:07:32Z
afc6e535d04a41298a98e49e70262f58,unauth_enUS,did:plc:nqjej4jokjautsbd3lw57sgi,bestmanslayer.bsky.social,Okada Izō,21,13,14,2026-03-28T21:07:32Z
afc6e535d04a41298a98e49e70262f58,unauth_enUS,did:plc:bpqelsni6wpnkmq36pi5gzr7,hayabusazeroz.bsky.social,HayabusaCosplay 🍉,156,264,609,2026-03-28T21:07:32Z
afc6e535d04a41298a98e49e70262f58,unauth_enUS,did:plc:crobg7uytuoffz577hamlmga,jglz15.bsky.social,,358,288,1038,2026-03-28T21:07:32Z
afc6e535d04a41298a98e49e70262f58,unauth_enUS,did:plc:rqgpllcjd2wg2ehtxtbecjgb,hashigoing.bsky.social,箸子,33,32,537,2026-03-28T21:07:32Z
afc6e535d04a41298a98e49e70262f58,unauth_enUS,did:plc:sacdzvm5gskbfo7sbxogfg2w,semoore2005.bsky.social,Stephen Moore,92,196,85,2026-03-28T21:07:32Z
afc6e535d04a41298a98e49e70262f58,unauth_enUS,did:plc:mbgitieh5iskyafzgv6lxyak,karasuhagne.bsky.social,鴉鋼,50,72,400,2026-03-28T21:07:32Z
afc6e535d04a41298a98e49e70262f58,unauth_enUS,did:plc:av7jewbuivdsalehavhn5nfy,kodiak21.bsky.social,Kodiak,204,576,164,2026-03-28T21:07:32Z
afc6e535d04a41298a98e49e70262f58,unauth_enUS,did:plc:tyaiivrcqpvbpwj3triyvjuh,subtoprecords.bsky.social,Eric Neil,2985,579,150,2026-03-28T21:07:32Z
afc6e535d04a41298a98e49e70262f58,unauth_enUS,did:plc:khwrhljgpn5fdspqkvaialux,joytheboi.bsky.social,JoyTheBoi | COMMS OPEN!,236,1444,276,2026-03-28T21:07:32Z
afc6e535d04a41298a98e49e70262f58,unauth_enUS,did:plc:ji7fcludoz746mdy3zt24tai,nyowdypartner.bsky.social,Nyowdy Partner,100,134,60,2026-03-28T21:07:32Z
afc6e535d04a41298a98e49e70262f58,unauth_enUS,did:plc:hdzlvr6yfhrgnh2fhggtqmd2,haisterisk.bsky.social,はいね*,11,1,2,2026-03-28T21:07:32Z
afc6e535d04a41298a98e49e70262f58,unauth_enUS,did:plc:iawtgbxwpew5hzvpmfytvcln,gimble.bsky.social,Gimble!,929,856,1118,2026-03-28T21:07:32Z
afc6e535d04a41298a98e49e70262f58,unauth_enUS,did:plc:wh3hdfwldioeld2eoyzbiqfh,axshy.bsky.social,axshy.bsky.social,2,2,14,2026-03-28T21:07:32Z
afc6e535d04a41298a98e49e70262f58,unauth_enUS,did:plc:vpypkzfew76jldxapjq6dofn,hary43.bsky.social,,1,3,1,2026-03-28T21:07:32Z
afc6e535d04a41298a98e49e70262f58,unauth_enUS,did:plc:2ghxbne2q4rjpicb2igurg67,one0nine.bsky.social,Medium Historian At Large,783,386,2384,2026-03-28T21:07:32Z
afc6e535d04a41298a98e49e70262f58,unauth_enUS,did:plc:wbdbat7pha3irxyqvpgtnp4x,soupmanofcolorado.bsky.social,,188,130,295,2026-03-28T21:07:32Z
afc6e535d04a41298a98e49e70262f58,unauth_enUS,did:plc:76ra7lzgrsl56wqlhtbc3z6d,gibbinso.bsky.social,Gibbering Insomniac ✨,0,13,4,2026-03-28T21:07:32Z
afc6e535d04a41298a98e49e70262f58,unauth_enUS,did:plc:miuprzcubkzgrhmhgqcjjk25,icekler.com,Icekler - Claire Puppylove's Art,186,569,93,2026-03-28T21:07:32Z
afc6e535d04a41298a98e49e70262f58,unauth_enUS,did:plc:tf7j3sq3n3mqao4tddpsxqcd,animatedlily.bsky.social,Animated Lily,90,63,30,2026-03-28T21:07:32Z
afc6e535d04a41298a98e49e70262f58,unauth_enUS,did:plc:oh5rgufdlxebecaarasgw3cn,jonnystrange.bsky.social,Jonny Strange,30,40,20,2026-03-28T21:07:32Z
afc6e535d04a41298a98e49e70262f58,unauth_enUS,did:plc:wye3hhpc4zmdojat54zona2y,minttaffee.bsky.social,Minttaffee,69,326,35,2026-03-28T21:07:32Z
afc6e535d04a41298a98e49e70262f58,unauth_enUS,did:plc:fuyjawhozmertmdvsaftnvkk,hexopus.bsky.social,Hexopus 🐙,25,55,34,2026-03-28T21:07:32Z
afc6e535d04a41298a98e49e70262f58,unauth_enUS,did:plc:6sxmh7aclgxx3sirjurq2isu,foriya.bsky.social,Foriya,71,58,110,2026-03-28T21:07:32Z
afc6e535d04a41298a98e49e70262f58,unauth_enUS,did:plc:llsvqt3znrrfiy2lj6iisu3n,dac-nj.bsky.social,,48,47,307,2026-03-28T21:07:32Z
afc6e535d04a41298a98e49e70262f58,unauth_enUS,did:plc:l7wfrhsq2uag2urm4h7sm5za,floriamail.bsky.social,De elesheuer,4,1,10,2026-03-28T21:07:32Z
afc6e535d04a41298a98e49e70262f58,unauth_enUS,did:plc:w3cfhabkg2eom4o4mwia46zz,sofia00582.bsky.social,Sofia  Carter,3,3,9,2026-03-28T21:07:32Z
afc6e535d04a41298a98e49e70262f58,unauth_enUS,did:plc:jzy35kp63pg22h6i3glwimtf,familinmail.bsky.social,etolo,4,1,10,2026-03-28T21:07:32Z
afc6e535d04a41298a98e49e70262f58,unauth_enUS,did:plc:7f42y5y4kw6hcxoxghaqbrir,ichinosenatsu.bsky.social,一ノ瀬夏,0,5,1,2026-03-28T21:07:32Z
afc6e535d04a41298a98e49e70262f58,unauth_enUS,did:plc:vgjroyhzhn4gjzuioddigbox,langtheart.bsky.social,🌈狼/lang🌈🏳️‍🌈🏳️‍⚧️🇺🇦,645,659,1722,2026-03-28T21:07:32Z
afc6e535d04a41298a98e49e70262f58,unauth_enUS,did:plc:orqmvrzviy2kf4ddzqtixrba,colddream.bsky.social,,6,20,5,2026-03-28T21:07:32Z
afc6e535d04a41298a98e49e70262f58,unauth_enUS,did:plc:oxrf5dvsy2ommkcm6yluv4oy,wet777853.bsky.social,莫哈莫呢,40,47,5,2026-03-28T21:07:32Z
afc6e535d04a41298a98e49e70262f58,unauth_enUS,did:plc:qpupz27ski3wdwbaqt6mlbn5,blogenfaseterminal.bsky.social,Blog EnFaseTerminal,6,1,78,2026-03-28T21:07:32Z
afc6e535d04a41298a98e49e70262f58,unauth_enUS,did:plc:hhlti5wl6n36zrwbl7tm5ust,nagatoast.bsky.social,NagaToast,757,523,110,2026-03-28T21:07:32Z
afc6e535d04a41298a98e49e70262f58,unauth_enUS,did:plc:rrhdlnfj6zmn4w6m4335j4v5,gsabrinus.bsky.social,Michael J. Cramer,41,33,124,2026-03-28T21:07:32Z
afc6e535d04a41298a98e49e70262f58,unauth_enUS,did:plc:cbyfwrnp47bijlypneyoa4n2,justinwabs.bsky.social,Justin wabs ,58,33,7,2026-03-28T21:07:32Z
afc6e535d04a41298a98e49e70262f58,unauth_enUS,did:plc:vzwjvefxr2i7b7ll2ptx2hdo,rosejlab.bsky.social,Rose,418,306,322,2026-03-28T21:07:32Z
afc6e535d04a41298a98e49e70262f58,unauth_enUS,did:plc:muhyxmimpxrd64zxso67zz6q,cartridgeconverter.bsky.social,Lark,1110,636,4640,2026-03-28T21:07:32Z
afc6e535d04a41298a98e49e70262f58,unauth_enUS,did:plc:wr6io57mnbyqvzdaky24txjq,driven2write.bsky.social,My Father’s Daughter,82,411,163,2026-03-28T21:07:32Z
afc6e535d04a41298a98e49e70262f58,unauth_enUS,did:plc:klbwm3t5soser5bux6phhals,thatguy30.bsky.social,,708,1058,805,2026-03-28T21:07:32Z
afc6e535d04a41298a98e49e70262f58,unauth_enUS,did:plc:gqstoeqf53nduvt3wcmfq2jk,geoffegan.bsky.social,Geoff Egan,5,37,3,2026-03-28T21:07:32Z
afc6e535d04a41298a98e49e70262f58,unauth_enUS,did:plc:qktr5zr4qscfnpewmtgvabvq,chicory1205.bsky.social,Mark Lambert,838,744,31,2026-03-28T21:07:32Z
afc6e535d04a41298a98e49e70262f58,unauth_enUS,did:plc:5tk7ts3bekx25lumb5rxeovm,pterouras.bsky.social,🦋 Roura 🦋,200,313,343,2026-03-28T21:07:32Z
afc6e535d04a41298a98e49e70262f58,unauth_enUS,did:plc:umvfpz5npa44nv4m7zqg63bx,sarahmgilman.bsky.social,Sarah Gilman,2848,1596,194,2026-03-28T21:07:32Z
