feed_uri,bucket,unauth_skip,built_at_utc,panel_version_id
at://did:plc:z72i7hdynmk6r22z27h6tvur/app.bsky.feed.generator/whats-hot,suggested_labelerexp,0,2026-03-02T17:11:00Z,2026-03-02
at://did:plc:z72i7hdynmk6r22z27h6tvur/app.bsky.feed.generator/with-friends,suggested_labelerexp,1,2026-03-02T17:11:00Z,2026-03-02
at://did:plc:tenurhgjptubkk5zf5qhi3og/app.bsky.feed.generator/mutuals,suggested_labelerexp,1,2026-03-02T17:11:00Z,2026-03-02
at://did:plc:jfhpnnst6flqway4eaeqzj2a/app.bsky.feed.generator/for-science,suggested_labelerexp,0,2026-03-02T17:11:00Z,2026-03-02
at://did:plc:y7crv2yh74s7qhmtx3mvbgv5/app.bsky.feed.generator/art-new,suggested_labelerexp,0,2026-03-02T17:11:00Z,2026-03-02
at://did:plc:kkf4naxqmweop7dv4l2iqqf5/app.bsky.feed.generator/verified-news,suggested_labelerexp,0,2026-03-02T17:11:00Z,2026-03-02
at://did:plc:w4xbfzo7kqfes5zb7r6qv3rw/app.bsky.feed.generator/blacksky,suggested_labelerexp,0,2026-03-02T17:11:00Z,2026-03-02
at://did:plc:3guzzweuqraryl3rdkimjamk/app.bsky.feed.generator/for-you,suggested_labelerexp,1,2026-03-02T17:11:00Z,2026-03-02
at://did:plc:z72i7hdynmk6r22z27h6tvur/app.bsky.feed.generator/hot-classic,suggested_labelerexp,0,2026-03-02T17:11:00Z,2026-03-02
at://did:plc:7ba7lz54yll7pxslxv47ejws/app.bsky.feed.generator/aaandc3wz3wfa,suggested_labelerexp,0,2026-03-02T17:11:00Z,2026-03-02
at://did:plc:5rw2on4i56btlcajojaxwcat/app.bsky.feed.generator/aaao6g552b33o,suggested_labelerexp,0,2026-03-02T17:11:00Z,2026-03-02
at://did:plc:ffkgesg3jsv2j7aagkzrtcvt/app.bsky.feed.generator/aaagllxbcbsje,suggested_labelerexp,0,2026-03-02T17:11:00Z,2026-03-02
at://did:plc:geoqe3qls5mwezckxxsewys2/app.bsky.feed.generator/aaabrbjcg4hmk,suggested_labelerexp,0,2026-03-02T17:11:00Z,2026-03-02
at://did:plc:4jrld6fwpnwqehtce56qshzv/app.bsky.feed.generator/game-dev,suggested_labelerexp,0,2026-03-02T17:11:00Z,2026-03-02
at://did:plc:jcoy7v3a2t4rcfdh6i4kza25/app.bsky.feed.generator/astro,suggested_labelerexp,0,2026-03-02T17:11:00Z,2026-03-02
at://did:plc:tenurhgjptubkk5zf5qhi3og/app.bsky.feed.generator/only-posts,suggested_labelerexp,1,2026-03-02T17:11:00Z,2026-03-02
at://did:plc:jdkvwye2lf4mingzk7qdebzc/app.bsky.feed.generator/furry-hot,suggested_labelerexp,0,2026-03-02T17:11:00Z,2026-03-02
at://did:plc:2hwwem55ce6djnk6bn62cstr/app.bsky.feed.generator/aaaotdzmoni2q,suggested_labelerexp,0,2026-03-02T17:11:00Z,2026-03-02
at://did:plc:z72i7hdynmk6r22z27h6tvur/app.bsky.feed.generator/bsky-team,suggested_labelerexp,0,2026-03-02T17:11:00Z,2026-03-02
at://did:plc:3sn6bogankaicebzdb7liro3/app.bsky.feed.generator/aaacjnrpfqxqg,suggested_labelerexp,0,2026-03-02T17:11:00Z,2026-03-02
at://did:plc:dvgliotey33vix3wlltybgkd/app.bsky.feed.generator/all,suggested_labelerexp,0,2026-03-02T17:11:00Z,2026-03-02
at://did:plc:wzsilnxf24ehtmmc3gssy5bu/app.bsky.feed.generator/mentions,suggested_labelerexp,1,2026-03-02T17:11:00Z,2026-03-02
at://did:plc:odqmsar3ikz5ubokya4sempk/app.bsky.feed.generator/aaabfn4o34jdi,suggested_labelerexp,0,2026-03-02T17:11:00Z,2026-03-02
at://did:plc:dvgliotey33vix3wlltybgkd/app.bsky.feed.generator/ukrainian-view,suggested_labelerexp,0,2026-03-02T17:11:00Z,2026-03-02
at://did:plc:66lbtw2porscqpmair6mir37/app.bsky.feed.generator/aaabkznpn5x2g,suggested_labelerexp,0,2026-03-02T17:11:00Z,2026-03-02
at://did:plc:z72i7hdynmk6r22z27h6tvur/app.bsky.feed.generator/mutuals,suggested_labelerexp,1,2026-03-02T17:11:00Z,2026-03-02
at://did:plc:lptjvw6ut224kwrj7ub3sqbe/app.bsky.feed.generator/aaaotfjzjplna,suggested_labelerexp,0,2026-03-02T17:11:00Z,2026-03-02
at://did:plc:vc7f4oafdgxsihk4cry2xpze/app.bsky.feed.generator/media,suggested_labelerexp,0,2026-03-02T17:11:00Z,2026-03-02
at://did:plc:vpkhqolt662uhesyj6nxm7ys/app.bsky.feed.generator/followpics,suggested_labelerexp,1,2026-03-02T17:11:00Z,2026-03-02
at://did:plc:qinqxdwwxgme6r4lgmkry5qu/app.bsky.feed.generator/spanish,suggested_labelerexp,0,2026-03-02T17:11:00Z,2026-03-02
at://did:plc:jdkvwye2lf4mingzk7qdebzc/app.bsky.feed.generator/art-clean,suggested_labelerexp,0,2026-03-02T17:11:00Z,2026-03-02
at://did:plc:q6gjnaw2blty4crticxkmujt/app.bsky.feed.generator/cl-tqsp,suggested_labelerexp,0,2026-03-02T17:11:00Z,2026-03-02
at://did:plc:6brknehpd7ecbvd56ko6mhlm/app.bsky.feed.generator/aaaby3zazwhrq,suggested_labelerexp,0,2026-03-02T17:11:00Z,2026-03-02
at://did:plc:wzsilnxf24ehtmmc3gssy5bu/app.bsky.feed.generator/newskies,suggested_labelerexp,0,2026-03-02T17:11:00Z,2026-03-02
at://did:plc:4jb3re5tvklsvhuc3lkerj5q/app.bsky.feed.generator/aaak6p5s2f3cu,suggested_labelerexp,0,2026-03-02T17:11:00Z,2026-03-02
at://did:plc:tenurhgjptubkk5zf5qhi3og/app.bsky.feed.generator/discover,suggested_labelerexp,1,2026-03-02T17:11:00Z,2026-03-02
at://did:plc:qgy7vt74xmouisyslwm3fgfj/app.bsky.feed.generator/aaaapknzigxfi,suggested_labelerexp,0,2026-03-02T17:11:00Z,2026-03-02
at://did:plc:geoqe3qls5mwezckxxsewys2/app.bsky.feed.generator/aaai43yetqshu,suggested_labelerexp,0,2026-03-02T17:11:00Z,2026-03-02
at://did:plc:2qlbivzvdt6hp6dwrd2sx4sf/app.bsky.feed.generator/aaaemkt7ysfq4,suggested_labelerexp,0,2026-03-02T17:11:00Z,2026-03-02
at://did:plc:odqmsar3ikz5ubokya4sempk/app.bsky.feed.generator/aaabhy3bowhbo,suggested_labelerexp,0,2026-03-02T17:11:00Z,2026-03-02
at://did:plc:4vjdrhro4bxoawbyjgixesij/app.bsky.feed.generator/aaadepeaxdboc,suggested_labelerexp,0,2026-03-02T17:11:00Z,2026-03-02
at://did:plc:lcytlkvzs3wslcgbk7i3ygak/app.bsky.feed.generator/aaaezvwrdjuoy,suggested_labelerexp,0,2026-03-02T17:11:00Z,2026-03-02
at://did:plc:vjyot2w7zeomrslomwpfxirl/app.bsky.feed.generator/aaajjrj657mnm,suggested_labelerexp,0,2026-03-02T17:11:00Z,2026-03-02
at://did:plc:vpkhqolt662uhesyj6nxm7ys/app.bsky.feed.generator/bestoffollows,suggested_labelerexp,1,2026-03-02T17:11:00Z,2026-03-02
at://did:plc:cxuzwp5dzmxkrdr55qh25mgb/app.bsky.feed.generator/aaap2eo4gzzes,suggested_labelerexp,0,2026-03-02T17:11:00Z,2026-03-02
at://did:plc:3sn6bogankaicebzdb7liro3/app.bsky.feed.generator/aaaclmwsj24p6,suggested_labelerexp,0,2026-03-02T17:11:00Z,2026-03-02
at://did:plc:7dl6s4wfcygfxzxok46z5gtu/app.bsky.feed.generator/aaaiyn75rk3wy,suggested_labelerexp,0,2026-03-02T17:11:00Z,2026-03-02
at://did:plc:2gx2noukxzwmj6dkxbmh3qt5/app.bsky.feed.generator/aaahcxau33dt4,suggested_labelerexp,0,2026-03-02T17:11:00Z,2026-03-02
at://did:plc:cgl62jlhroosxyjkaffidnon/app.bsky.feed.generator/aaae4nczs635m,suggested_labelerexp,0,2026-03-02T17:11:00Z,2026-03-02
at://did:plc:ffkgesg3jsv2j7aagkzrtcvt/app.bsky.feed.generator/aaacjerk7gwek,suggested_labelerexp,0,2026-03-02T17:11:00Z,2026-03-02
at://did:plc:qv5qyhnfl53lunglnrd6axpd/app.bsky.feed.generator/aaaisd7dl67ks,suggested_labelerexp,0,2026-03-02T17:11:00Z,2026-03-02
at://did:plc:qywyjbhivdo4b333ilkf2zsh/app.bsky.feed.generator/aaadbjz6gsg6c,suggested_labelerexp,0,2026-03-02T17:11:00Z,2026-03-02
at://did:plc:l72uci4styb4jucsgcrrj5ap/app.bsky.feed.generator/aaae7jzakjhkm,suggested_labelerexp,0,2026-03-02T17:11:00Z,2026-03-02
at://did:plc:abv47bjgzjgoh3yrygwoi36x/app.bsky.feed.generator/aaai4f7awwzkc,suggested_labelerexp,0,2026-03-02T17:11:00Z,2026-03-02
at://did:plc:bkneatxfwesdeyyzq66svhio/app.bsky.feed.generator/aaaejyv5hzbfu,suggested_labelerexp,0,2026-03-02T17:11:00Z,2026-03-02
at://did:plc:vwzwgnygau7ed7b7wt5ux7y2/app.bsky.feed.generator/teams,suggested_labelerexp,0,2026-03-02T17:11:00Z,2026-03-02
at://did:plc:qq4q5nsxhl4m7gmvnf7mdgek/app.bsky.feed.generator/aaae55kaqvsla,suggested_labelerexp,0,2026-03-02T17:11:00Z,2026-03-02
at://did:plc:nylio5rpw7u3wtven3vcriam/app.bsky.feed.generator/aaai4amp77qp6,suggested_labelerexp,0,2026-03-02T17:11:00Z,2026-03-02
at://did:plc:vpkhqolt662uhesyj6nxm7ys/app.bsky.feed.generator/infreq,suggested_labelerexp,1,2026-03-02T17:11:00Z,2026-03-02
at://did:plc:v336bgjhyj5suvc6ds5vkckg/app.bsky.feed.generator/aaabygc4ng36o,suggested_labelerexp,0,2026-03-02T17:11:00Z,2026-03-02
at://did:plc:hf7ezrajxadu7v3tzcyij424/app.bsky.feed.generator/aaap7dpu57ve6,suggested_labelerexp,0,2026-03-02T17:11:00Z,2026-03-02
at://did:plc:hsqwcidfez66lwm3gxhfv5in/app.bsky.feed.generator/aaaf2pqeodmpy,suggested_labelerexp,0,2026-03-02T17:11:00Z,2026-03-02
at://did:plc:tazrmeme4dzahimsykusrwrk/app.bsky.feed.generator/anime-en-new,suggested_labelerexp,0,2026-03-02T17:11:00Z,2026-03-02
at://did:plc:yw3qqfa7hrhmwbc6wyrq5u7f/app.bsky.feed.generator/aaabqfmu2zuck,suggested_labelerexp,0,2026-03-02T17:11:00Z,2026-03-02
at://did:plc:4jb3re5tvklsvhuc3lkerj5q/app.bsky.feed.generator/aaajji2bluzi2,suggested_labelerexp,0,2026-03-02T17:11:00Z,2026-03-02
at://did:plc:abv47bjgzjgoh3yrygwoi36x/app.bsky.feed.generator/aaagt6amuur5e,suggested_labelerexp,0,2026-03-02T17:11:00Z,2026-03-02
at://did:plc:mziptt6o2ngf4scj7jiwacde/app.bsky.feed.generator/UKPolitics,suggested_labelerexp,0,2026-03-02T17:11:00Z,2026-03-02
at://did:plc:stu4unkwieyt5suhyfl6u5e4/app.bsky.feed.generator/aaacjvrirvq2w,suggested_labelerexp,0,2026-03-02T17:11:00Z,2026-03-02
at://did:plc:kogkquurpi7vd6ck2tndcoog/app.bsky.feed.generator/aaahe25fq3iao,suggested_labelerexp,0,2026-03-02T17:11:00Z,2026-03-02
at://did:plc:gyegckbmyj7r4vih65j7s5sf/app.bsky.feed.generator/aaace7qaoxhye,suggested_labelerexp,0,2026-03-02T17:11:00Z,2026-03-02
at://did:plc:z72i7hdynmk6r22z27h6tvur/app.bsky.feed.generator/best-of-follows,suggested_labelerexp,1,2026-03-02T17:11:00Z,2026-03-02
at://did:plc:gwk23pspkzx7ifoxvqvuab5q/app.bsky.feed.generator/aaakgoc6mcrr2,suggested_labelerexp,0,2026-03-02T17:11:00Z,2026-03-02
at://did:plc:dvgliotey33vix3wlltybgkd/app.bsky.feed.generator/art,suggested_labelerexp,0,2026-03-02T17:11:00Z,2026-03-02
at://did:plc:oqbijttmayqui2xv3e2xwcdz/app.bsky.feed.generator/aaaa4qsi2gfhk,suggested_labelerexp,0,2026-03-02T17:11:00Z,2026-03-02
at://did:plc:ffkgesg3jsv2j7aagkzrtcvt/app.bsky.feed.generator/aaaiq5xkfj2ec,suggested_labelerexp,0,2026-03-02T17:11:00Z,2026-03-02
at://did:plc:odqmsar3ikz5ubokya4sempk/app.bsky.feed.generator/aaahudddd6mww,suggested_labelerexp,0,2026-03-02T17:11:00Z,2026-03-02
at://did:plc:jvrpllofboqntf5oz23ozuyp/app.bsky.feed.generator/aaabjki7ewirq,suggested_labelerexp,0,2026-03-02T17:11:00Z,2026-03-02
at://did:plc:nmm26ltnxjx4oskwzdue4xvq/app.bsky.feed.generator/aaacoviie4ygo,suggested_labelerexp,0,2026-03-02T17:11:00Z,2026-03-02
at://did:plc:vjyot2w7zeomrslomwpfxirl/app.bsky.feed.generator/aaabucto6sdf6,suggested_labelerexp,0,2026-03-02T17:11:00Z,2026-03-02
at://did:plc:3s2iaaxxqnyesuu3np56uv7y/app.bsky.feed.generator/aaaayx36jxs56,suggested_labelerexp,0,2026-03-02T17:11:00Z,2026-03-02
at://did:plc:gkvpokm7ec5j5yxls6xk4e3z/app.bsky.feed.generator/formula-one,suggested_labelerexp,0,2026-03-02T17:11:00Z,2026-03-02
at://did:plc:6qswqt6prj5ch3jwjyqedexs/app.bsky.feed.generator/aaafcf5orer4q,suggested_labelerexp,0,2026-03-02T17:11:00Z,2026-03-02
at://did:plc:lelg6d2guxp3nvcnx7d52ejt/app.bsky.feed.generator/aaal6xtmxbqxa,suggested_labelerexp,0,2026-03-02T17:11:00Z,2026-03-02
at://did:plc:nkahctfdi6bxk72umytfwghw/app.bsky.feed.generator/aaad2q353alqm,suggested_labelerexp,0,2026-03-02T17:11:00Z,2026-03-02
at://did:plc:geoqe3qls5mwezckxxsewys2/app.bsky.feed.generator/aaabqvnkaktho,suggested_labelerexp,0,2026-03-02T17:11:00Z,2026-03-02
at://did:plc:ojisdwhv5b7tzitkipo3yx3f/app.bsky.feed.generator/aaao3rw3oxwku,suggested_labelerexp,0,2026-03-02T17:11:00Z,2026-03-02
at://did:plc:geoqe3qls5mwezckxxsewys2/app.bsky.feed.generator/aaab4fazlcktw,suggested_labelerexp,0,2026-03-02T17:11:00Z,2026-03-02
at://did:plc:odqmsar3ikz5ubokya4sempk/app.bsky.feed.generator/aaahvpkfdo5qo,suggested_labelerexp,0,2026-03-02T17:11:00Z,2026-03-02
at://did:plc:dvgliotey33vix3wlltybgkd/app.bsky.feed.generator/all-plus,suggested_labelerexp,0,2026-03-02T17:11:00Z,2026-03-02
at://did:plc:l72uci4styb4jucsgcrrj5ap/app.bsky.feed.generator/aaaaelwiya4c6,suggested_labelerexp,0,2026-03-02T17:11:00Z,2026-03-02
at://did:plc:gpklcf7ek667c2vpjzb6bc5p/app.bsky.feed.generator/aaair4y7siwjo,suggested_labelerexp,0,2026-03-02T17:11:00Z,2026-03-02
at://did:plc:tenurhgjptubkk5zf5qhi3og/app.bsky.feed.generator/catch-up,suggested_labelerexp,0,2026-03-02T17:11:00Z,2026-03-02
at://did:plc:oenp7isehvr65elhknbdju2b/app.bsky.feed.generator/aaapasapcjrnw,suggested_labelerexp,0,2026-03-02T17:11:00Z,2026-03-02
at://did:plc:j67kyop65wunuspksudapktg/app.bsky.feed.generator/aaaoukweis36o,suggested_labelerexp,0,2026-03-02T17:11:00Z,2026-03-02
at://did:plc:dkh643asru53huyrgpjmobgl/app.bsky.feed.generator/aaacg5ovpq3w6,suggested_labelerexp,0,2026-03-02T17:11:00Z,2026-03-02
at://did:plc:odqmsar3ikz5ubokya4sempk/app.bsky.feed.generator/aaahu6g4bonog,suggested_labelerexp,0,2026-03-02T17:11:00Z,2026-03-02
at://did:plc:vpkhqolt662uhesyj6nxm7ys/app.bsky.feed.generator/followlikes,suggested_labelerexp,1,2026-03-02T17:11:00Z,2026-03-02
at://did:plc:tenurhgjptubkk5zf5qhi3og/app.bsky.feed.generator/h-nba,suggested_labelerexp,0,2026-03-02T17:11:00Z,2026-03-02
at://did:plc:psjek76mfcjrfi7a3qu6cxlw/app.bsky.feed.generator/aaabxrboy7uvw,suggested_labelerexp,0,2026-03-02T17:11:00Z,2026-03-02
at://did:plc:jzuirp2oahpmr7keujggosnm/app.bsky.feed.generator/aaamchzapws5y,suggested_labelerexp,0,2026-03-02T17:11:00Z,2026-03-02
at://did:plc:cgl62jlhroosxyjkaffidnon/app.bsky.feed.generator/aaaiilkz7knte,suggested_labelerexp,0,2026-03-02T17:11:00Z,2026-03-02
at://did:plc:geoqe3qls5mwezckxxsewys2/app.bsky.feed.generator/aaabzkbkftnmu,suggested_labelerexp,0,2026-03-02T17:11:00Z,2026-03-02
at://did:plc:65yo7ynzcyp4kpwsienyukrz/app.bsky.feed.generator/aaadfjfgt73ls,suggested_labelerexp,0,2026-03-02T17:11:00Z,2026-03-02
at://did:plc:lpl45lei6abqpvmet5htdbtb/app.bsky.feed.generator/aaakc72k5sgcs,suggested_labelerexp,0,2026-03-02T17:11:00Z,2026-03-02
at://did:plc:7tessqxe6pssegenvcehnu6t/app.bsky.feed.generator/aaapo66fyrrga,suggested_labelerexp,0,2026-03-02T17:11:00Z,2026-03-02
at://did:plc:cndfx4udwgvpjaakvxvh7wm5/app.bsky.feed.generator/flipboard-tech,suggested_labelerexp,1,2026-03-02T17:11:00Z,2026-03-02
at://did:plc:p2hhevq3w2kxgw3csyailya3/app.bsky.feed.generator/aaafrn54usbj6,suggested_labelerexp,0,2026-03-02T17:11:00Z,2026-03-02
at://did:plc:tenurhgjptubkk5zf5qhi3og/app.bsky.feed.generator/re-plus-posts,suggested_labelerexp,1,2026-03-02T17:11:00Z,2026-03-02
at://did:plc:l72uci4styb4jucsgcrrj5ap/app.bsky.feed.generator/aaao5dzfm36u4,suggested_labelerexp,0,2026-03-02T17:11:00Z,2026-03-02
at://did:plc:lyvh35oonxn4rkcdx7wsph4q/app.bsky.feed.generator/aaamsaqurkzls,suggested_labelerexp,0,2026-03-02T17:11:00Z,2026-03-02
at://did:plc:x3cya3wkt4n6u4ihmvpsc5if/app.bsky.feed.generator/aaacynbxwimok,suggested_labelerexp,0,2026-03-02T17:11:00Z,2026-03-02
at://did:plc:mlq4aycufcuolr7ax6sezpc4/app.bsky.feed.generator/aaad2auzj4ana,suggested_labelerexp,0,2026-03-02T17:11:00Z,2026-03-02
at://did:plc:3yre25vmyrxl5ukvds223gha/app.bsky.feed.generator/aaacxwl2iuuj6,suggested_labelerexp,0,2026-03-02T17:11:00Z,2026-03-02
at://did:plc:dltmiiweocm22l656iffwn5a/app.bsky.feed.generator/aaagnt6bwkkb2,suggested_labelerexp,0,2026-03-02T17:11:00Z,2026-03-02
at://did:plc:lyrmsmhhg7vzz4ghj44y5xzq/app.bsky.feed.generator/52e908b2f435,suggested_labelerexp,0,2026-03-02T17:11:00Z,2026-03-02
at://did:plc:7opjnfmb6gtbgjrsr3777ujx/app.bsky.feed.generator/aaagz4bmp5o3c,suggested_labelerexp,0,2026-03-02T17:11:00Z,2026-03-02
at://did:plc:56fa7nq34sp444dlr5a7tqmu/app.bsky.feed.generator/aaacylrsrrkji,suggested_labelerexp,0,2026-03-02T17:11:00Z,2026-03-02
at://did:plc:geoqe3qls5mwezckxxsewys2/app.bsky.feed.generator/aaabzr2vqbaag,suggested_labelerexp,0,2026-03-02T17:11:00Z,2026-03-02
