feed_uri,popularity_rank,collected_at_utc
at://did:plc:z72i7hdynmk6r22z27h6tvur/app.bsky.feed.generator/whats-hot,1,2026-02-06T00:17:52Z
at://did:plc:z72i7hdynmk6r22z27h6tvur/app.bsky.feed.generator/with-friends,2,2026-02-06T00:17:52Z
at://did:plc:tenurhgjptubkk5zf5qhi3og/app.bsky.feed.generator/mutuals,3,2026-02-06T00:17:52Z
at://did:plc:jfhpnnst6flqway4eaeqzj2a/app.bsky.feed.generator/for-science,4,2026-02-06T00:17:52Z
at://did:plc:y7crv2yh74s7qhmtx3mvbgv5/app.bsky.feed.generator/art-new,5,2026-02-06T00:17:52Z
at://did:plc:kkf4naxqmweop7dv4l2iqqf5/app.bsky.feed.generator/verified-news,6,2026-02-06T00:17:52Z
at://did:plc:w4xbfzo7kqfes5zb7r6qv3rw/app.bsky.feed.generator/blacksky,7,2026-02-06T00:17:52Z
at://did:plc:3guzzweuqraryl3rdkimjamk/app.bsky.feed.generator/for-you,8,2026-02-06T00:17:52Z
at://did:plc:z72i7hdynmk6r22z27h6tvur/app.bsky.feed.generator/hot-classic,9,2026-02-06T00:17:52Z
at://did:plc:7ba7lz54yll7pxslxv47ejws/app.bsky.feed.generator/aaandc3wz3wfa,10,2026-02-06T00:17:52Z
at://did:plc:5rw2on4i56btlcajojaxwcat/app.bsky.feed.generator/aaao6g552b33o,11,2026-02-06T00:17:52Z
at://did:plc:ffkgesg3jsv2j7aagkzrtcvt/app.bsky.feed.generator/aaagllxbcbsje,12,2026-02-06T00:17:52Z
at://did:plc:geoqe3qls5mwezckxxsewys2/app.bsky.feed.generator/aaabrbjcg4hmk,13,2026-02-06T00:17:52Z
at://did:plc:4jrld6fwpnwqehtce56qshzv/app.bsky.feed.generator/game-dev,14,2026-02-06T00:17:52Z
at://did:plc:jcoy7v3a2t4rcfdh6i4kza25/app.bsky.feed.generator/astro,15,2026-02-06T00:17:52Z
at://did:plc:tenurhgjptubkk5zf5qhi3og/app.bsky.feed.generator/only-posts,16,2026-02-06T00:17:52Z
at://did:plc:jdkvwye2lf4mingzk7qdebzc/app.bsky.feed.generator/furry-hot,17,2026-02-06T00:17:52Z
at://did:plc:2hwwem55ce6djnk6bn62cstr/app.bsky.feed.generator/aaaotdzmoni2q,18,2026-02-06T00:17:52Z
at://did:plc:z72i7hdynmk6r22z27h6tvur/app.bsky.feed.generator/bsky-team,19,2026-02-06T00:17:52Z
at://did:plc:3sn6bogankaicebzdb7liro3/app.bsky.feed.generator/aaacjnrpfqxqg,20,2026-02-06T00:17:52Z
at://did:plc:dvgliotey33vix3wlltybgkd/app.bsky.feed.generator/all,21,2026-02-06T00:17:52Z
at://did:plc:wzsilnxf24ehtmmc3gssy5bu/app.bsky.feed.generator/mentions,22,2026-02-06T00:17:52Z
at://did:plc:odqmsar3ikz5ubokya4sempk/app.bsky.feed.generator/aaabfn4o34jdi,23,2026-02-06T00:17:52Z
at://did:plc:dvgliotey33vix3wlltybgkd/app.bsky.feed.generator/ukrainian-view,24,2026-02-06T00:17:52Z
at://did:plc:66lbtw2porscqpmair6mir37/app.bsky.feed.generator/aaabkznpn5x2g,25,2026-02-06T00:17:52Z
at://did:plc:z72i7hdynmk6r22z27h6tvur/app.bsky.feed.generator/mutuals,26,2026-02-06T00:17:52Z
at://did:plc:lptjvw6ut224kwrj7ub3sqbe/app.bsky.feed.generator/aaaotfjzjplna,27,2026-02-06T00:17:52Z
at://did:plc:vc7f4oafdgxsihk4cry2xpze/app.bsky.feed.generator/media,28,2026-02-06T00:17:52Z
at://did:plc:vpkhqolt662uhesyj6nxm7ys/app.bsky.feed.generator/followpics,29,2026-02-06T00:17:52Z
at://did:plc:qinqxdwwxgme6r4lgmkry5qu/app.bsky.feed.generator/spanish,30,2026-02-06T00:17:52Z
at://did:plc:jdkvwye2lf4mingzk7qdebzc/app.bsky.feed.generator/art-clean,31,2026-02-06T00:17:52Z
at://did:plc:q6gjnaw2blty4crticxkmujt/app.bsky.feed.generator/cl-tqsp,32,2026-02-06T00:17:52Z
at://did:plc:6brknehpd7ecbvd56ko6mhlm/app.bsky.feed.generator/aaaby3zazwhrq,33,2026-02-06T00:17:52Z
at://did:plc:wzsilnxf24ehtmmc3gssy5bu/app.bsky.feed.generator/newskies,34,2026-02-06T00:17:52Z
at://did:plc:4jb3re5tvklsvhuc3lkerj5q/app.bsky.feed.generator/aaak6p5s2f3cu,35,2026-02-06T00:17:52Z
at://did:plc:tenurhgjptubkk5zf5qhi3og/app.bsky.feed.generator/discover,36,2026-02-06T00:17:52Z
at://did:plc:qgy7vt74xmouisyslwm3fgfj/app.bsky.feed.generator/aaaapknzigxfi,37,2026-02-06T00:17:52Z
at://did:plc:geoqe3qls5mwezckxxsewys2/app.bsky.feed.generator/aaai43yetqshu,38,2026-02-06T00:17:52Z
at://did:plc:2qlbivzvdt6hp6dwrd2sx4sf/app.bsky.feed.generator/aaaemkt7ysfq4,39,2026-02-06T00:17:52Z
at://did:plc:odqmsar3ikz5ubokya4sempk/app.bsky.feed.generator/aaabhy3bowhbo,40,2026-02-06T00:17:52Z
at://did:plc:4vjdrhro4bxoawbyjgixesij/app.bsky.feed.generator/aaadepeaxdboc,41,2026-02-06T00:17:52Z
at://did:plc:lcytlkvzs3wslcgbk7i3ygak/app.bsky.feed.generator/aaaezvwrdjuoy,42,2026-02-06T00:17:52Z
at://did:plc:vjyot2w7zeomrslomwpfxirl/app.bsky.feed.generator/aaajjrj657mnm,43,2026-02-06T00:17:52Z
at://did:plc:vpkhqolt662uhesyj6nxm7ys/app.bsky.feed.generator/bestoffollows,44,2026-02-06T00:17:52Z
at://did:plc:cxuzwp5dzmxkrdr55qh25mgb/app.bsky.feed.generator/aaap2eo4gzzes,45,2026-02-06T00:17:52Z
at://did:plc:3sn6bogankaicebzdb7liro3/app.bsky.feed.generator/aaaclmwsj24p6,46,2026-02-06T00:17:52Z
at://did:plc:7dl6s4wfcygfxzxok46z5gtu/app.bsky.feed.generator/aaaiyn75rk3wy,47,2026-02-06T00:17:52Z
at://did:plc:2gx2noukxzwmj6dkxbmh3qt5/app.bsky.feed.generator/aaahcxau33dt4,48,2026-02-06T00:17:52Z
at://did:plc:cgl62jlhroosxyjkaffidnon/app.bsky.feed.generator/aaae4nczs635m,49,2026-02-06T00:17:52Z
at://did:plc:ffkgesg3jsv2j7aagkzrtcvt/app.bsky.feed.generator/aaacjerk7gwek,50,2026-02-06T00:17:52Z
at://did:plc:qv5qyhnfl53lunglnrd6axpd/app.bsky.feed.generator/aaaisd7dl67ks,51,2026-02-06T00:17:52Z
at://did:plc:qywyjbhivdo4b333ilkf2zsh/app.bsky.feed.generator/aaadbjz6gsg6c,52,2026-02-06T00:17:52Z
at://did:plc:l72uci4styb4jucsgcrrj5ap/app.bsky.feed.generator/aaae7jzakjhkm,53,2026-02-06T00:17:52Z
at://did:plc:abv47bjgzjgoh3yrygwoi36x/app.bsky.feed.generator/aaai4f7awwzkc,54,2026-02-06T00:17:52Z
at://did:plc:bkneatxfwesdeyyzq66svhio/app.bsky.feed.generator/aaaejyv5hzbfu,55,2026-02-06T00:17:52Z
at://did:plc:vwzwgnygau7ed7b7wt5ux7y2/app.bsky.feed.generator/teams,56,2026-02-06T00:17:52Z
at://did:plc:qq4q5nsxhl4m7gmvnf7mdgek/app.bsky.feed.generator/aaae55kaqvsla,57,2026-02-06T00:17:52Z
at://did:plc:nylio5rpw7u3wtven3vcriam/app.bsky.feed.generator/aaai4amp77qp6,58,2026-02-06T00:17:52Z
at://did:plc:vpkhqolt662uhesyj6nxm7ys/app.bsky.feed.generator/infreq,59,2026-02-06T00:17:52Z
at://did:plc:v336bgjhyj5suvc6ds5vkckg/app.bsky.feed.generator/aaabygc4ng36o,60,2026-02-06T00:17:52Z
at://did:plc:hf7ezrajxadu7v3tzcyij424/app.bsky.feed.generator/aaap7dpu57ve6,61,2026-02-06T00:17:52Z
at://did:plc:hsqwcidfez66lwm3gxhfv5in/app.bsky.feed.generator/aaaf2pqeodmpy,62,2026-02-06T00:17:52Z
at://did:plc:tazrmeme4dzahimsykusrwrk/app.bsky.feed.generator/anime-en-new,63,2026-02-06T00:17:52Z
at://did:plc:yw3qqfa7hrhmwbc6wyrq5u7f/app.bsky.feed.generator/aaabqfmu2zuck,64,2026-02-06T00:17:52Z
at://did:plc:4jb3re5tvklsvhuc3lkerj5q/app.bsky.feed.generator/aaajji2bluzi2,65,2026-02-06T00:17:52Z
at://did:plc:abv47bjgzjgoh3yrygwoi36x/app.bsky.feed.generator/aaagt6amuur5e,66,2026-02-06T00:17:52Z
at://did:plc:mziptt6o2ngf4scj7jiwacde/app.bsky.feed.generator/UKPolitics,67,2026-02-06T00:17:52Z
at://did:plc:stu4unkwieyt5suhyfl6u5e4/app.bsky.feed.generator/aaacjvrirvq2w,68,2026-02-06T00:17:52Z
at://did:plc:kogkquurpi7vd6ck2tndcoog/app.bsky.feed.generator/aaahe25fq3iao,69,2026-02-06T00:17:52Z
at://did:plc:gyegckbmyj7r4vih65j7s5sf/app.bsky.feed.generator/aaace7qaoxhye,70,2026-02-06T00:17:52Z
at://did:plc:z72i7hdynmk6r22z27h6tvur/app.bsky.feed.generator/best-of-follows,71,2026-02-06T00:17:52Z
at://did:plc:gwk23pspkzx7ifoxvqvuab5q/app.bsky.feed.generator/aaakgoc6mcrr2,72,2026-02-06T00:17:52Z
at://did:plc:dvgliotey33vix3wlltybgkd/app.bsky.feed.generator/art,73,2026-02-06T00:17:52Z
at://did:plc:ffkgesg3jsv2j7aagkzrtcvt/app.bsky.feed.generator/aaaiq5xkfj2ec,74,2026-02-06T00:17:52Z
at://did:plc:odqmsar3ikz5ubokya4sempk/app.bsky.feed.generator/aaahudddd6mww,75,2026-02-06T00:17:52Z
at://did:plc:jvrpllofboqntf5oz23ozuyp/app.bsky.feed.generator/aaabjki7ewirq,76,2026-02-06T00:17:52Z
at://did:plc:nmm26ltnxjx4oskwzdue4xvq/app.bsky.feed.generator/aaacoviie4ygo,77,2026-02-06T00:17:52Z
at://did:plc:vjyot2w7zeomrslomwpfxirl/app.bsky.feed.generator/aaabucto6sdf6,78,2026-02-06T00:17:52Z
at://did:plc:3s2iaaxxqnyesuu3np56uv7y/app.bsky.feed.generator/aaaayx36jxs56,79,2026-02-06T00:17:52Z
at://did:plc:gkvpokm7ec5j5yxls6xk4e3z/app.bsky.feed.generator/formula-one,80,2026-02-06T00:17:52Z
at://did:plc:6qswqt6prj5ch3jwjyqedexs/app.bsky.feed.generator/aaafcf5orer4q,81,2026-02-06T00:17:52Z
at://did:plc:lelg6d2guxp3nvcnx7d52ejt/app.bsky.feed.generator/aaal6xtmxbqxa,82,2026-02-06T00:17:52Z
at://did:plc:nkahctfdi6bxk72umytfwghw/app.bsky.feed.generator/aaad2q353alqm,83,2026-02-06T00:17:52Z
at://did:plc:geoqe3qls5mwezckxxsewys2/app.bsky.feed.generator/aaabqvnkaktho,84,2026-02-06T00:17:52Z
