context_id,scheduled_window_start_utc,scheduled_window_end_utc,viewer_mode,vantage_id,feed_uri,bucket,cluster_text,riskset_size,context_total_y,shown_count,zero_exposure_count,gap_equal,gap_timing_residual
624,2026-03-21T21:20:00Z,2026-03-21T21:30:00Z,auth,auth,at://did:plc:tpsmmglg2coilcnma7cuhk54/app.bsky.feed.generator/aaag7pqa723cq,longtail_random,bsky.app/profile/did:...,4,0.1810425967800402,1,3,0.75,0.9902103375105962
704,2026-03-22T02:20:00Z,2026-03-22T02:30:00Z,unauth,unauth,at://did:plc:yw5jldlnuker4mb7ttyqephb/app.bsky.feed.generator/aaabgn53jpxru,popular_by_likecount,www.theguardian.com/world/2026/m...,6,0.21533827903669653,1,5,0.8333333333333335,0.9900918743519471
1111,2026-03-23T09:00:00Z,2026-03-23T09:10:00Z,unauth,unauth,at://did:plc:sedh7uwyebi77rjdj6rpmhoq/app.bsky.feed.generator/aaape3jm3b5gi,longtail_random,lmao,3,0.6309297535714575,1,2,0.6666666666666666,0.9879253301425965
618,2026-03-21T21:10:00Z,2026-03-21T21:20:00Z,unauth,unauth,at://did:plc:tpsmmglg2coilcnma7cuhk54/app.bsky.feed.generator/aaag7pqa723cq,longtail_random,bsky.app/profile/did:...,4,0.1810425967800402,1,3,0.75,0.9870602101804445
309,2026-03-20T21:20:00Z,2026-03-20T21:30:00Z,unauth,unauth,at://did:plc:fe4z2vyyrc7zkrwc3vgdxykm/app.bsky.feed.generator/aaaot2pdkwctq,popular_by_likecount,happy friday!,2,0.23540891336663824,1,1,0.5,0.9862602417219579
1181,2026-03-23T13:40:00Z,2026-03-23T13:50:00Z,auth,auth,at://did:plc:6vrf44pabqhagogoibjbc42y/app.bsky.feed.generator/aaanwmje6fjv2,popular_by_likecount,#oc,5,0.18316925091363362,1,4,0.8,0.9815313223326299
2059,2026-03-30T05:40:00Z,2026-03-30T05:50:00Z,auth,auth,at://did:plc:4ohogodxdernofx3m6lhcd2a/app.bsky.feed.generator/aaanejfp2tgzs,popular_by_likecount,'hilfsmittel' #fotovorschlag,5,0.23137821315975915,1,4,0.8,0.9814926499324277
2056,2026-03-30T05:30:00Z,2026-03-30T05:40:00Z,unauth,unauth,at://did:plc:4ohogodxdernofx3m6lhcd2a/app.bsky.feed.generator/aaanejfp2tgzs,popular_by_likecount,'hilfsmittel' #fotovorschlag,5,0.23137821315975915,1,4,0.8,0.9811732998869807
2052,2026-03-30T05:10:00Z,2026-03-30T05:20:00Z,auth,auth,at://did:plc:4ohogodxdernofx3m6lhcd2a/app.bsky.feed.generator/aaanejfp2tgzs,popular_by_likecount,'hilfsmittel' #fotovorschlag,5,0.23137821315975915,1,4,0.8,0.9804900993851493
1442,2026-03-25T20:20:00Z,2026-03-25T20:30:00Z,unauth,unauth,at://did:plc:3nosbggayyzhuibpqhur4fz3/app.bsky.feed.generator/aaaa6ipylhqkq,longtail_random,solidarität mit collien fernandes: gewalt gegen frauen - auch online - muss geahndet werden. männliche gewalt muss endlich strafverfolgt werden. jetzt unterzeichnen ✍️ weact.campact.de/petitions/in...,3,0.1781035935540111,1,2,0.6666666666666666,0.9796715778049377
1439,2026-03-25T20:10:00Z,2026-03-25T20:20:00Z,unauth,unauth,at://did:plc:3nosbggayyzhuibpqhur4fz3/app.bsky.feed.generator/aaaa6ipylhqkq,longtail_random,solidarität mit collien fernandes: gewalt gegen frauen - auch online - muss geahndet werden. männliche gewalt muss endlich strafverfolgt werden. jetzt unterzeichnen ✍️ weact.campact.de/petitions/in...,3,0.1781035935540111,1,2,0.6666666666666666,0.9788573966650628
785,2026-03-22T09:00:00Z,2026-03-22T09:10:00Z,unauth,unauth,at://did:plc:yw5jldlnuker4mb7ttyqephb/app.bsky.feed.generator/aaabgn53jpxru,popular_by_likecount,www.theguardian.com/world/2026/m...,6,0.20184908658209985,1,5,0.8333333333333335,0.9787298802695117
780,2026-03-22T08:40:00Z,2026-03-22T08:50:00Z,unauth,unauth,at://did:plc:yw5jldlnuker4mb7ttyqephb/app.bsky.feed.generator/aaabgn53jpxru,popular_by_likecount,www.theguardian.com/world/2026/m...,6,0.2037950470905062,1,5,0.8333333333333335,0.9780132168543219
766,2026-03-22T07:40:00Z,2026-03-22T07:50:00Z,unauth,unauth,at://did:plc:yw5jldlnuker4mb7ttyqephb/app.bsky.feed.generator/aaabgn53jpxru,popular_by_likecount,www.theguardian.com/world/2026/m...,6,0.2103099178571525,1,5,0.8333333333333335,0.9755181940393292
751,2026-03-22T06:40:00Z,2026-03-22T06:50:00Z,unauth,unauth,at://did:plc:yw5jldlnuker4mb7ttyqephb/app.bsky.feed.generator/aaabgn53jpxru,popular_by_likecount,www.theguardian.com/world/2026/m...,6,0.21533827903669653,1,5,0.8333333333333335,0.9725621656853503
743,2026-03-22T06:20:00Z,2026-03-22T06:30:00Z,auth,auth,at://did:plc:yw5jldlnuker4mb7ttyqephb/app.bsky.feed.generator/aaabgn53jpxru,popular_by_likecount,www.theguardian.com/world/2026/m...,6,0.21274605355336318,1,5,0.8333333333333335,0.9715584541261167
733,2026-03-22T05:40:00Z,2026-03-22T05:50:00Z,auth,auth,at://did:plc:yw5jldlnuker4mb7ttyqephb/app.bsky.feed.generator/aaabgn53jpxru,popular_by_likecount,www.theguardian.com/world/2026/m...,6,0.21533827903669653,1,5,0.8333333333333335,0.9699304231607305
2032,2026-03-30T03:00:00Z,2026-03-30T03:10:00Z,unauth,unauth,at://did:plc:tpsmmglg2coilcnma7cuhk54/app.bsky.feed.generator/aaag7pqa723cq,longtail_random,bsky.app/profile/did:...,3,0.38316925091363363,2,1,0.3333333333333333,0.9686471978580967
1911,2026-03-29T20:20:00Z,2026-03-29T20:30:00Z,auth,auth,at://did:plc:yrik5xcaq3llxbdxnwtukf24/app.bsky.feed.generator/aaaeno5rq5xro,popular_by_likecount,okay,2,0.31546487678572877,1,1,0.5,0.9671811078212111
130,2026-03-19T19:10:00Z,2026-03-19T19:20:00Z,auth,auth,at://did:plc:pl6xzfojygthmdwlsbo5bcls/app.bsky.feed.generator/aaabgeoafvxb2,longtail_random,commission,3,0.19342640361727081,1,2,0.6666666666666667,0.9488418916617332
1972,2026-03-29T23:40:00Z,2026-03-29T23:50:00Z,auth,auth,at://did:plc:4ohogodxdernofx3m6lhcd2a/app.bsky.feed.generator/aaanejfp2tgzs,popular_by_likecount,'hilfsmittel' #fotovorschlag,5,0.24465054211822604,1,4,0.8,0.9470897989419632
1966,2026-03-29T23:30:00Z,2026-03-29T23:40:00Z,unauth,unauth,at://did:plc:4ohogodxdernofx3m6lhcd2a/app.bsky.feed.generator/aaanejfp2tgzs,popular_by_likecount,'hilfsmittel' #fotovorschlag,5,0.24465054211822604,1,4,0.8,0.9444984498208782
80,2026-03-19T13:40:00Z,2026-03-19T13:50:00Z,unauth,unauth,at://did:plc:lyrmsmhhg7vzz4ghj44y5xzq/app.bsky.feed.generator/fa92779cd55e,longtail_random,"rumours that more military assistance earmarked to #ukraine in the last us defence budget, will now divert to the middle east. what next for the little criminal in #kiev?",2,0.21274605355336318,1,1,0.5,0.942255451260979
181,2026-03-20T06:20:00Z,2026-03-20T06:30:00Z,unauth,unauth,at://did:plc:dkh643asru53huyrgpjmobgl/app.bsky.feed.generator/aaacg5ovpq3w6,popular_by_likecount,wip,2,0.27023815442731974,1,1,0.5,0.9390226525354803
1145,2026-03-23T11:20:00Z,2026-03-23T11:30:00Z,auth,auth,at://did:plc:sedh7uwyebi77rjdj6rpmhoq/app.bsky.feed.generator/aaape3jm3b5gi,longtail_random,lmao,3,0.6309297535714575,1,2,0.6666666666666666,0.9161373007978796
698,2026-03-22T02:00:00Z,2026-03-22T02:10:00Z,unauth,unauth,at://did:plc:yw5jldlnuker4mb7ttyqephb/app.bsky.feed.generator/aaabgn53jpxru,popular_by_likecount,www.theguardian.com/world/2026/m...,5,0.21810429198553155,1,4,0.7999999999999999,0.9152206326674909
937,2026-03-22T18:10:00Z,2026-03-22T18:20:00Z,unauth,unauth,at://did:plc:4ohogodxdernofx3m6lhcd2a/app.bsky.feed.generator/aaanejfp2tgzs,popular_by_likecount,'zahlen: drei' #fotovorschlag,23,0.1810425967800402,1,22,0.9565217391304347,0.9137623468467783
933,2026-03-22T18:00:00Z,2026-03-22T18:10:00Z,unauth,unauth,at://did:plc:4ohogodxdernofx3m6lhcd2a/app.bsky.feed.generator/aaanejfp2tgzs,popular_by_likecount,'zahlen: drei' #fotovorschlag,23,0.18316925091363362,1,22,0.9565217391304347,0.9047652461109797
692,2026-03-22T01:40:00Z,2026-03-22T01:50:00Z,auth,auth,at://did:plc:yw5jldlnuker4mb7ttyqephb/app.bsky.feed.generator/aaabgn53jpxru,popular_by_likecount,www.theguardian.com/world/2026/m...,5,0.22106472945750374,1,4,0.7999999999999999,0.904707445895806
1416,2026-03-24T18:40:00Z,2026-03-24T18:50:00Z,unauth,unauth,at://did:plc:tpsmmglg2coilcnma7cuhk54/app.bsky.feed.generator/aaag7pqa723cq,longtail_random,bsky.app/profile/did:...,3,0.17905223175104137,1,2,0.6666666666666666,0.8995656627029365
687,2026-03-22T01:30:00Z,2026-03-22T01:40:00Z,auth,auth,at://did:plc:yw5jldlnuker4mb7ttyqephb/app.bsky.feed.generator/aaabgn53jpxru,popular_by_likecount,www.theguardian.com/world/2026/m...,5,0.227670248696953,1,4,0.7999999999999999,0.898709102556467
609,2026-03-21T20:40:00Z,2026-03-21T20:50:00Z,unauth,unauth,at://did:plc:yw5jldlnuker4mb7ttyqephb/app.bsky.feed.generator/aaabgn53jpxru,popular_by_likecount,lol,3,0.31546487678572877,1,2,0.6666666666666667,0.88765657121725
117,2026-03-19T18:20:00Z,2026-03-19T18:30:00Z,auth,auth,at://did:plc:cjjuc4g6kohd3nlztfsv3pfa/app.bsky.feed.generator/aaapznf46f6gs,longtail_random,commission,2,0.23981246656813146,1,1,0.5,0.8864936376897036
1884,2026-03-29T18:50:00Z,2026-03-29T19:00:00Z,auth,auth,at://did:plc:pmyqirafcp3jqdhrl7crpq7t/app.bsky.feed.generator/aaad4sb7tyvjw,popular_by_likecount,#caturday,2,0.18790182470910757,1,1,0.5,0.8847184347871397
1409,2026-03-24T18:20:00Z,2026-03-24T18:30:00Z,auth,auth,at://did:plc:tpsmmglg2coilcnma7cuhk54/app.bsky.feed.generator/aaag7pqa723cq,longtail_random,bsky.app/profile/did:...,3,0.1810425967800402,1,2,0.6666666666666666,0.880072784357406
127,2026-03-19T19:00:00Z,2026-03-19T19:10:00Z,auth,auth,at://did:plc:cjjuc4g6kohd3nlztfsv3pfa/app.bsky.feed.generator/aaapznf46f6gs,longtail_random,commission,2,0.23137821315975915,1,1,0.5,0.8762386816631988
1176,2026-03-23T13:30:00Z,2026-03-23T13:40:00Z,auth,auth,at://did:plc:2gx2noukxzwmj6dkxbmh3qt5/app.bsky.feed.generator/aaahvrj2v6l2u,popular_by_likecount,#art,4,0.21533827903669653,1,3,0.75,0.8585196770218112
1880,2026-03-29T18:30:00Z,2026-03-29T18:40:00Z,unauth,unauth,at://did:plc:pmyqirafcp3jqdhrl7crpq7t/app.bsky.feed.generator/aaad4sb7tyvjw,popular_by_likecount,#caturday,2,0.1905514124267734,1,1,0.5,0.8520928225211789
847,2026-03-22T12:30:00Z,2026-03-22T12:40:00Z,auth,auth,at://did:plc:yw5jldlnuker4mb7ttyqephb/app.bsky.feed.generator/aaabgn53jpxru,popular_by_likecount,www.theguardian.com/world/2026/m...,3,0.18003132665669264,1,2,0.6666666666666666,0.8438763087544123
1297,2026-03-24T08:30:00Z,2026-03-24T08:40:00Z,unauth,unauth,at://did:plc:4jty4oasfiriwcnrjmyw3aql/app.bsky.feed.generator/aaadfzkvbpqwc,popular_by_likecount,💀,2,0.18316925091363362,1,1,0.5,0.8400665567192053
626,2026-03-21T21:20:00Z,2026-03-21T21:30:00Z,auth,auth,at://did:plc:yw5jldlnuker4mb7ttyqephb/app.bsky.feed.generator/aaabgn53jpxru,popular_by_likecount,lol,2,0.27023815442731974,1,1,0.5,0.839159696713963
872,2026-03-22T13:50:00Z,2026-03-22T14:00:00Z,auth,auth,at://did:plc:cxuzwp5dzmxkrdr55qh25mgb/app.bsky.feed.generator/aaap2eo4gzzes,popular_by_likecount,good morning,5,0.18665241123894338,1,4,0.7999999999999999,0.8311259853078937
2075,2026-03-30T07:10:00Z,2026-03-30T07:20:00Z,auth,auth,at://did:plc:etrdfpmd433crk4fwm4omq7h/app.bsky.feed.generator/aaacqtlounqxc,popular_by_likecount,#oursky,3,0.23981246656813146,1,2,0.6666666666666667,0.8303201256085333
672,2026-03-22T00:10:00Z,2026-03-22T00:20:00Z,auth,auth,at://did:plc:yw5jldlnuker4mb7ttyqephb/app.bsky.feed.generator/aaabgn53jpxru,popular_by_likecount,www.theguardian.com/world/2026/m...,5,0.227670248696953,1,4,0.7999999999999999,0.8238116358645132
63,2026-03-19T10:30:00Z,2026-03-19T10:40:00Z,unauth,unauth,at://did:plc:lyrmsmhhg7vzz4ghj44y5xzq/app.bsky.feed.generator/fa92779cd55e,longtail_random,"rumours that more military assistance earmarked to #ukraine in the last us defence budget, will now divert to the middle east. what next for the little criminal in #kiev?",2,0.2559580248098155,1,1,0.5,0.8158334802289074
1912,2026-03-29T20:20:00Z,2026-03-29T20:30:00Z,auth,auth,at://did:plc:4ohogodxdernofx3m6lhcd2a/app.bsky.feed.generator/aaanejfp2tgzs,popular_by_likecount,'hilfsmittel' #fotovorschlag,5,0.27894294565112987,1,4,0.8,0.8096612754928214
330,2026-03-20T23:50:00Z,2026-03-21T00:00:00Z,unauth,unauth,at://did:plc:fe4z2vyyrc7zkrwc3vgdxykm/app.bsky.feed.generator/aaaot2pdkwctq,popular_by_likecount,happy friday!,2,0.21274605355336318,1,1,0.5,0.8084257494872078
1398,2026-03-24T17:30:00Z,2026-03-24T17:40:00Z,auth,auth,at://did:plc:tpsmmglg2coilcnma7cuhk54/app.bsky.feed.generator/aaag7pqa723cq,longtail_random,bsky.app/profile/did:...,3,0.1905514124267734,1,2,0.6666666666666666,0.8058153529168056
57,2026-03-19T10:20:00Z,2026-03-19T10:30:00Z,auth,auth,at://did:plc:lyrmsmhhg7vzz4ghj44y5xzq/app.bsky.feed.generator/fa92779cd55e,longtail_random,"rumours that more military assistance earmarked to #ukraine in the last us defence budget, will now divert to the middle east. what next for the little criminal in #kiev?",2,0.26264953503719357,1,1,0.5,0.8010534820015582
598,2026-03-21T20:10:00Z,2026-03-21T20:20:00Z,auth,auth,at://did:plc:yw5jldlnuker4mb7ttyqephb/app.bsky.feed.generator/aaabgn53jpxru,popular_by_likecount,lol,3,0.3562071871080222,1,2,0.6666666666666667,0.7810012316681394
1827,2026-03-29T13:50:00Z,2026-03-29T14:00:00Z,auth,auth,at://did:plc:3x2yyg4s6c6n26caev222yv3/app.bsky.feed.generator/aaaj2r2xx6krm,longtail_random,www.nytimes.com/2026/03/29/o...,5,0.20584683246043448,1,4,0.7999999999999999,0.7794829534845544
833,2026-03-22T12:10:00Z,2026-03-22T12:20:00Z,unauth,unauth,at://did:plc:4ohogodxdernofx3m6lhcd2a/app.bsky.feed.generator/aaanejfp2tgzs,popular_by_likecount,'zahlen: drei' #fotovorschlag,22,0.23137821315975915,1,21,0.9545454545454544,0.7781401021283944
190,2026-03-20T06:40:00Z,2026-03-20T06:50:00Z,unauth,unauth,at://did:plc:ujbv5agep7botiks7dozqbo3/app.bsky.feed.generator/aaajfu5lurq44,popular_by_likecount,commission,3,0.18428883314870617,1,2,0.6666666666666666,0.7653130654877744
1321,2026-03-24T11:10:00Z,2026-03-24T11:20:00Z,unauth,unauth,at://did:plc:pwnurm5ue23tzmqepudfarvh/app.bsky.feed.generator/aaacg4pir4zyg,popular_by_likecount,⊹ #plussizemodel ⊹ #wagonwednesday ⊹ #booty ⊹ #bbw ⊹ #sellingcontent ⊹ #cowgirl ⊹ #cuntry ⊹ #thick ⊹ #brat ⊹ #altgirls ⊹,11,1.1309297535714575,2,9,0.8181818181818181,0.7638456479865193
1278,2026-03-24T00:20:00Z,2026-03-24T00:30:00Z,auth,auth,at://did:plc:lfdf4srj43iwdng7jn35tjsp/app.bsky.feed.generator/aaae2qpt4236c,popular_by_likecount,dua lipa,2,0.2890648263178879,1,1,0.5,0.7549602545729746
1467,2026-03-26T01:40:00Z,2026-03-26T01:50:00Z,auth,auth,at://did:plc:wxesy5dxtsjsdc6pra5fwnhc/app.bsky.feed.generator/aaabpmwhwbpiy,popular_by_likecount,democrats-judiciary.house.gov/media-center...,4,0.1781035935540111,1,3,0.75,0.7528708787503092
334,2026-03-21T00:20:00Z,2026-03-21T00:30:00Z,unauth,unauth,at://did:plc:fe4z2vyyrc7zkrwc3vgdxykm/app.bsky.feed.generator/aaaot2pdkwctq,popular_by_likecount,happy friday!,2,0.21274605355336318,1,1,0.5,0.7426396071378316
909,2026-03-22T16:30:00Z,2026-03-22T16:40:00Z,auth,auth,at://did:plc:4ohogodxdernofx3m6lhcd2a/app.bsky.feed.generator/aaanejfp2tgzs,popular_by_likecount,'zahlen: drei' #fotovorschlag,23,0.2,1,22,0.9565217391304347,0.736756835431516
176,2026-03-20T04:40:00Z,2026-03-20T04:50:00Z,unauth,unauth,at://did:plc:ujbv5agep7botiks7dozqbo3/app.bsky.feed.generator/aaajfu5lurq44,popular_by_likecount,commission,3,0.21533827903669653,1,2,0.6666666666666666,0.73184908132467
175,2026-03-20T04:30:00Z,2026-03-20T04:40:00Z,unauth,unauth,at://did:plc:ujbv5agep7botiks7dozqbo3/app.bsky.feed.generator/aaajfu5lurq44,popular_by_likecount,commission,3,0.21274605355336318,1,2,0.6666666666666666,0.7282822258030379
712,2026-03-22T03:10:00Z,2026-03-22T03:20:00Z,auth,auth,at://did:plc:5pry62n53okuska6b72tn3ga/app.bsky.feed.generator/aaafczzvnktbe,popular_by_likecount,elon musk visé par un signalement de la justice française aux autorités américaines,2,0.1781035935540111,1,1,0.5,0.726686271925026
52,2026-03-19T09:40:00Z,2026-03-19T09:50:00Z,auth,auth,at://did:plc:lyrmsmhhg7vzz4ghj44y5xzq/app.bsky.feed.generator/fa92779cd55e,longtail_random,"rumours that more military assistance earmarked to #ukraine in the last us defence budget, will now divert to the middle east. what next for the little criminal in #kiev?",2,0.26264953503719357,1,1,0.5,0.7257221273310894
809,2026-03-22T11:00:00Z,2026-03-22T11:10:00Z,unauth,unauth,at://did:plc:3sn6bogankaicebzdb7liro3/app.bsky.feed.generator/aaajaq4ut77am,popular_by_likecount,www.theguardian.com/us-news/2026...,6,0.25,1,5,0.8333333333333335,0.7207309558259989
1276,2026-03-24T00:10:00Z,2026-03-24T00:20:00Z,auth,auth,at://did:plc:lfdf4srj43iwdng7jn35tjsp/app.bsky.feed.generator/aaae2qpt4236c,popular_by_likecount,dua lipa,2,0.3333333333333333,1,1,0.5,0.7131974225448341
168,2026-03-20T03:50:00Z,2026-03-20T04:00:00Z,auth,auth,at://did:plc:ujbv5agep7botiks7dozqbo3/app.bsky.feed.generator/aaajfu5lurq44,popular_by_likecount,commission,3,0.21533827903669653,1,2,0.6666666666666666,0.7124459947585141
1975,2026-03-29T23:50:00Z,2026-03-30T00:00:00Z,auth,auth,at://did:plc:w4xbfzo7kqfes5zb7r6qv3rw/app.bsky.feed.generator/blacksky,popular_by_likecount,yes,5,0.1965616322328226,1,4,0.8,0.708208229557721
814,2026-03-22T11:10:00Z,2026-03-22T11:20:00Z,unauth,unauth,at://did:plc:rfmxqexkqlfx2lxvqroybspj/app.bsky.feed.generator/aaae7tqzlbyym,longtail_random,www.theguardian.com/us-news/2026...,6,0.5,1,5,0.8333333333333334,0.70744859882383
2097,2026-03-30T08:20:00Z,2026-03-30T08:30:00Z,unauth,unauth,at://did:plc:5pry62n53okuska6b72tn3ga/app.bsky.feed.generator/aaafczzvnktbe,popular_by_likecount,"en direct, guerre en ukraine : la russie a lancé un missile balistique et 164 drones sur l’ukraine, dans la nuit de dimanche à lundi",3,0.21810429198553155,1,2,0.6666666666666666,0.704246847185616
2096,2026-03-30T08:20:00Z,2026-03-30T08:30:00Z,unauth,unauth,at://did:plc:7ba7lz54yll7pxslxv47ejws/app.bsky.feed.generator/aaandc3wz3wfa,popular_by_likecount,"en direct, guerre en ukraine : la russie a lancé un missile balistique et 164 drones sur l’ukraine, dans la nuit de dimanche à lundi",3,0.1810425967800402,1,2,0.6666666666666666,0.704246847185616
841,2026-03-22T12:20:00Z,2026-03-22T12:30:00Z,unauth,unauth,at://did:plc:cxuzwp5dzmxkrdr55qh25mgb/app.bsky.feed.generator/aaap2eo4gzzes,popular_by_likecount,good morning,6,0.6309297535714575,1,5,0.8333333333333335,0.703727114820846
209,2026-03-20T08:30:00Z,2026-03-20T08:40:00Z,auth,auth,at://did:plc:dkh643asru53huyrgpjmobgl/app.bsky.feed.generator/aaacg5ovpq3w6,popular_by_likecount,wip,2,0.27023815442731974,1,1,0.5,0.6971106407836332
828,2026-03-22T12:00:00Z,2026-03-22T12:10:00Z,auth,auth,at://did:plc:4ohogodxdernofx3m6lhcd2a/app.bsky.feed.generator/aaanejfp2tgzs,popular_by_likecount,'zahlen: drei' #fotovorschlag,22,0.23981246656813146,1,21,0.9545454545454544,0.6943138798869783
164,2026-03-20T03:10:00Z,2026-03-20T03:20:00Z,unauth,unauth,at://did:plc:ujbv5agep7botiks7dozqbo3/app.bsky.feed.generator/aaajfu5lurq44,popular_by_likecount,commission,3,0.23981246656813146,1,2,0.6666666666666666,0.6936778132128063
810,2026-03-22T11:00:00Z,2026-03-22T11:10:00Z,unauth,unauth,at://did:plc:4ohogodxdernofx3m6lhcd2a/app.bsky.feed.generator/aaanejfp2tgzs,popular_by_likecount,'zahlen: drei' #fotovorschlag,21,0.3562071871080222,1,20,0.9523809523809526,0.6935068915052671
527,2026-03-21T14:50:00Z,2026-03-21T15:00:00Z,auth,auth,at://did:plc:qinqxdwwxgme6r4lgmkry5qu/app.bsky.feed.generator/spanish,popular_by_likecount,pon un gif de tu pokémon favorito,5,0.2103099178571525,1,4,0.7999999999999999,0.6903676059960245
1089,2026-03-23T07:20:00Z,2026-03-23T07:30:00Z,auth,auth,at://did:plc:pmyqirafcp3jqdhrl7crpq7t/app.bsky.feed.generator/aaaberxugvtfo,popular_by_likecount,"iran war energy crisis equal to 70s twin oil shocks and fallout from ukraine war, says iea chief | us-israel war on iran the global energy crisis caused by the war in iran is equivalent to the combined force of the…",3,0.43067655807339306,1,2,0.6666666666666667,0.6895690766357431
1798,2026-03-29T12:10:00Z,2026-03-29T12:20:00Z,auth,auth,at://did:plc:4owdkka7qvp3das6birdtavk/app.bsky.feed.generator/aaaimrrzrytvs,popular_by_likecount,🩷,2,0.18428883314870617,1,1,0.5,0.6869710007379806
1427,2026-03-25T16:30:00Z,2026-03-25T16:40:00Z,unauth,unauth,at://did:plc:dzej5u6hxajlpqhmxkpquuk4/app.bsky.feed.generator/aaap5ijxckkbc,popular_by_likecount,show off your range styles,2,0.17718382013555792,1,1,0.5,0.6794539927309136
1789,2026-03-29T12:00:00Z,2026-03-29T12:10:00Z,auth,auth,at://did:plc:4owdkka7qvp3das6birdtavk/app.bsky.feed.generator/aaaimrrzrytvs,popular_by_likecount,🩷,2,0.18428883314870617,1,1,0.5,0.6774038542314169
50,2026-03-19T09:20:00Z,2026-03-19T09:30:00Z,auth,auth,at://did:plc:lyrmsmhhg7vzz4ghj44y5xzq/app.bsky.feed.generator/fa92779cd55e,longtail_random,"rumours that more military assistance earmarked to #ukraine in the last us defence budget, will now divert to the middle east. what next for the little criminal in #kiev?",2,0.27023815442731974,1,1,0.5,0.6764548104777219
2088,2026-03-30T07:40:00Z,2026-03-30T07:50:00Z,auth,auth,at://did:plc:3sn6bogankaicebzdb7liro3/app.bsky.feed.generator/aaajaq4ut77am,popular_by_likecount,"en direct, guerre en ukraine : la russie a lancé un missile balistique et 164 drones sur l’ukraine, dans la nuit de dimanche à lundi",3,0.24465054211822604,1,2,0.6666666666666666,0.6748163995193578
161,2026-03-20T02:30:00Z,2026-03-20T02:40:00Z,unauth,unauth,at://did:plc:ujbv5agep7botiks7dozqbo3/app.bsky.feed.generator/aaajfu5lurq44,popular_by_likecount,commission,3,0.27023815442731974,1,2,0.6666666666666666,0.6712991147644534
1378,2026-03-24T15:40:00Z,2026-03-24T15:50:00Z,auth,auth,at://did:plc:2euqiuhgcm5egzmrt36zbdnf/app.bsky.feed.generator/aaajupdn36ony,popular_by_likecount,😂,3,0.5,1,2,0.6666666666666666,0.6703856388054927
595,2026-03-21T20:00:00Z,2026-03-21T20:10:00Z,unauth,unauth,at://did:plc:yw5jldlnuker4mb7ttyqephb/app.bsky.feed.generator/aaabgn53jpxru,popular_by_likecount,lol,3,0.3562071871080222,1,2,0.6666666666666667,0.6662490413142286
2090,2026-03-30T08:00:00Z,2026-03-30T08:10:00Z,auth,auth,at://did:plc:pmyqirafcp3jqdhrl7crpq7t/app.bsky.feed.generator/aaaberxugvtfo,popular_by_likecount,"en direct, guerre en ukraine : la russie a lancé un missile balistique et 164 drones sur l’ukraine, dans la nuit de dimanche à lundi",3,0.17629143438888212,1,2,0.6666666666666667,0.6599521364815104
710,2026-03-22T03:00:00Z,2026-03-22T03:10:00Z,auth,auth,at://did:plc:tpsmmglg2coilcnma7cuhk54/app.bsky.feed.generator/aaag7pqa723cq,longtail_random,bsky.app/profile/did:...,3,0.17905223175104137,1,2,0.6666666666666666,0.6591546535772735
1913,2026-03-29T20:40:00Z,2026-03-29T20:50:00Z,unauth,unauth,at://did:plc:3sn6bogankaicebzdb7liro3/app.bsky.feed.generator/aaajaq4ut77am,popular_by_likecount,"en direct, guerre en ukraine : volodymyr zelensky annonce se trouver en jordanie pour des discussions sur la « sécurité »",3,0.6309297535714575,1,2,0.6666666666666666,0.653166858906594
1031,2026-03-23T00:50:00Z,2026-03-23T01:00:00Z,unauth,unauth,at://did:plc:jpqtphcyhlla22a6a7a2j7ut/app.bsky.feed.generator/aaairbzkd4wt4,longtail_random,"israeli ambassador to u.s. says war with iran will continue until tehran’s ‘on its knees’ your support helps us to tell the story from reproductive rights to climate change to big tech, the…",3,0.17629143438888212,1,2,0.6666666666666667,0.6512601665772073
1025,2026-03-23T00:30:00Z,2026-03-23T00:40:00Z,auth,auth,at://did:plc:jpqtphcyhlla22a6a7a2j7ut/app.bsky.feed.generator/aaairbzkd4wt4,longtail_random,"israeli ambassador to u.s. says war with iran will continue until tehran’s ‘on its knees’ your support helps us to tell the story from reproductive rights to climate change to big tech, the…",3,0.17629143438888212,1,2,0.6666666666666667,0.649255172922058
48,2026-03-19T09:10:00Z,2026-03-19T09:20:00Z,auth,auth,at://did:plc:lyrmsmhhg7vzz4ghj44y5xzq/app.bsky.feed.generator/fa92779cd55e,longtail_random,"rumours that more military assistance earmarked to #ukraine in the last us defence budget, will now divert to the middle east. what next for the little criminal in #kiev?",2,0.27894294565112987,1,1,0.5,0.648532305092386
100,2026-03-19T16:20:00Z,2026-03-19T16:30:00Z,auth,auth,at://did:plc:mziptt6o2ngf4scj7jiwacde/app.bsky.feed.generator/UKPolitics,popular_by_likecount,israel is accelerating its annexation the west bank – illegally incorporating more palestinian territory into the state of israel. i’ve demanded that the uk government hold israel to account with @waronwant.bsky.social – will you join me? secure.waronwant.org/page/187131/...,3,0.18208790046993825,1,2,0.6666666666666666,0.6419759548654227
673,2026-03-22T00:10:00Z,2026-03-22T00:20:00Z,auth,auth,at://did:plc:yw5jldlnuker4mb7ttyqephb/app.bsky.feed.generator/aaabgn53jpxru,popular_by_likecount,lol,2,0.21533827903669653,1,1,0.5,0.638543720146576
922,2026-03-22T17:00:00Z,2026-03-22T17:10:00Z,auth,auth,at://did:plc:qv5qyhnfl53lunglnrd6axpd/app.bsky.feed.generator/aaaisd7dl67ks,popular_by_likecount,gm,2,0.18665241123894338,1,1,0.5,0.6343120886986497
1869,2026-03-29T17:20:00Z,2026-03-29T17:30:00Z,unauth,unauth,at://did:plc:pmyqirafcp3jqdhrl7crpq7t/app.bsky.feed.generator/aaad4sb7tyvjw,popular_by_likecount,#caturday,2,0.21274605355336318,1,1,0.5,0.6314588659963912
155,2026-03-20T01:30:00Z,2026-03-20T01:40:00Z,auth,auth,at://did:plc:ujbv5agep7botiks7dozqbo3/app.bsky.feed.generator/aaajfu5lurq44,popular_by_likecount,commission,3,0.2890648263178879,1,2,0.6666666666666666,0.6290585206192321
498,2026-03-21T12:40:00Z,2026-03-21T12:50:00Z,auth,auth,at://did:plc:q6gjnaw2blty4crticxkmujt/app.bsky.feed.generator/cl-tqsp,popular_by_likecount,good morning,5,0.20584683246043448,1,4,0.8,0.6285179087047841
2021,2026-03-30T02:40:00Z,2026-03-30T02:50:00Z,unauth,unauth,at://did:plc:7vq7rpxazdvltqoarprpb54a/app.bsky.feed.generator/aaajtzeak3tha,longtail_random,www.linkedin.com/pulse/global...,11,0.1905514124267734,1,10,0.9090909090909092,0.6218237354410314
668,2026-03-22T00:00:00Z,2026-03-22T00:10:00Z,auth,auth,at://did:plc:vjyot2w7zeomrslomwpfxirl/app.bsky.feed.generator/aaabucto6sdf6,popular_by_likecount,"""he's a piece of shit"" | the coffee klatch for march 21, 2026 open.substack.com/pub/robertre...",3,0.1965616322328226,1,2,0.6666666666666667,0.6168594849509696
1272,2026-03-23T23:50:00Z,2026-03-24T00:00:00Z,auth,auth,at://did:plc:lfdf4srj43iwdng7jn35tjsp/app.bsky.feed.generator/aaae2qpt4236c,popular_by_likecount,dua lipa,2,0.3333333333333333,1,1,0.5,0.611246551201868
424,2026-03-21T06:30:00Z,2026-03-21T06:40:00Z,auth,auth,at://did:plc:3sn6bogankaicebzdb7liro3/app.bsky.feed.generator/aaajaq4ut77am,popular_by_likecount,www.theguardian.com/us-news/2026...,8,0.20584683246043448,1,7,0.875,0.6108362432728125
