run_id,snapshot_hour_utc,captured_at_utc,viewer_mode,vantage_id,post_uri,post_cid,label_src,label_val,label_neg,label_uri,label_cts
c273272193c94029bc9bb144b7f12bb6,2026-02-24T21:00:00Z,2026-02-24T21:13:06Z,auth,auth_enUS_labelerexp,at://did:plc:iv5x7xljqsaizhdthdcomqfv/app.bsky.feed.post/3mfn37b3bws2n,bafyreidnvr7libsq72jl4aoapfxj4ms6v3yuazz4krer3s5huvzcl4e43i,did:plc:iv5x7xljqsaizhdthdcomqfv,!no-unauthenticated,,at://did:plc:iv5x7xljqsaizhdthdcomqfv/app.bsky.actor.profile/self,2025-01-06T21:41:40.271Z
c273272193c94029bc9bb144b7f12bb6,2026-02-24T21:00:00Z,2026-02-24T21:13:06Z,auth,auth_enUS_labelerexp,at://did:plc:iv5x7xljqsaizhdthdcomqfv/app.bsky.feed.post/3mfn36hzol22j,bafyreicsb4if7irgchahdhtslsc2eha7y2dfleabtoo454ircoflemqsry,did:plc:iv5x7xljqsaizhdthdcomqfv,!no-unauthenticated,,at://did:plc:iv5x7xljqsaizhdthdcomqfv/app.bsky.actor.profile/self,2025-01-06T21:41:40.271Z
c273272193c94029bc9bb144b7f12bb6,2026-02-24T21:00:00Z,2026-02-24T21:13:06Z,auth,auth_enUS_labelerexp,at://did:plc:ij6ehmoxllz6nwbce45ntsc5/app.bsky.feed.post/3mfn34qmal22c,bafyreignfxs77uedflry7wa7uae4prd5mwokhkmt25z4gkdxwzxzja3kq4,did:plc:ij6ehmoxllz6nwbce45ntsc5,!no-unauthenticated,,at://did:plc:ij6ehmoxllz6nwbce45ntsc5/app.bsky.actor.profile/self,2026-02-07T21:41:45.078Z
c273272193c94029bc9bb144b7f12bb6,2026-02-24T21:00:00Z,2026-02-24T21:13:06Z,auth,auth_enUS_labelerexp,at://did:plc:4lpxyzvmwulld3v6nwansczh/app.bsky.feed.post/3mfn32hnkmc2g,bafyreiahf3lygdsjoedeg46xkpfkq4nejydqxmh4sxl7wvpz5ytptgephe,did:plc:4lpxyzvmwulld3v6nwansczh,!no-unauthenticated,,at://did:plc:4lpxyzvmwulld3v6nwansczh/app.bsky.actor.profile/self,1970-01-01T00:00:00.000Z
c273272193c94029bc9bb144b7f12bb6,2026-02-24T21:00:00Z,2026-02-24T21:13:06Z,auth,auth_enUS_labelerexp,at://did:plc:ij6ehmoxllz6nwbce45ntsc5/app.bsky.feed.post/3mfn2t3hn3s2e,bafyreicfndupjcsfhgkh6ru57kuuzgykt3foneegaruecy3hhxmbortejy,did:plc:ij6ehmoxllz6nwbce45ntsc5,!no-unauthenticated,,at://did:plc:ij6ehmoxllz6nwbce45ntsc5/app.bsky.actor.profile/self,2026-02-07T21:41:45.078Z
c273272193c94029bc9bb144b7f12bb6,2026-02-24T21:00:00Z,2026-02-24T21:13:06Z,auth,auth_enUS_labelerexp,at://did:plc:wky46nhezde3jofmhl6vaqqq/app.bsky.feed.post/3mfn2r7tikc2y,bafyreif4lgxrenmw4t6fsg5rfqmfgj6acttao4xaitvs2umfozbuel2ltm,did:plc:wky46nhezde3jofmhl6vaqqq,!no-unauthenticated,,at://did:plc:wky46nhezde3jofmhl6vaqqq/app.bsky.actor.profile/self,1970-01-01T00:00:00.000Z
c273272193c94029bc9bb144b7f12bb6,2026-02-24T21:00:00Z,2026-02-24T21:13:06Z,auth,auth_enUS_labelerexp,at://did:plc:rl5xsfx5nydx56vukrxktleq/app.bsky.feed.post/3mfn2hmkt222b,bafyreigjdbblkjjg5sfgyysnwbvremmu3dxjvjkw4jor7ghmae27c2uuoi,did:plc:rl5xsfx5nydx56vukrxktleq,!no-unauthenticated,,at://did:plc:rl5xsfx5nydx56vukrxktleq/app.bsky.actor.profile/self,1970-01-01T00:00:00.000Z
c273272193c94029bc9bb144b7f12bb6,2026-02-24T21:00:00Z,2026-02-24T21:13:06Z,auth,auth_enUS_labelerexp,at://did:plc:sshlwhmix4fvaulvegexn4hu/app.bsky.feed.post/3mfn2fixel22m,bafyreidxyqtmooq2gfrmajezevcwlhncg7nejly5onaj6bw3b575m7qequ,did:plc:sshlwhmix4fvaulvegexn4hu,!no-unauthenticated,,at://did:plc:sshlwhmix4fvaulvegexn4hu/app.bsky.actor.profile/self,2025-04-05T23:14:58.651Z
c273272193c94029bc9bb144b7f12bb6,2026-02-24T21:00:00Z,2026-02-24T21:13:06Z,auth,auth_enUS_labelerexp,at://did:plc:ij6ehmoxllz6nwbce45ntsc5/app.bsky.feed.post/3mfn2ainjcc2j,bafyreiggkcorty45oaclyayrionhy7tfjk5jvlb5hc574574zf5pa4zgm4,did:plc:ij6ehmoxllz6nwbce45ntsc5,!no-unauthenticated,,at://did:plc:ij6ehmoxllz6nwbce45ntsc5/app.bsky.actor.profile/self,2026-02-07T21:41:45.078Z
c273272193c94029bc9bb144b7f12bb6,2026-02-24T21:00:00Z,2026-02-24T21:13:06Z,auth,auth_enUS_labelerexp,at://did:plc:23heq3so6hjexfzi32yjn2rx/app.bsky.feed.post/3mfn2ai3f7s25,bafyreih53b2d4eoenoxhndig2rgre4eoexmqzz3kqzdorjptky4cdyj4ma,did:plc:23heq3so6hjexfzi32yjn2rx,!no-unauthenticated,,at://did:plc:23heq3so6hjexfzi32yjn2rx/app.bsky.actor.profile/self,1970-01-01T00:00:00.000Z
c273272193c94029bc9bb144b7f12bb6,2026-02-24T21:00:00Z,2026-02-24T21:13:06Z,auth,auth_enUS_labelerexp,at://did:plc:psvlxgceptmcbc7s5dgvwx4k/app.bsky.feed.post/3mfn23xi5wk23,bafyreihpmk3uw4pdhqwdsb4vcuei4bwbmnav5mcjpdc3ntnkmnd2fcxbpu,did:plc:psvlxgceptmcbc7s5dgvwx4k,!no-unauthenticated,,at://did:plc:psvlxgceptmcbc7s5dgvwx4k/app.bsky.actor.profile/self,1970-01-01T00:00:00.000Z
c273272193c94029bc9bb144b7f12bb6,2026-02-24T21:00:00Z,2026-02-24T21:13:06Z,auth,auth_enUS_labelerexp,at://did:plc:ij6ehmoxllz6nwbce45ntsc5/app.bsky.feed.post/3mfmzzhzhps2p,bafyreibxqemyw4wjtvoqpf2bkiz7e6otgcw6hjwcpsggdy4c537c3vfzg4,did:plc:ij6ehmoxllz6nwbce45ntsc5,!no-unauthenticated,,at://did:plc:ij6ehmoxllz6nwbce45ntsc5/app.bsky.actor.profile/self,2026-02-07T21:41:45.078Z
c273272193c94029bc9bb144b7f12bb6,2026-02-24T21:00:00Z,2026-02-24T21:13:06Z,auth,auth_enUS_labelerexp,at://did:plc:atr6dqefevi2a7snihouojow/app.bsky.feed.post/3mfmzxfdepc2f,bafyreielwlnzrl7cmklesiqi3kpkssgt322jb5dyvwzt7tq5ltkjnhnnim,did:plc:atr6dqefevi2a7snihouojow,!no-unauthenticated,,at://did:plc:atr6dqefevi2a7snihouojow/app.bsky.actor.profile/self,1970-01-01T00:00:00.000Z
c273272193c94029bc9bb144b7f12bb6,2026-02-24T21:00:00Z,2026-02-24T21:13:06Z,auth,auth_enUS_labelerexp,at://did:plc:52mk2bhyzxfzgvd34apzlgqp/app.bsky.feed.post/3mfmzwg6t2k2r,bafyreiahtxdqd4ihottzxkmq4xfw2zd7t46aqetzofl2l5t4trwktlyoja,did:plc:52mk2bhyzxfzgvd34apzlgqp,!no-unauthenticated,,at://did:plc:52mk2bhyzxfzgvd34apzlgqp/app.bsky.actor.profile/self,1970-01-01T00:00:00.000Z
c273272193c94029bc9bb144b7f12bb6,2026-02-24T21:00:00Z,2026-02-24T21:13:06Z,auth,auth_enUS_labelerexp,at://did:plc:ij6ehmoxllz6nwbce45ntsc5/app.bsky.feed.post/3mfmzsuc56c2p,bafyreiditc3eam5u3rtpjkwr56c233bxr35tes2uyjkxn3tmtg62kcsioq,did:plc:ij6ehmoxllz6nwbce45ntsc5,!no-unauthenticated,,at://did:plc:ij6ehmoxllz6nwbce45ntsc5/app.bsky.actor.profile/self,2026-02-07T21:41:45.078Z
c273272193c94029bc9bb144b7f12bb6,2026-02-24T21:00:00Z,2026-02-24T21:13:06Z,auth,auth_enUS_labelerexp,at://did:plc:bbpzwaur4wpsvbo6y7slmhse/app.bsky.feed.post/3mfmznrtuh22s,bafyreiewondrte6qejadtp3id6penl7hsqwxjhia45wyxk2hf2eov74uta,did:plc:bbpzwaur4wpsvbo6y7slmhse,!no-unauthenticated,,at://did:plc:bbpzwaur4wpsvbo6y7slmhse/app.bsky.actor.profile/self,1970-01-01T00:00:00.000Z
c273272193c94029bc9bb144b7f12bb6,2026-02-24T21:00:00Z,2026-02-24T21:13:06Z,auth,auth_enUS_labelerexp,at://did:plc:3yycdnqhodzn4prgxhv4mvey/app.bsky.feed.post/3mfmzjjka6k22,bafyreieqazmj3n4qnfmratzqkt2w5yuksxovorazwlcevx73rmebmcmf3e,did:plc:3yycdnqhodzn4prgxhv4mvey,!no-unauthenticated,,at://did:plc:3yycdnqhodzn4prgxhv4mvey/app.bsky.actor.profile/self,2024-11-13T21:32:07.918Z
c273272193c94029bc9bb144b7f12bb6,2026-02-24T21:00:00Z,2026-02-24T21:13:06Z,auth,auth_enUS_labelerexp,at://did:plc:epre4fqibmxtqeabjtggrrva/app.bsky.feed.post/3mfmz5z2zt225,bafyreiefnapq7n3e4ce6jk33mmfzbgbxb3mg4a3gosrze4uqsjlbp7bk4y,did:plc:epre4fqibmxtqeabjtggrrva,!no-unauthenticated,,at://did:plc:epre4fqibmxtqeabjtggrrva/app.bsky.actor.profile/self,1970-01-01T00:00:00.000Z
c273272193c94029bc9bb144b7f12bb6,2026-02-24T21:00:00Z,2026-02-24T21:13:07Z,auth,auth_enUS_labelerexp,at://did:plc:upchcv6xktbinbc7phvr2yhq/app.bsky.feed.post/3mfmz75s2fs2c,bafyreiaja3qoovrl7md5hmm2epzy5nufm7tpoikyakyjgh73iqaubwwqt4,did:plc:upchcv6xktbinbc7phvr2yhq,!no-unauthenticated,,at://did:plc:upchcv6xktbinbc7phvr2yhq/app.bsky.actor.profile/self,1970-01-01T00:00:00.000Z
c273272193c94029bc9bb144b7f12bb6,2026-02-24T21:00:00Z,2026-02-24T21:13:07Z,auth,auth_enUS_labelerexp,at://did:plc:4h4komujfi37fhofdjwc4z2q/app.bsky.feed.post/3mfmwadg55c2q,bafyreidnm33maew2v6fcyidpqpcwrrm66jfk5owyxxipjgcu6y7vuo7pkq,did:plc:uac6er53o2pvr5y2qmvaf7hw,meta-link,,at://did:plc:4h4komujfi37fhofdjwc4z2q/app.bsky.actor.profile/self,2026-01-08T16:47:31.706Z
c273272193c94029bc9bb144b7f12bb6,2026-02-24T21:00:00Z,2026-02-24T21:13:07Z,auth,auth_enUS_labelerexp,at://did:plc:p2cdncjoaq2kv6atli7m7yhv/app.bsky.feed.post/3mfmudg7fwk2a,bafyreibszchqsdes4mj72vimrhuiikbbaiuozcuryiqntlrhs2piqvsfcu,did:plc:p2cdncjoaq2kv6atli7m7yhv,!no-unauthenticated,,at://did:plc:p2cdncjoaq2kv6atli7m7yhv/app.bsky.actor.profile/self,1970-01-01T00:00:00.000Z
c273272193c94029bc9bb144b7f12bb6,2026-02-24T21:00:00Z,2026-02-24T21:13:07Z,auth,auth_enUS_labelerexp,at://did:plc:mgd5zc4n6kc7gjypqxikbsuu/app.bsky.feed.post/3mfmubnpv4c2n,bafyreie4r3ppwesxxejdegd33hjknn56be2gegkwt5c4yonyopaop2s5em,did:plc:mgd5zc4n6kc7gjypqxikbsuu,!no-unauthenticated,,at://did:plc:mgd5zc4n6kc7gjypqxikbsuu/app.bsky.actor.profile/self,1970-01-01T00:00:00.000Z
c273272193c94029bc9bb144b7f12bb6,2026-02-24T21:00:00Z,2026-02-24T21:13:07Z,auth,auth_enUS_labelerexp,at://did:plc:lrzkd5exmxqrblbruvjieofj/app.bsky.feed.post/3mfmju27fs52x,bafyreiazbblcnzlyiyetlzzvavh27gpoan2dcpfnjakx5iq5cg5ccgakfy,did:plc:lrzkd5exmxqrblbruvjieofj,!no-unauthenticated,,at://did:plc:lrzkd5exmxqrblbruvjieofj/app.bsky.actor.profile/self,1970-01-01T00:00:00.000Z
c273272193c94029bc9bb144b7f12bb6,2026-02-24T21:00:00Z,2026-02-24T21:13:07Z,auth,auth_enUS_labelerexp,at://did:plc:lrzkd5exmxqrblbruvjieofj/app.bsky.feed.post/3mfmjtwdutk2c,bafyreiddraxkxuzzv7zorxf24cz2s5x473x36xgxj2wldqdrdfnclkkjii,did:plc:lrzkd5exmxqrblbruvjieofj,!no-unauthenticated,,at://did:plc:lrzkd5exmxqrblbruvjieofj/app.bsky.actor.profile/self,1970-01-01T00:00:00.000Z
c273272193c94029bc9bb144b7f12bb6,2026-02-24T21:00:00Z,2026-02-24T21:13:07Z,auth,auth_enUS_labelerexp,at://did:plc:mkv63uoxv3mldjvkoh3b667f/app.bsky.feed.post/3mfmhjl7g6222,bafyreih7encrl66lrel2sixfgzhtlko3koxlg22par665mubiud43trccq,did:plc:mkv63uoxv3mldjvkoh3b667f,!no-unauthenticated,,at://did:plc:mkv63uoxv3mldjvkoh3b667f/app.bsky.actor.profile/self,2024-11-09T16:28:43.911Z
c273272193c94029bc9bb144b7f12bb6,2026-02-24T21:00:00Z,2026-02-24T21:13:07Z,auth,auth_enUS_labelerexp,at://did:plc:alopimztqgxchtvvgr7th36l/app.bsky.feed.post/3mfmeahxajs2j,bafyreieaf54dx3ehmfkcz5di5cfedfwg3iixylysyze3jsy5724kxrgpjy,did:plc:alopimztqgxchtvvgr7th36l,!no-unauthenticated,,at://did:plc:alopimztqgxchtvvgr7th36l/app.bsky.actor.profile/self,2024-12-21T21:11:10.927Z
c273272193c94029bc9bb144b7f12bb6,2026-02-24T21:00:00Z,2026-02-24T21:13:09Z,auth,auth_enUS_labelerexp,at://did:plc:szpkk6hdu2b4qut6kvppj7jo/app.bsky.feed.post/3mfmzy5rlxc2r,bafyreict2jicscxfwwlcmwm4jm3eaaa6vwxzmz3356maaugimabxf5fqzi,did:plc:l624mewisyr6hymexmrjkprc,l-justvtuber,,did:plc:szpkk6hdu2b4qut6kvppj7jo,2024-10-26T06:58:01.667Z
c273272193c94029bc9bb144b7f12bb6,2026-02-24T21:00:00Z,2026-02-24T21:13:09Z,auth,auth_enUS_labelerexp,at://did:plc:szpkk6hdu2b4qut6kvppj7jo/app.bsky.feed.post/3mfmzy5rlxc2r,bafyreict2jicscxfwwlcmwm4jm3eaaa6vwxzmz3356maaugimabxf5fqzi,did:plc:l624mewisyr6hymexmrjkprc,streamer,,did:plc:szpkk6hdu2b4qut6kvppj7jo,2024-10-26T06:58:15.223Z
c273272193c94029bc9bb144b7f12bb6,2026-02-24T21:00:00Z,2026-02-24T21:13:09Z,auth,auth_enUS_labelerexp,at://did:plc:3rp72mpbkpvm6ajkwa5vfezt/app.bsky.feed.post/3mfmzt7t5rc2c,bafyreib6ldte4oiut3cm2yicbcxbsvwlrepeugc5de4ab7t5foqvtdg5qe,did:plc:ar7c4by46qjdydhdevvrndac,sexual,,at://did:plc:3rp72mpbkpvm6ajkwa5vfezt/app.bsky.feed.post/3mfmzt7t5rc2c,2026-02-24T20:43:59.794Z
c273272193c94029bc9bb144b7f12bb6,2026-02-24T21:00:00Z,2026-02-24T21:13:09Z,auth,auth_enUS_labelerexp,at://did:plc:oeo65llktxhnf2v5lb3jqd77/app.bsky.feed.post/3mfmzpt6a2c2l,bafyreiag2y7ll67zzvmdymmzrgtwuovbl6qgla47jhu4gfeaoox7wolowq,did:plc:oeo65llktxhnf2v5lb3jqd77,!no-unauthenticated,,at://did:plc:oeo65llktxhnf2v5lb3jqd77/app.bsky.actor.profile/self,1970-01-01T00:00:00.000Z
c273272193c94029bc9bb144b7f12bb6,2026-02-24T21:00:00Z,2026-02-24T21:13:09Z,auth,auth_enUS_labelerexp,at://did:plc:qh5lcstkxpz2urcrbsvw5yu7/app.bsky.feed.post/3mfmzeywv6v2o,bafyreigak7hgufe44pzgxr4ra3nnsu3uodhdsuf6ek6iaeof44hqi6vkda,did:plc:l624mewisyr6hymexmrjkprc,l-justvtuber,,did:plc:qh5lcstkxpz2urcrbsvw5yu7,2024-10-20T16:34:21.177Z
c273272193c94029bc9bb144b7f12bb6,2026-02-24T21:00:00Z,2026-02-24T21:13:09Z,auth,auth_enUS_labelerexp,at://did:plc:qh5lcstkxpz2urcrbsvw5yu7/app.bsky.feed.post/3mfmzeywv6v2o,bafyreigak7hgufe44pzgxr4ra3nnsu3uodhdsuf6ek6iaeof44hqi6vkda,did:plc:l624mewisyr6hymexmrjkprc,streamer,,did:plc:qh5lcstkxpz2urcrbsvw5yu7,2024-10-22T16:32:49.810Z
c273272193c94029bc9bb144b7f12bb6,2026-02-24T21:00:00Z,2026-02-24T21:13:09Z,auth,auth_enUS_labelerexp,at://did:plc:pb4vjiuikfwfertd23kp6p77/app.bsky.feed.post/3mfmzedlbov25,bafyreieeszq6xorlpevsir4tkfgar7gzoutdstrk7ibwbblfiaivbikiua,did:plc:l624mewisyr6hymexmrjkprc,artistdesigner,,did:plc:pb4vjiuikfwfertd23kp6p77,2024-10-20T20:54:57.470Z
c273272193c94029bc9bb144b7f12bb6,2026-02-24T21:00:00Z,2026-02-24T21:13:09Z,auth,auth_enUS_labelerexp,at://did:plc:pb4vjiuikfwfertd23kp6p77/app.bsky.feed.post/3mfmzedlbov25,bafyreieeszq6xorlpevsir4tkfgar7gzoutdstrk7ibwbblfiaivbikiua,did:plc:l624mewisyr6hymexmrjkprc,l-justvtuber,,did:plc:pb4vjiuikfwfertd23kp6p77,2024-10-20T20:55:06.769Z
c273272193c94029bc9bb144b7f12bb6,2026-02-24T21:00:00Z,2026-02-24T21:13:09Z,auth,auth_enUS_labelerexp,at://did:plc:pb4vjiuikfwfertd23kp6p77/app.bsky.feed.post/3mfmzedlbov25,bafyreieeszq6xorlpevsir4tkfgar7gzoutdstrk7ibwbblfiaivbikiua,did:plc:l624mewisyr6hymexmrjkprc,streamer,,did:plc:pb4vjiuikfwfertd23kp6p77,2024-10-21T00:45:38.485Z
c273272193c94029bc9bb144b7f12bb6,2026-02-24T21:00:00Z,2026-02-24T21:13:09Z,auth,auth_enUS_labelerexp,at://did:plc:pb4vjiuikfwfertd23kp6p77/app.bsky.feed.post/3mfmzedlbov25,bafyreieeszq6xorlpevsir4tkfgar7gzoutdstrk7ibwbblfiaivbikiua,did:plc:pb4vjiuikfwfertd23kp6p77,!no-unauthenticated,,at://did:plc:pb4vjiuikfwfertd23kp6p77/app.bsky.actor.profile/self,2024-08-29T12:57:58.007Z
c273272193c94029bc9bb144b7f12bb6,2026-02-24T21:00:00Z,2026-02-24T21:13:09Z,auth,auth_enUS_labelerexp,at://did:plc:qpiocwmk3qwy72mh325aktss/app.bsky.feed.post/3mfmza7n6ot2f,bafyreibwsqcmsnnujdlbt4l2ipanehgnjp222rj57udjniz3g3di7npxea,did:plc:l624mewisyr6hymexmrjkprc,l-justvtuber,,did:plc:qpiocwmk3qwy72mh325aktss,2024-11-11T16:40:03.592Z
c273272193c94029bc9bb144b7f12bb6,2026-02-24T21:00:00Z,2026-02-24T21:13:09Z,auth,auth_enUS_labelerexp,at://did:plc:qpiocwmk3qwy72mh325aktss/app.bsky.feed.post/3mfmza7n6ot2f,bafyreibwsqcmsnnujdlbt4l2ipanehgnjp222rj57udjniz3g3di7npxea,did:plc:l624mewisyr6hymexmrjkprc,streamer,,did:plc:qpiocwmk3qwy72mh325aktss,2024-11-11T16:40:27.528Z
c273272193c94029bc9bb144b7f12bb6,2026-02-24T21:00:00Z,2026-02-24T21:13:09Z,auth,auth_enUS_labelerexp,at://did:plc:qpiocwmk3qwy72mh325aktss/app.bsky.feed.post/3mfmza7n6ot2f,bafyreibwsqcmsnnujdlbt4l2ipanehgnjp222rj57udjniz3g3di7npxea,did:plc:qpiocwmk3qwy72mh325aktss,!no-unauthenticated,,at://did:plc:qpiocwmk3qwy72mh325aktss/app.bsky.actor.profile/self,2024-04-27T03:34:07.610Z
c273272193c94029bc9bb144b7f12bb6,2026-02-24T21:00:00Z,2026-02-24T21:13:09Z,auth,auth_enUS_labelerexp,at://did:plc:qnajslqllgz5vzfu7regmkhf/app.bsky.feed.post/3mfmz7mbhj22x,bafyreid7k6pxsx7vtifyxd5beho3k2ejvspfatl3bn5qy3b35pygl2un4i,did:plc:l624mewisyr6hymexmrjkprc,artistdesigner,,did:plc:qnajslqllgz5vzfu7regmkhf,2024-10-22T18:44:10.854Z
c273272193c94029bc9bb144b7f12bb6,2026-02-24T21:00:00Z,2026-02-24T21:13:09Z,auth,auth_enUS_labelerexp,at://did:plc:qnajslqllgz5vzfu7regmkhf/app.bsky.feed.post/3mfmz7mbhj22x,bafyreid7k6pxsx7vtifyxd5beho3k2ejvspfatl3bn5qy3b35pygl2un4i,did:plc:l624mewisyr6hymexmrjkprc,l-justvtuber,,did:plc:qnajslqllgz5vzfu7regmkhf,2024-10-22T18:44:05.549Z
c273272193c94029bc9bb144b7f12bb6,2026-02-24T21:00:00Z,2026-02-24T21:13:09Z,auth,auth_enUS_labelerexp,at://did:plc:qnajslqllgz5vzfu7regmkhf/app.bsky.feed.post/3mfmz7mbhj22x,bafyreid7k6pxsx7vtifyxd5beho3k2ejvspfatl3bn5qy3b35pygl2un4i,did:plc:l624mewisyr6hymexmrjkprc,streamer,,did:plc:qnajslqllgz5vzfu7regmkhf,2024-10-22T18:43:58.888Z
c273272193c94029bc9bb144b7f12bb6,2026-02-24T21:00:00Z,2026-02-24T21:13:09Z,auth,auth_enUS_labelerexp,at://did:plc:qnajslqllgz5vzfu7regmkhf/app.bsky.feed.post/3mfmz7mbhj22x,bafyreid7k6pxsx7vtifyxd5beho3k2ejvspfatl3bn5qy3b35pygl2un4i,did:plc:l624mewisyr6hymexmrjkprc,vstreamer,,did:plc:qnajslqllgz5vzfu7regmkhf,2024-10-22T18:44:00.986Z
c273272193c94029bc9bb144b7f12bb6,2026-02-24T21:00:00Z,2026-02-24T21:13:09Z,auth,auth_enUS_labelerexp,at://did:plc:rn7xrihm2nufsuhqwdc4g3ze/app.bsky.feed.post/3mfmz6xzuu22c,bafyreidvygfkelppf7zowtsp4lpsl6gzafnab5jrla2fa7vpmukoynney4,did:plc:l624mewisyr6hymexmrjkprc,artistdesigner,,did:plc:rn7xrihm2nufsuhqwdc4g3ze,2024-10-21T03:04:50.070Z
c273272193c94029bc9bb144b7f12bb6,2026-02-24T21:00:00Z,2026-02-24T21:13:09Z,auth,auth_enUS_labelerexp,at://did:plc:rn7xrihm2nufsuhqwdc4g3ze/app.bsky.feed.post/3mfmz6xzuu22c,bafyreidvygfkelppf7zowtsp4lpsl6gzafnab5jrla2fa7vpmukoynney4,did:plc:l624mewisyr6hymexmrjkprc,l-justvtuber,,did:plc:rn7xrihm2nufsuhqwdc4g3ze,2024-10-21T03:04:30.079Z
c273272193c94029bc9bb144b7f12bb6,2026-02-24T21:00:00Z,2026-02-24T21:13:09Z,auth,auth_enUS_labelerexp,at://did:plc:rn7xrihm2nufsuhqwdc4g3ze/app.bsky.feed.post/3mfmz6xzuu22c,bafyreidvygfkelppf7zowtsp4lpsl6gzafnab5jrla2fa7vpmukoynney4,did:plc:l624mewisyr6hymexmrjkprc,streamer,,did:plc:rn7xrihm2nufsuhqwdc4g3ze,2024-10-21T03:04:34.604Z
c273272193c94029bc9bb144b7f12bb6,2026-02-24T21:00:00Z,2026-02-24T21:13:09Z,auth,auth_enUS_labelerexp,at://did:plc:rn7xrihm2nufsuhqwdc4g3ze/app.bsky.feed.post/3mfmz6xzuu22c,bafyreidvygfkelppf7zowtsp4lpsl6gzafnab5jrla2fa7vpmukoynney4,did:plc:rn7xrihm2nufsuhqwdc4g3ze,!no-unauthenticated,,at://did:plc:rn7xrihm2nufsuhqwdc4g3ze/app.bsky.actor.profile/self,1970-01-01T00:00:00.000Z
c273272193c94029bc9bb144b7f12bb6,2026-02-24T21:00:00Z,2026-02-24T21:13:09Z,auth,auth_enUS_labelerexp,at://did:plc:kjnet2viyumgkqtjnzo6y4pz/app.bsky.feed.post/3mfmz5dyvkk2e,bafyreib2t2blgqlu57pyt2zipk44fmpps63wjfdjkbcquvbp26ripcu5v4,did:plc:l624mewisyr6hymexmrjkprc,artistdesigner,,did:plc:kjnet2viyumgkqtjnzo6y4pz,2024-10-20T09:27:26.706Z
c273272193c94029bc9bb144b7f12bb6,2026-02-24T21:00:00Z,2026-02-24T21:13:09Z,auth,auth_enUS_labelerexp,at://did:plc:kjnet2viyumgkqtjnzo6y4pz/app.bsky.feed.post/3mfmz5dyvkk2e,bafyreib2t2blgqlu57pyt2zipk44fmpps63wjfdjkbcquvbp26ripcu5v4,did:plc:l624mewisyr6hymexmrjkprc,l-justvtuber,,did:plc:kjnet2viyumgkqtjnzo6y4pz,2024-10-20T09:27:32.150Z
c273272193c94029bc9bb144b7f12bb6,2026-02-24T21:00:00Z,2026-02-24T21:13:09Z,auth,auth_enUS_labelerexp,at://did:plc:kjnet2viyumgkqtjnzo6y4pz/app.bsky.feed.post/3mfmz5dyvkk2e,bafyreib2t2blgqlu57pyt2zipk44fmpps63wjfdjkbcquvbp26ripcu5v4,did:plc:l624mewisyr6hymexmrjkprc,label-educator,,did:plc:kjnet2viyumgkqtjnzo6y4pz,2024-10-24T15:41:23.975Z
c273272193c94029bc9bb144b7f12bb6,2026-02-24T21:00:00Z,2026-02-24T21:13:09Z,auth,auth_enUS_labelerexp,at://did:plc:kjnet2viyumgkqtjnzo6y4pz/app.bsky.feed.post/3mfmz5dyvkk2e,bafyreib2t2blgqlu57pyt2zipk44fmpps63wjfdjkbcquvbp26ripcu5v4,did:plc:l624mewisyr6hymexmrjkprc,musician,,did:plc:kjnet2viyumgkqtjnzo6y4pz,2025-06-25T19:14:32.919Z
c273272193c94029bc9bb144b7f12bb6,2026-02-24T21:00:00Z,2026-02-24T21:13:09Z,auth,auth_enUS_labelerexp,at://did:plc:kjnet2viyumgkqtjnzo6y4pz/app.bsky.feed.post/3mfmz5dyvkk2e,bafyreib2t2blgqlu57pyt2zipk44fmpps63wjfdjkbcquvbp26ripcu5v4,did:plc:l624mewisyr6hymexmrjkprc,photographers,,did:plc:kjnet2viyumgkqtjnzo6y4pz,2025-05-27T00:12:30.879Z
c273272193c94029bc9bb144b7f12bb6,2026-02-24T21:00:00Z,2026-02-24T21:13:09Z,auth,auth_enUS_labelerexp,at://did:plc:kjnet2viyumgkqtjnzo6y4pz/app.bsky.feed.post/3mfmz5dyvkk2e,bafyreib2t2blgqlu57pyt2zipk44fmpps63wjfdjkbcquvbp26ripcu5v4,did:plc:l624mewisyr6hymexmrjkprc,singer,,did:plc:kjnet2viyumgkqtjnzo6y4pz,2024-10-20T09:26:57.774Z
c273272193c94029bc9bb144b7f12bb6,2026-02-24T21:00:00Z,2026-02-24T21:13:09Z,auth,auth_enUS_labelerexp,at://did:plc:kjnet2viyumgkqtjnzo6y4pz/app.bsky.feed.post/3mfmz5dyvkk2e,bafyreib2t2blgqlu57pyt2zipk44fmpps63wjfdjkbcquvbp26ripcu5v4,did:plc:l624mewisyr6hymexmrjkprc,writer,,did:plc:kjnet2viyumgkqtjnzo6y4pz,2024-10-20T09:27:37.267Z
c273272193c94029bc9bb144b7f12bb6,2026-02-24T21:00:00Z,2026-02-24T21:13:09Z,auth,auth_enUS_labelerexp,at://did:plc:kjnet2viyumgkqtjnzo6y4pz/app.bsky.feed.post/3mfmz5dyvkk2e,bafyreib2t2blgqlu57pyt2zipk44fmpps63wjfdjkbcquvbp26ripcu5v4,did:plc:l624mewisyr6hymexmrjkprc,youtaite,,did:plc:kjnet2viyumgkqtjnzo6y4pz,2024-10-20T09:27:42.181Z
c273272193c94029bc9bb144b7f12bb6,2026-02-24T21:00:00Z,2026-02-24T21:13:09Z,auth,auth_enUS_labelerexp,at://did:plc:3ahmqmwjcrblpqmo3r5xw6n5/app.bsky.feed.post/3mfmz46kors27,bafyreieob6pt4ybd4agiaqabg666b4jbr2xan6ac2pyfadoiysjt66ll5i,did:plc:l624mewisyr6hymexmrjkprc,artistdesigner,,did:plc:3ahmqmwjcrblpqmo3r5xw6n5,2024-10-20T23:46:44.397Z
c273272193c94029bc9bb144b7f12bb6,2026-02-24T21:00:00Z,2026-02-24T21:13:09Z,auth,auth_enUS_labelerexp,at://did:plc:3ahmqmwjcrblpqmo3r5xw6n5/app.bsky.feed.post/3mfmz46kors27,bafyreieob6pt4ybd4agiaqabg666b4jbr2xan6ac2pyfadoiysjt66ll5i,did:plc:l624mewisyr6hymexmrjkprc,l-justvtuber,,did:plc:3ahmqmwjcrblpqmo3r5xw6n5,2024-10-20T23:46:35.517Z
c273272193c94029bc9bb144b7f12bb6,2026-02-24T21:00:00Z,2026-02-24T21:13:09Z,auth,auth_enUS_labelerexp,at://did:plc:3ahmqmwjcrblpqmo3r5xw6n5/app.bsky.feed.post/3mfmz46kors27,bafyreieob6pt4ybd4agiaqabg666b4jbr2xan6ac2pyfadoiysjt66ll5i,did:plc:uac6er53o2pvr5y2qmvaf7hw,x-link,,at://did:plc:3ahmqmwjcrblpqmo3r5xw6n5/app.bsky.actor.profile/self,2026-01-23T14:39:28.498Z
c273272193c94029bc9bb144b7f12bb6,2026-02-24T21:00:00Z,2026-02-24T21:13:09Z,auth,auth_enUS_labelerexp,at://did:plc:3ahmqmwjcrblpqmo3r5xw6n5/app.bsky.feed.post/3mfmz46kors27,bafyreieob6pt4ybd4agiaqabg666b4jbr2xan6ac2pyfadoiysjt66ll5i,did:plc:3ahmqmwjcrblpqmo3r5xw6n5,!no-unauthenticated,,at://did:plc:3ahmqmwjcrblpqmo3r5xw6n5/app.bsky.actor.profile/self,1970-01-01T00:00:00.000Z
c273272193c94029bc9bb144b7f12bb6,2026-02-24T21:00:00Z,2026-02-24T21:13:09Z,auth,auth_enUS_labelerexp,at://did:plc:6nrykjezbxfxeubizsoipwbo/app.bsky.feed.post/3mfmz3yiwul2q,bafyreif4sdbeep5mojlzhgwjgt7gfsjlxzocsif2dwxtw7uljkyjvmmfcy,did:plc:l624mewisyr6hymexmrjkprc,Photographers,,did:plc:6nrykjezbxfxeubizsoipwbo,2024-10-22T04:46:44.265Z
c273272193c94029bc9bb144b7f12bb6,2026-02-24T21:00:00Z,2026-02-24T21:13:09Z,auth,auth_enUS_labelerexp,at://did:plc:6nrykjezbxfxeubizsoipwbo/app.bsky.feed.post/3mfmz3yiwul2q,bafyreif4sdbeep5mojlzhgwjgt7gfsjlxzocsif2dwxtw7uljkyjvmmfcy,did:plc:l624mewisyr6hymexmrjkprc,l-justvtuber,,did:plc:6nrykjezbxfxeubizsoipwbo,2024-10-22T04:46:48.736Z
c273272193c94029bc9bb144b7f12bb6,2026-02-24T21:00:00Z,2026-02-24T21:13:09Z,auth,auth_enUS_labelerexp,at://did:plc:6nrykjezbxfxeubizsoipwbo/app.bsky.feed.post/3mfmz3yiwul2q,bafyreif4sdbeep5mojlzhgwjgt7gfsjlxzocsif2dwxtw7uljkyjvmmfcy,did:plc:l624mewisyr6hymexmrjkprc,vstreamer,,did:plc:6nrykjezbxfxeubizsoipwbo,2024-10-22T04:46:43.501Z
c273272193c94029bc9bb144b7f12bb6,2026-02-24T21:00:00Z,2026-02-24T21:13:09Z,auth,auth_enUS_labelerexp,at://did:plc:6nrykjezbxfxeubizsoipwbo/app.bsky.feed.post/3mfmz3yiwul2q,bafyreif4sdbeep5mojlzhgwjgt7gfsjlxzocsif2dwxtw7uljkyjvmmfcy,did:plc:l624mewisyr6hymexmrjkprc,vtuber,,did:plc:6nrykjezbxfxeubizsoipwbo,2024-10-22T04:46:48.514Z
c273272193c94029bc9bb144b7f12bb6,2026-02-24T21:00:00Z,2026-02-24T21:13:09Z,auth,auth_enUS_labelerexp,at://did:plc:6nrykjezbxfxeubizsoipwbo/app.bsky.feed.post/3mfmz3yiwul2q,bafyreif4sdbeep5mojlzhgwjgt7gfsjlxzocsif2dwxtw7uljkyjvmmfcy,did:plc:l624mewisyr6hymexmrjkprc,writer,,did:plc:6nrykjezbxfxeubizsoipwbo,2024-10-22T04:46:48.786Z
c273272193c94029bc9bb144b7f12bb6,2026-02-24T21:00:00Z,2026-02-24T21:13:09Z,auth,auth_enUS_labelerexp,at://did:plc:6jnaydm33ioyx35y53xlevxg/app.bsky.feed.post/3mfmytgxp3223,bafyreie66itlmrfywsficjymzkvsbnt3hvwqze2uiyr6cww5l64xdz5eai,did:plc:l624mewisyr6hymexmrjkprc,Photographers,,did:plc:6jnaydm33ioyx35y53xlevxg,2024-10-22T06:59:53.933Z
c273272193c94029bc9bb144b7f12bb6,2026-02-24T21:00:00Z,2026-02-24T21:13:09Z,auth,auth_enUS_labelerexp,at://did:plc:6jnaydm33ioyx35y53xlevxg/app.bsky.feed.post/3mfmytgxp3223,bafyreie66itlmrfywsficjymzkvsbnt3hvwqze2uiyr6cww5l64xdz5eai,did:plc:l624mewisyr6hymexmrjkprc,artistdesigner,,did:plc:6jnaydm33ioyx35y53xlevxg,2024-10-22T06:59:49.182Z
c273272193c94029bc9bb144b7f12bb6,2026-02-24T21:00:00Z,2026-02-24T21:13:09Z,auth,auth_enUS_labelerexp,at://did:plc:6jnaydm33ioyx35y53xlevxg/app.bsky.feed.post/3mfmytgxp3223,bafyreie66itlmrfywsficjymzkvsbnt3hvwqze2uiyr6cww5l64xdz5eai,did:plc:l624mewisyr6hymexmrjkprc,l-cosplay,,did:plc:6jnaydm33ioyx35y53xlevxg,2024-11-03T03:40:54.632Z
c273272193c94029bc9bb144b7f12bb6,2026-02-24T21:00:00Z,2026-02-24T21:13:09Z,auth,auth_enUS_labelerexp,at://did:plc:6jnaydm33ioyx35y53xlevxg/app.bsky.feed.post/3mfmytgxp3223,bafyreie66itlmrfywsficjymzkvsbnt3hvwqze2uiyr6cww5l64xdz5eai,did:plc:l624mewisyr6hymexmrjkprc,l-justvtuber,,did:plc:6jnaydm33ioyx35y53xlevxg,2024-10-22T07:00:04.086Z
c273272193c94029bc9bb144b7f12bb6,2026-02-24T21:00:00Z,2026-02-24T21:13:09Z,auth,auth_enUS_labelerexp,at://did:plc:6jnaydm33ioyx35y53xlevxg/app.bsky.feed.post/3mfmytgxp3223,bafyreie66itlmrfywsficjymzkvsbnt3hvwqze2uiyr6cww5l64xdz5eai,did:plc:l624mewisyr6hymexmrjkprc,photographers,,did:plc:6jnaydm33ioyx35y53xlevxg,2024-11-03T03:48:15.062Z
c273272193c94029bc9bb144b7f12bb6,2026-02-24T21:00:00Z,2026-02-24T21:13:09Z,auth,auth_enUS_labelerexp,at://did:plc:6jnaydm33ioyx35y53xlevxg/app.bsky.feed.post/3mfmytgxp3223,bafyreie66itlmrfywsficjymzkvsbnt3hvwqze2uiyr6cww5l64xdz5eai,did:plc:l624mewisyr6hymexmrjkprc,streamer,,did:plc:6jnaydm33ioyx35y53xlevxg,2024-10-22T06:59:57.175Z
c273272193c94029bc9bb144b7f12bb6,2026-02-24T21:00:00Z,2026-02-24T21:13:09Z,auth,auth_enUS_labelerexp,at://did:plc:6jnaydm33ioyx35y53xlevxg/app.bsky.feed.post/3mfmytgxp3223,bafyreie66itlmrfywsficjymzkvsbnt3hvwqze2uiyr6cww5l64xdz5eai,did:plc:l624mewisyr6hymexmrjkprc,vstreamer,,did:plc:6jnaydm33ioyx35y53xlevxg,2024-10-22T07:00:02.975Z
c273272193c94029bc9bb144b7f12bb6,2026-02-24T21:00:00Z,2026-02-24T21:13:09Z,auth,auth_enUS_labelerexp,at://did:plc:6jnaydm33ioyx35y53xlevxg/app.bsky.feed.post/3mfmytgxp3223,bafyreie66itlmrfywsficjymzkvsbnt3hvwqze2uiyr6cww5l64xdz5eai,did:plc:l624mewisyr6hymexmrjkprc,writer,,did:plc:6jnaydm33ioyx35y53xlevxg,2024-10-22T07:00:07.948Z
c273272193c94029bc9bb144b7f12bb6,2026-02-24T21:00:00Z,2026-02-24T21:13:09Z,auth,auth_enUS_labelerexp,at://did:plc:t6eqyk3hzfptogi6fg3k63hj/app.bsky.feed.post/3mfmzld6whc2s,bafyreifscevikk66dxqukiwmu6hxmcdi2kwbrnpbpp7k5qssn4pd2c7dou,did:plc:t6eqyk3hzfptogi6fg3k63hj,!no-unauthenticated,,at://did:plc:t6eqyk3hzfptogi6fg3k63hj/app.bsky.actor.profile/self,2024-09-07T17:55:01.649Z
c273272193c94029bc9bb144b7f12bb6,2026-02-24T21:00:00Z,2026-02-24T21:13:09Z,auth,auth_enUS_labelerexp,at://did:plc:hwpr34rbumu3gty56cetcssx/app.bsky.feed.post/3mfmzgakkg223,bafyreiddzv3zmdob3kzwmcn7s7n5bo5u3jrhmx5bxauityqpbegoinljku,did:plc:hwpr34rbumu3gty56cetcssx,!no-unauthenticated,,at://did:plc:hwpr34rbumu3gty56cetcssx/app.bsky.actor.profile/self,2024-11-22T19:47:14.963Z
c273272193c94029bc9bb144b7f12bb6,2026-02-24T21:00:00Z,2026-02-24T21:13:09Z,auth,auth_enUS_labelerexp,at://did:plc:aagag3u4devq33br2xsuoejq/app.bsky.feed.post/3mfmyub2xlk2b,bafyreieyw3kn6pp3tfc63r3snmx6vp2otdtkkeknimti7xf72ztq74cxji,did:plc:aagag3u4devq33br2xsuoejq,!no-unauthenticated,,at://did:plc:aagag3u4devq33br2xsuoejq/app.bsky.actor.profile/self,2024-11-08T11:08:47.713Z
c273272193c94029bc9bb144b7f12bb6,2026-02-24T21:00:00Z,2026-02-24T21:13:09Z,auth,auth_enUS_labelerexp,at://did:plc:tizafaudcvlcmklmnuk7uo3i/app.bsky.feed.post/3mfmy5oynlk2h,bafyreigog2jgobunjfihmmshqnxe45bxh6yiakyiuku5jxi2ifeyuwfmie,did:plc:tizafaudcvlcmklmnuk7uo3i,!no-unauthenticated,,at://did:plc:tizafaudcvlcmklmnuk7uo3i/app.bsky.actor.profile/self,2024-12-03T23:12:25.570Z
c273272193c94029bc9bb144b7f12bb6,2026-02-24T21:00:00Z,2026-02-24T21:13:09Z,auth,auth_enUS_labelerexp,at://did:plc:7hasi4n7ey4da6nndiyjoief/app.bsky.feed.post/3mfmxjflh722m,bafyreidajx734kpp6rpzuftssfki4nlhwpt3tamdp5i4rnz4ysbjvx6giq,did:plc:uac6er53o2pvr5y2qmvaf7hw,high-total-facet-count,,at://did:plc:7hasi4n7ey4da6nndiyjoief/app.bsky.feed.post/3mfmxjflh722m,2026-02-24T20:02:44.470Z
c273272193c94029bc9bb144b7f12bb6,2026-02-24T21:00:00Z,2026-02-24T21:13:11Z,auth,auth_enUS_labelerexp,at://did:plc:mrfno7ipwulhds2wloxccvdg/app.bsky.feed.post/3mfn27dqwy225,bafyreih6kvm55q6en7daistuqvo5gnphy6gvzlt5ye2fzfhosw2hji3zai,did:plc:mrfno7ipwulhds2wloxccvdg,!no-unauthenticated,,at://did:plc:mrfno7ipwulhds2wloxccvdg/app.bsky.actor.profile/self,2025-06-26T08:18:36.849Z
c273272193c94029bc9bb144b7f12bb6,2026-02-24T21:00:00Z,2026-02-24T21:13:11Z,auth,auth_enUS_labelerexp,at://did:plc:54sseirocbaiilspkdidaeg2/app.bsky.feed.post/3mfmtymywms25,bafyreiblzyav2omjt7p7wr7h5odupxiaw7cbfzerbrl3txhcz5gpoedbcq,did:plc:uac6er53o2pvr5y2qmvaf7hw,telegram-link,,at://did:plc:54sseirocbaiilspkdidaeg2/app.bsky.actor.profile/self,2026-01-08T18:26:16.956Z
c273272193c94029bc9bb144b7f12bb6,2026-02-24T21:00:00Z,2026-02-24T21:13:11Z,auth,auth_enUS_labelerexp,at://did:plc:4d6ttv5ptp4q7vrfuqcaivno/app.bsky.feed.post/3mfmsfl3vjs22,bafyreibonfhuvthtcoo6akfurrqrhlzglina6txrpnz46kktudwaveee6e,did:plc:uac6er53o2pvr5y2qmvaf7hw,telegram-link,,at://did:plc:4d6ttv5ptp4q7vrfuqcaivno/app.bsky.actor.profile/self,2025-07-12T17:06:38.800Z
c273272193c94029bc9bb144b7f12bb6,2026-02-24T21:00:00Z,2026-02-24T21:13:11Z,auth,auth_enUS_labelerexp,at://did:plc:g7xy3gqwe74uojg7z5ybu7rr/app.bsky.feed.post/3mfmp6cbc3224,bafyreifswmbi2hzc75rkkjr34z42oev4h2ghjdeckmriw3dxicmz2hryzq,did:plc:uac6er53o2pvr5y2qmvaf7hw,high-total-facet-count,,at://did:plc:g7xy3gqwe74uojg7z5ybu7rr/app.bsky.feed.post/3mfmp6cbc3224,2026-02-24T17:34:07.365Z
c273272193c94029bc9bb144b7f12bb6,2026-02-24T21:00:00Z,2026-02-24T21:13:11Z,auth,auth_enUS_labelerexp,at://did:plc:n2p52gz3vlyntrgj6qy2xa3z/app.bsky.feed.post/3mfmp6csul227,bafyreibpn5avygmpeiwmuawosq5mpthwo5nkdk4fxqtkdzi5o6kcrdleyy,did:plc:l624mewisyr6hymexmrjkprc,artistdesigner,,did:plc:n2p52gz3vlyntrgj6qy2xa3z,2025-04-14T23:36:09.481Z
c273272193c94029bc9bb144b7f12bb6,2026-02-24T21:00:00Z,2026-02-24T21:13:11Z,auth,auth_enUS_labelerexp,at://did:plc:n2p52gz3vlyntrgj6qy2xa3z/app.bsky.feed.post/3mfmp6csul227,bafyreibpn5avygmpeiwmuawosq5mpthwo5nkdk4fxqtkdzi5o6kcrdleyy,did:plc:n2p52gz3vlyntrgj6qy2xa3z,!no-unauthenticated,,at://did:plc:n2p52gz3vlyntrgj6qy2xa3z/app.bsky.actor.profile/self,1970-01-01T00:00:00.000Z
c273272193c94029bc9bb144b7f12bb6,2026-02-24T21:00:00Z,2026-02-24T21:13:11Z,auth,auth_enUS_labelerexp,at://did:plc:4d6ttv5ptp4q7vrfuqcaivno/app.bsky.feed.post/3mfm6cgjawk2i,bafyreielnmho6pvkt62fy5nriydzpdnz5b2jy6fmlxx4tykl3beffrsxia,did:plc:uac6er53o2pvr5y2qmvaf7hw,telegram-link,,at://did:plc:4d6ttv5ptp4q7vrfuqcaivno/app.bsky.actor.profile/self,2025-07-12T17:06:38.800Z
c273272193c94029bc9bb144b7f12bb6,2026-02-24T21:00:00Z,2026-02-24T21:13:11Z,auth,auth_enUS_labelerexp,at://did:plc:i57vx43gwsguitizh6l2sos5/app.bsky.feed.post/3mflxrgtwz227,bafyreiaoxtkhbmzxu7hezrwyc3vamo5fe4usvtjqe4odykcpui5jhqjykq,did:plc:i57vx43gwsguitizh6l2sos5,porn,,at://did:plc:i57vx43gwsguitizh6l2sos5/app.bsky.feed.post/3mflxrgtwz227,2026-02-24T10:34:31.504Z
c273272193c94029bc9bb144b7f12bb6,2026-02-24T21:00:00Z,2026-02-24T21:13:11Z,auth,auth_enUS_labelerexp,at://did:plc:mrfno7ipwulhds2wloxccvdg/app.bsky.feed.post/3mflb25iqu22z,bafyreigviwky3uuksavvtzr4jdpzuj3lrbl5kadz7zhqh2manyfllfb7hy,did:plc:mrfno7ipwulhds2wloxccvdg,!no-unauthenticated,,at://did:plc:mrfno7ipwulhds2wloxccvdg/app.bsky.actor.profile/self,2025-06-26T08:18:36.849Z
c273272193c94029bc9bb144b7f12bb6,2026-02-24T21:00:00Z,2026-02-24T21:13:11Z,auth,auth_enUS_labelerexp,at://did:plc:o2ynlqvtdrenys5iav6m6uld/app.bsky.feed.post/3mfkx5batl22c,bafyreif6tbp6oapwmpvix6me3b7p5xpf2qptsxgxnyy2nw5iyt6yz75v3m,did:plc:o2ynlqvtdrenys5iav6m6uld,!no-unauthenticated,,at://did:plc:o2ynlqvtdrenys5iav6m6uld/app.bsky.actor.profile/self,1970-01-01T00:00:00.000Z
c273272193c94029bc9bb144b7f12bb6,2026-02-24T21:00:00Z,2026-02-24T21:13:11Z,auth,auth_enUS_labelerexp,at://did:plc:mrfno7ipwulhds2wloxccvdg/app.bsky.feed.post/3mfkgfxhfg22d,bafyreihcjc6ucvwqgtlx33cwk6uknioiagupf53m3gjgovwkycpslly5lm,did:plc:mrfno7ipwulhds2wloxccvdg,!no-unauthenticated,,at://did:plc:mrfno7ipwulhds2wloxccvdg/app.bsky.actor.profile/self,2025-06-26T08:18:36.849Z
c273272193c94029bc9bb144b7f12bb6,2026-02-24T21:00:00Z,2026-02-24T21:13:12Z,auth,auth_enUS_labelerexp,at://did:plc:xrsq5iauajvxx54nyp6k4bb6/app.bsky.feed.post/3mfn2ugkasn2w,bafyreibcwalsrrxmiwvtqabyjfhiybw6qjmaprlhv3wklah2bb6qty42ba,did:plc:xrsq5iauajvxx54nyp6k4bb6,!no-unauthenticated,,at://did:plc:xrsq5iauajvxx54nyp6k4bb6/app.bsky.actor.profile/self,1970-01-01T00:00:00.000Z
c273272193c94029bc9bb144b7f12bb6,2026-02-24T21:00:00Z,2026-02-24T21:13:12Z,auth,auth_enUS_labelerexp,at://did:plc:lk6qunbzq4wahwgavup56t3m/app.bsky.feed.post/3mfn2tzv3ic2c,bafyreidzbrj5okofcqfz7fhl2v6jvsygryhdbvruy4ycjcwo5xml7mog5y,did:plc:lk6qunbzq4wahwgavup56t3m,!no-unauthenticated,,at://did:plc:lk6qunbzq4wahwgavup56t3m/app.bsky.actor.profile/self,1970-01-01T00:00:00.000Z
c273272193c94029bc9bb144b7f12bb6,2026-02-24T21:00:00Z,2026-02-24T21:13:12Z,auth,auth_enUS_labelerexp,at://did:plc:5nk4dgx77rt5b5qiemyqbpgy/app.bsky.feed.post/3mfn2mgrzsc26,bafyreibyfgbcl2xpmfhhsfnobmkiybr4tpq73jt3korksl4nw4qicdomva,did:plc:5nk4dgx77rt5b5qiemyqbpgy,!no-unauthenticated,,at://did:plc:5nk4dgx77rt5b5qiemyqbpgy/app.bsky.actor.profile/self,2025-01-27T18:31:08.963Z
c273272193c94029bc9bb144b7f12bb6,2026-02-24T21:00:00Z,2026-02-24T21:13:12Z,auth,auth_enUS_labelerexp,at://did:plc:n7kvzhe6i5no3pztvaurozjp/app.bsky.feed.post/3mfn23zyize2z,bafyreihxbn5xfpat6nkreapkppvcrrpls4yecvgqa74cclmxv3nibj44by,did:plc:uac6er53o2pvr5y2qmvaf7hw,meta-link,,at://did:plc:n7kvzhe6i5no3pztvaurozjp/app.bsky.actor.profile/self,2025-07-17T15:42:59.657Z
c273272193c94029bc9bb144b7f12bb6,2026-02-24T21:00:00Z,2026-02-24T21:13:13Z,auth,auth_enUS_labelerexp,at://did:plc:eon4u7ptlu3glh3ezbgj2caa/app.bsky.feed.post/3mfn3hcol3s25,bafyreid2ku4jomref5c7oaqrgvfiqjjzjgrdhhdlqei2vukkyu7qgdegui,did:plc:eon4u7ptlu3glh3ezbgj2caa,!no-unauthenticated,,at://did:plc:eon4u7ptlu3glh3ezbgj2caa/app.bsky.actor.profile/self,1970-01-01T00:00:00.000Z
c273272193c94029bc9bb144b7f12bb6,2026-02-24T21:00:00Z,2026-02-24T21:13:13Z,auth,auth_enUS_labelerexp,at://did:plc:kuuuzuyrq3uyilqqe36zl4hz/app.bsky.feed.post/3mfn333khhs2y,bafyreih3svgqecd7qxpptrmuk5pp6pyw7sauokyzsglwpap4ymk3ag6lsq,did:plc:uac6er53o2pvr5y2qmvaf7hw,hate-symbol,,did:plc:kuuuzuyrq3uyilqqe36zl4hz,2025-04-14T08:10:50.454Z
c273272193c94029bc9bb144b7f12bb6,2026-02-24T21:00:00Z,2026-02-24T21:13:13Z,auth,auth_enUS_labelerexp,at://did:plc:kuuuzuyrq3uyilqqe36zl4hz/app.bsky.feed.post/3mfn333khhs2y,bafyreih3svgqecd7qxpptrmuk5pp6pyw7sauokyzsglwpap4ymk3ag6lsq,did:plc:kuuuzuyrq3uyilqqe36zl4hz,!no-unauthenticated,,at://did:plc:kuuuzuyrq3uyilqqe36zl4hz/app.bsky.actor.profile/self,1970-01-01T00:00:00.000Z
c273272193c94029bc9bb144b7f12bb6,2026-02-24T21:00:00Z,2026-02-24T21:13:13Z,auth,auth_enUS_labelerexp,at://did:plc:tq5fi3spyr23d4dro7zahrnf/app.bsky.feed.post/3mfn2oluccs2x,bafyreiftvnecl4t45cj43hyi5zndn7uz25hzjumbnqp73sjarsqgslg4lm,did:plc:tq5fi3spyr23d4dro7zahrnf,!no-unauthenticated,,at://did:plc:tq5fi3spyr23d4dro7zahrnf/app.bsky.actor.profile/self,2024-11-23T10:36:29.501Z
c273272193c94029bc9bb144b7f12bb6,2026-02-24T21:00:00Z,2026-02-24T21:13:13Z,auth,auth_enUS_labelerexp,at://did:plc:qtze5devxdqjwechnfhtl22z/app.bsky.feed.post/3mfn27725rs2x,bafyreihlypnplgyz5xzbs7dahsp6joh373cc5im7dsuhcpopwjiay2oygy,did:plc:uac6er53o2pvr5y2qmvaf7hw,abusive,,did:plc:qtze5devxdqjwechnfhtl22z,2025-04-23T18:02:30.550Z
c273272193c94029bc9bb144b7f12bb6,2026-02-24T21:00:00Z,2026-02-24T21:13:13Z,auth,auth_enUS_labelerexp,at://did:plc:qtze5devxdqjwechnfhtl22z/app.bsky.feed.post/3mfn27725rs2x,bafyreihlypnplgyz5xzbs7dahsp6joh373cc5im7dsuhcpopwjiay2oygy,did:plc:uac6er53o2pvr5y2qmvaf7hw,blocks,,did:plc:qtze5devxdqjwechnfhtl22z,2025-05-05T18:15:41.618Z
c273272193c94029bc9bb144b7f12bb6,2026-02-24T21:00:00Z,2026-02-24T21:13:13Z,auth,auth_enUS_labelerexp,at://did:plc:qtze5devxdqjwechnfhtl22z/app.bsky.feed.post/3mfn27725rs2x,bafyreihlypnplgyz5xzbs7dahsp6joh373cc5im7dsuhcpopwjiay2oygy,did:plc:uac6er53o2pvr5y2qmvaf7hw,violent,,did:plc:qtze5devxdqjwechnfhtl22z,2025-04-23T18:02:30.550Z
c273272193c94029bc9bb144b7f12bb6,2026-02-24T21:00:00Z,2026-02-24T21:13:13Z,auth,auth_enUS_labelerexp,at://did:plc:cs2h3gydkr4n2zjxcnqhu6ky/app.bsky.feed.post/3mfmyrtgmks2u,bafyreiduo7o5slc7xcky4idwph44c4l24cjkb4644oab4jqpgbcx5timqu,did:plc:cs2h3gydkr4n2zjxcnqhu6ky,!no-unauthenticated,,at://did:plc:cs2h3gydkr4n2zjxcnqhu6ky/app.bsky.actor.profile/self,1970-01-01T00:00:00.000Z
c273272193c94029bc9bb144b7f12bb6,2026-02-24T21:00:00Z,2026-02-24T21:13:13Z,auth,auth_enUS_labelerexp,at://did:plc:lpogoljo22n5trxlbztmbyog/app.bsky.feed.post/3mfmydcctcs2p,bafyreiei5juebbgie53w4ue77pcl6da3uhk435hii376tn427bji64qumy,did:plc:lpogoljo22n5trxlbztmbyog,!no-unauthenticated,,at://did:plc:lpogoljo22n5trxlbztmbyog/app.bsky.actor.profile/self,1970-01-01T00:00:00.000Z
c273272193c94029bc9bb144b7f12bb6,2026-02-24T21:00:00Z,2026-02-24T21:13:13Z,auth,auth_enUS_labelerexp,at://did:plc:2by6vug5uxlxxpq7iswcaub5/app.bsky.feed.post/3mfmxt6ljylf2,bafyreifvtm5bmmwlq63rmejvxgacrlvkwdie33xzcu2ftpakq3zb5dvspi,did:plc:2by6vug5uxlxxpq7iswcaub5,bridged-from-bridgy-fed-activitypub,,at://did:plc:2by6vug5uxlxxpq7iswcaub5/app.bsky.actor.profile/self,1970-01-01T00:00:00.000Z
c273272193c94029bc9bb144b7f12bb6,2026-02-24T21:00:00Z,2026-02-24T21:13:13Z,auth,auth_enUS_labelerexp,at://did:plc:q56tjkom3led3xkqgptwhglc/app.bsky.feed.post/3mfmxlm7nek2c,bafyreicrchzxntodll33zawypmodmr75vcs36rep3k2snguq3e32e7ko4a,did:plc:q56tjkom3led3xkqgptwhglc,!no-unauthenticated,,at://did:plc:q56tjkom3led3xkqgptwhglc/app.bsky.actor.profile/self,1970-01-01T00:00:00.000Z
c273272193c94029bc9bb144b7f12bb6,2026-02-24T21:00:00Z,2026-02-24T21:13:13Z,auth,auth_enUS_labelerexp,at://did:plc:7izldb2o3drm56dj6uhcp7m2/app.bsky.feed.post/3mfmx6jqgss2h,bafyreid5t64vrfww5anmmcjplohogtorb7ocf3poxlf2qkpjnonk77g2qe,did:plc:7izldb2o3drm56dj6uhcp7m2,!no-unauthenticated,,at://did:plc:7izldb2o3drm56dj6uhcp7m2/app.bsky.actor.profile/self,1970-01-01T00:00:00.000Z
c273272193c94029bc9bb144b7f12bb6,2026-02-24T21:00:00Z,2026-02-24T21:13:13Z,auth,auth_enUS_labelerexp,at://did:plc:kuuuzuyrq3uyilqqe36zl4hz/app.bsky.feed.post/3mfmwmf2iqk2w,bafyreic3twnj5milmvbq7brnony7iqmw3lfa6zgglynakvzzis52nsngx4,did:plc:uac6er53o2pvr5y2qmvaf7hw,hate-symbol,,did:plc:kuuuzuyrq3uyilqqe36zl4hz,2025-04-14T08:10:50.454Z
c273272193c94029bc9bb144b7f12bb6,2026-02-24T21:00:00Z,2026-02-24T21:13:13Z,auth,auth_enUS_labelerexp,at://did:plc:kuuuzuyrq3uyilqqe36zl4hz/app.bsky.feed.post/3mfmwmf2iqk2w,bafyreic3twnj5milmvbq7brnony7iqmw3lfa6zgglynakvzzis52nsngx4,did:plc:kuuuzuyrq3uyilqqe36zl4hz,!no-unauthenticated,,at://did:plc:kuuuzuyrq3uyilqqe36zl4hz/app.bsky.actor.profile/self,1970-01-01T00:00:00.000Z
c273272193c94029bc9bb144b7f12bb6,2026-02-24T21:00:00Z,2026-02-24T21:13:14Z,auth,auth_enUS_labelerexp,at://did:plc:hsqwcidfez66lwm3gxhfv5in/app.bsky.feed.post/3lhyyamhh622x,bafyreiheql2bihtb2rmloijfucctwmqtbw3hhlobrr6tgnczy4pjif2pgm,did:plc:l624mewisyr6hymexmrjkprc,musician,,did:plc:hsqwcidfez66lwm3gxhfv5in,2025-03-27T01:17:43.943Z
c273272193c94029bc9bb144b7f12bb6,2026-02-24T21:00:00Z,2026-02-24T21:13:14Z,auth,auth_enUS_labelerexp,at://did:plc:tfaosxw6cnp67lgcxfgs52l4/app.bsky.feed.post/3mfmxqzg5ps2i,bafyreihpkup2m4hb3lovo3s6uq5wbwd2ctyu7jsc57ckcusdw6i3sc7eti,did:plc:tfaosxw6cnp67lgcxfgs52l4,!no-unauthenticated,,at://did:plc:tfaosxw6cnp67lgcxfgs52l4/app.bsky.actor.profile/self,2025-03-21T19:04:23.178Z
c273272193c94029bc9bb144b7f12bb6,2026-02-24T21:00:00Z,2026-02-24T21:13:14Z,auth,auth_enUS_labelerexp,at://did:plc:tp34obecfo4zs7sbrmoeycnq/app.bsky.feed.post/3mfmeo4litk2i,bafyreih4rv5yp7jcevkoeqczsn2lmkpegnmiksqhjugzomkazsaviuv5ja,did:plc:tp34obecfo4zs7sbrmoeycnq,!no-unauthenticated,,at://did:plc:tp34obecfo4zs7sbrmoeycnq/app.bsky.actor.profile/self,1970-01-01T00:00:00.000Z
c273272193c94029bc9bb144b7f12bb6,2026-02-24T21:00:00Z,2026-02-24T21:13:14Z,auth,auth_enUS_labelerexp,at://did:plc:cpvzaynmhryhpp4ba35hqs7g/app.bsky.feed.post/3mfm5mxe2n22v,bafyreihgbzrxmuigruzdq7ul72zqwqu7ozkqm3j7bsxotejvj73lhkudxm,did:plc:cpvzaynmhryhpp4ba35hqs7g,!no-unauthenticated,,at://did:plc:cpvzaynmhryhpp4ba35hqs7g/app.bsky.actor.profile/self,2024-08-16T18:33:41.646Z
c273272193c94029bc9bb144b7f12bb6,2026-02-24T21:00:00Z,2026-02-24T21:13:14Z,auth,auth_enUS_labelerexp,at://did:plc:tp34obecfo4zs7sbrmoeycnq/app.bsky.feed.post/3mflkbxzwas24,bafyreih6j6jv7hjght4hd4hmefssyzffaecc3qwblz3nu32iemmamwo66q,did:plc:tp34obecfo4zs7sbrmoeycnq,!no-unauthenticated,,at://did:plc:tp34obecfo4zs7sbrmoeycnq/app.bsky.actor.profile/self,1970-01-01T00:00:00.000Z
c273272193c94029bc9bb144b7f12bb6,2026-02-24T21:00:00Z,2026-02-24T21:13:14Z,auth,auth_enUS_labelerexp,at://did:plc:lin4w62awwyf6rslmjwds2yd/app.bsky.feed.post/3mfksr7t55k2x,bafyreignxikpg52zezwjqftchfe47et5xe4j6tvwwv7rvn27ilo343qzym,did:plc:lin4w62awwyf6rslmjwds2yd,!no-unauthenticated,,at://did:plc:lin4w62awwyf6rslmjwds2yd/app.bsky.actor.profile/self,1970-01-01T00:00:00.000Z
c273272193c94029bc9bb144b7f12bb6,2026-02-24T21:00:00Z,2026-02-24T21:13:14Z,auth,auth_enUS_labelerexp,at://did:plc:ln7mx5uay3sd5kt7gq7ytypq/app.bsky.feed.post/3mfkfws4qx22n,bafyreiamamo5t7ia7arh5hcpjmwrdhjvrqa5xwzaaw5nnjfgj6bs3y3hsu,did:plc:ln7mx5uay3sd5kt7gq7ytypq,!no-unauthenticated,,at://did:plc:ln7mx5uay3sd5kt7gq7ytypq/app.bsky.actor.profile/self,1970-01-01T00:00:00.000Z
c273272193c94029bc9bb144b7f12bb6,2026-02-24T21:00:00Z,2026-02-24T21:13:14Z,auth,auth_enUS_labelerexp,at://did:plc:xgw34345yftdmcp2sv2rgkog/app.bsky.feed.post/3mfkejhd7r22u,bafyreiajlx2y3twq3cnmpglwjjad7tkk6l3kwndprysbcapbg37cfdyrfe,did:plc:xgw34345yftdmcp2sv2rgkog,!no-unauthenticated,,at://did:plc:xgw34345yftdmcp2sv2rgkog/app.bsky.actor.profile/self,2024-11-06T21:28:06.285Z
c273272193c94029bc9bb144b7f12bb6,2026-02-24T21:00:00Z,2026-02-24T21:13:14Z,auth,auth_enUS_labelerexp,at://did:plc:rbs6pvtczhqywnp733jlngzo/app.bsky.feed.post/3mfk4up5nbk2h,bafyreih2tit6sck6ybt7zozo5r7hk5pygxgcm2tgovx7gok6twmmt45naa,did:plc:uac6er53o2pvr5y2qmvaf7hw,meta-link,,at://did:plc:rbs6pvtczhqywnp733jlngzo/app.bsky.actor.profile/self,2025-12-10T14:22:49.044Z
c273272193c94029bc9bb144b7f12bb6,2026-02-24T21:00:00Z,2026-02-24T21:13:14Z,auth,auth_enUS_labelerexp,at://did:plc:xgw34345yftdmcp2sv2rgkog/app.bsky.feed.post/3mfjsvtk47c2l,bafyreih43e6azuhctmljx3atz4nzuzuhsrbmv2somdolsslnmzh6qne6f4,did:plc:xgw34345yftdmcp2sv2rgkog,!no-unauthenticated,,at://did:plc:xgw34345yftdmcp2sv2rgkog/app.bsky.actor.profile/self,2024-11-06T21:28:06.285Z
c273272193c94029bc9bb144b7f12bb6,2026-02-24T21:00:00Z,2026-02-24T21:13:14Z,auth,auth_enUS_labelerexp,at://did:plc:gombag4zwctbiexvfvvqwqew/app.bsky.feed.post/3mfjrkyffjc2p,bafyreigqw3sanfpztjcskcnjaiwxlqwltyhtjiknxp4thvqkmlzfjck3di,did:plc:gombag4zwctbiexvfvvqwqew,!no-unauthenticated,,at://did:plc:gombag4zwctbiexvfvvqwqew/app.bsky.actor.profile/self,1970-01-01T00:00:00.000Z
c273272193c94029bc9bb144b7f12bb6,2026-02-24T21:00:00Z,2026-02-24T21:13:14Z,auth,auth_enUS_labelerexp,at://did:plc:btwjxcid7kcwyoyn5trms5mc/app.bsky.feed.post/3mfjouiyxu22i,bafyreigg6onz5576mmetcb7p5azke2z3w7l3ks4mgisrrw5tnhfmjowmxy,did:plc:btwjxcid7kcwyoyn5trms5mc,!no-unauthenticated,,at://did:plc:btwjxcid7kcwyoyn5trms5mc/app.bsky.actor.profile/self,2024-12-02T01:57:13.928Z
c273272193c94029bc9bb144b7f12bb6,2026-02-24T21:00:00Z,2026-02-24T21:13:14Z,auth,auth_enUS_labelerexp,at://did:plc:ts6ojs7p5xvjcloxgs7mydoj/app.bsky.feed.post/3mfjob64ers2u,bafyreigt6a2kle5ykle3fa6gfpuah2pzdcvx42opcyu4pdvkvo5ejs26vm,did:plc:ts6ojs7p5xvjcloxgs7mydoj,!no-unauthenticated,,at://did:plc:ts6ojs7p5xvjcloxgs7mydoj/app.bsky.actor.profile/self,2024-04-20T13:17:38.818Z
c273272193c94029bc9bb144b7f12bb6,2026-02-24T21:00:00Z,2026-02-24T21:13:15Z,auth,auth_enUS_labelerexp,at://did:plc:jcjgbf65de5zmmlsmoygxth3/app.bsky.feed.post/3mfmzrggo6s2c,bafyreigfekgq7simifnk3czxqkf4nyz6tizox6dmvnerqr7tp2sqvl646i,did:plc:jcjgbf65de5zmmlsmoygxth3,!no-unauthenticated,,at://did:plc:jcjgbf65de5zmmlsmoygxth3/app.bsky.actor.profile/self,1970-01-01T00:00:00.000Z
c273272193c94029bc9bb144b7f12bb6,2026-02-24T21:00:00Z,2026-02-24T21:13:15Z,auth,auth_enUS_labelerexp,at://did:plc:zhq4wxlxtiwc2hznld4w364j/app.bsky.feed.post/3mfmzm6iawt2q,bafyreihzuqkadsvswzlczf3kd5wf6pfxd74lbleapqjwqcifbdwn7tkr3a,did:plc:zhq4wxlxtiwc2hznld4w364j,!no-unauthenticated,,at://did:plc:zhq4wxlxtiwc2hznld4w364j/app.bsky.actor.profile/self,2024-10-10T20:11:46.586Z
c273272193c94029bc9bb144b7f12bb6,2026-02-24T21:00:00Z,2026-02-24T21:13:15Z,auth,auth_enUS_labelerexp,at://did:plc:uk35kd2zz5ggj4wpj4tzpq33/app.bsky.feed.post/3mfmziezqlc2z,bafyreihemqgwsefjr5fogxec3o4rtsssstykdhcdwovraxaodgobb2dxwi,did:plc:uac6er53o2pvr5y2qmvaf7hw,tiktok-link,,at://did:plc:uk35kd2zz5ggj4wpj4tzpq33/app.bsky.feed.post/3mfmziezqlc2z,2026-02-24T20:37:57.655Z
c273272193c94029bc9bb144b7f12bb6,2026-02-24T21:00:00Z,2026-02-24T21:13:15Z,auth,auth_enUS_labelerexp,at://did:plc:zhq4wxlxtiwc2hznld4w364j/app.bsky.feed.post/3mfmo63uncd25,bafyreidudsph7cdlygadhvwyqefrrftvsju36owvgyynlvwkqc4txfhuwu,did:plc:zhq4wxlxtiwc2hznld4w364j,!no-unauthenticated,,at://did:plc:zhq4wxlxtiwc2hznld4w364j/app.bsky.actor.profile/self,2024-10-10T20:11:46.586Z
c273272193c94029bc9bb144b7f12bb6,2026-02-24T21:00:00Z,2026-02-24T21:13:15Z,auth,auth_enUS_labelerexp,at://did:plc:2vpl6bmcpj7phr37426f3tsw/app.bsky.feed.post/3mfmcrqdlqk2s,bafyreieuzfl4criwdciuokybw2wqdkzvjcexk7tb75uzsduazv2gyhjhuy,did:plc:2vpl6bmcpj7phr37426f3tsw,!no-unauthenticated,,at://did:plc:2vpl6bmcpj7phr37426f3tsw/app.bsky.actor.profile/self,1970-01-01T00:00:00.000Z
c273272193c94029bc9bb144b7f12bb6,2026-02-24T21:00:00Z,2026-02-24T21:13:15Z,auth,auth_enUS_labelerexp,at://did:plc:asfo73u5cmltsteiujrouhjt/app.bsky.feed.post/3mfmc5s5pqk23,bafyreiahshzhfe4qoo4t6pua4pdzji3jntbnc2smvzywm6iu2hwmqeh7ti,did:plc:uac6er53o2pvr5y2qmvaf7hw,abusive,,did:plc:asfo73u5cmltsteiujrouhjt,2025-11-10T23:33:04.869Z
c273272193c94029bc9bb144b7f12bb6,2026-02-24T21:00:00Z,2026-02-24T21:13:15Z,auth,auth_enUS_labelerexp,at://did:plc:asfo73u5cmltsteiujrouhjt/app.bsky.feed.post/3mfmc5s5pqk23,bafyreiahshzhfe4qoo4t6pua4pdzji3jntbnc2smvzywm6iu2hwmqeh7ti,did:plc:uac6er53o2pvr5y2qmvaf7hw,suspect-citation,,did:plc:asfo73u5cmltsteiujrouhjt,2025-11-11T01:54:28.445Z
c273272193c94029bc9bb144b7f12bb6,2026-02-24T21:00:00Z,2026-02-24T21:13:15Z,auth,auth_enUS_labelerexp,at://did:plc:asfo73u5cmltsteiujrouhjt/app.bsky.feed.post/3mfmc5s5pqk23,bafyreiahshzhfe4qoo4t6pua4pdzji3jntbnc2smvzywm6iu2hwmqeh7ti,did:plc:asfo73u5cmltsteiujrouhjt,!no-unauthenticated,,at://did:plc:asfo73u5cmltsteiujrouhjt/app.bsky.actor.profile/self,2024-11-30T19:26:12.336Z
c273272193c94029bc9bb144b7f12bb6,2026-02-24T21:00:00Z,2026-02-24T21:13:16Z,auth,auth_enUS_labelerexp,at://did:plc:cuy47keasiljg2fnfpoldtxs/app.bsky.feed.post/3mfn2qhcrop2g,bafyreibpovolmk52j63b5la37xrrx3w6wtfiq6z7fyunpi7rgwkv23zphe,did:plc:uac6er53o2pvr5y2qmvaf7hw,disinfo-link,,at://did:plc:cuy47keasiljg2fnfpoldtxs/app.bsky.feed.post/3mfn2qhcrop2g,2026-02-24T21:00:20.088Z
c273272193c94029bc9bb144b7f12bb6,2026-02-24T21:00:00Z,2026-02-24T21:13:16Z,auth,auth_enUS_labelerexp,at://did:plc:cuy47keasiljg2fnfpoldtxs/app.bsky.feed.post/3mfn2qhcrop2g,bafyreibpovolmk52j63b5la37xrrx3w6wtfiq6z7fyunpi7rgwkv23zphe,did:plc:uac6er53o2pvr5y2qmvaf7hw,disinfo,,did:plc:cuy47keasiljg2fnfpoldtxs,2025-01-07T14:50:45.522Z
c273272193c94029bc9bb144b7f12bb6,2026-02-24T21:00:00Z,2026-02-24T21:13:16Z,auth,auth_enUS_labelerexp,at://did:plc:cuy47keasiljg2fnfpoldtxs/app.bsky.feed.post/3mfn2qhcrop2g,bafyreibpovolmk52j63b5la37xrrx3w6wtfiq6z7fyunpi7rgwkv23zphe,did:plc:uac6er53o2pvr5y2qmvaf7hw,disinfo-link,,did:plc:cuy47keasiljg2fnfpoldtxs,2025-04-07T23:31:11.578Z
c273272193c94029bc9bb144b7f12bb6,2026-02-24T21:00:00Z,2026-02-24T21:13:16Z,auth,auth_enUS_labelerexp,at://did:plc:cuy47keasiljg2fnfpoldtxs/app.bsky.feed.post/3mfn2qhcrop2g,bafyreibpovolmk52j63b5la37xrrx3w6wtfiq6z7fyunpi7rgwkv23zphe,did:plc:uac6er53o2pvr5y2qmvaf7hw,disruptive,,did:plc:cuy47keasiljg2fnfpoldtxs,2025-01-07T14:50:45.522Z
c273272193c94029bc9bb144b7f12bb6,2026-02-24T21:00:00Z,2026-02-24T21:13:16Z,auth,auth_enUS_labelerexp,at://did:plc:kyoyauvzgyj76migrbcgupeg/app.bsky.feed.post/3mfn2leeyfk27,bafyreicsiqhj36xowcwmah2hh42kt46yen5my5psd3aolxlyub2g4xvyrm,did:plc:kyoyauvzgyj76migrbcgupeg,!no-unauthenticated,,at://did:plc:kyoyauvzgyj76migrbcgupeg/app.bsky.actor.profile/self,1970-01-01T00:00:00.000Z
c273272193c94029bc9bb144b7f12bb6,2026-02-24T21:00:00Z,2026-02-24T21:13:16Z,auth,auth_enUS_labelerexp,at://did:plc:k66bsptqqykcxs6p4i6rt56v/app.bsky.feed.post/3mfmzkxisrk2z,bafyreicmrwlqrxxhwqeixl2tsahvtyzq5krthaos2pjqzmox7xxexbitrm,did:plc:k66bsptqqykcxs6p4i6rt56v,!no-unauthenticated,,at://did:plc:k66bsptqqykcxs6p4i6rt56v/app.bsky.actor.profile/self,1970-01-01T00:00:00.000Z
c273272193c94029bc9bb144b7f12bb6,2026-02-24T21:00:00Z,2026-02-24T21:13:16Z,auth,auth_enUS_labelerexp,at://did:plc:ppjspoz3ch3aeqlyhswbxzk5/app.bsky.feed.post/3mfmzeacx4k23,bafyreiclw77lrrnjglj3kq2nsc6z4fifezj4uwchujiuqws5oenqijosem,did:plc:ppjspoz3ch3aeqlyhswbxzk5,!no-unauthenticated,,at://did:plc:ppjspoz3ch3aeqlyhswbxzk5/app.bsky.actor.profile/self,1970-01-01T00:00:00.000Z
c273272193c94029bc9bb144b7f12bb6,2026-02-24T21:00:00Z,2026-02-24T21:13:16Z,auth,auth_enUS_labelerexp,at://did:plc:w3uldlmmip6puh7njojgh7gn/app.bsky.feed.post/3mfmwx3ltgs2o,bafyreieksxzq6qxotzrsw3kkrpokz6ocfkvlhsugenp64zy54kt4wb4wnq,did:plc:w3uldlmmip6puh7njojgh7gn,!no-unauthenticated,,at://did:plc:w3uldlmmip6puh7njojgh7gn/app.bsky.actor.profile/self,2024-10-18T00:12:25.396Z
c273272193c94029bc9bb144b7f12bb6,2026-02-24T21:00:00Z,2026-02-24T21:13:18Z,auth,auth_enUS_labelerexp,at://did:plc:odqmsar3ikz5ubokya4sempk/app.bsky.feed.post/3lkhk6c2ehf2n,bafyreiaewzsjpf74dr2xaqmtuw7bf2sppbxvzoo3ds3xseflvg6pak3d64,did:plc:l624mewisyr6hymexmrjkprc,artistdesigner,,did:plc:odqmsar3ikz5ubokya4sempk,2025-07-18T21:18:07.510Z
c273272193c94029bc9bb144b7f12bb6,2026-02-24T21:00:00Z,2026-02-24T21:13:18Z,auth,auth_enUS_labelerexp,at://did:plc:opgzpywnxl52hkdgw6qkiwke/app.bsky.feed.post/3mfn3e27kjs2n,bafyreibqedbznlcaoselaezkztw56p7avb4bixf6tqxu2yso6fahyrsahq,did:plc:uac6er53o2pvr5y2qmvaf7hw,meta-link,,at://did:plc:opgzpywnxl52hkdgw6qkiwke/app.bsky.actor.profile/self,2025-12-30T17:46:07.607Z
c273272193c94029bc9bb144b7f12bb6,2026-02-24T21:00:00Z,2026-02-24T21:13:18Z,auth,auth_enUS_labelerexp,at://did:plc:opgzpywnxl52hkdgw6qkiwke/app.bsky.feed.post/3mfn3e27kjs2n,bafyreibqedbznlcaoselaezkztw56p7avb4bixf6tqxu2yso6fahyrsahq,did:plc:uac6er53o2pvr5y2qmvaf7hw,x-link,,at://did:plc:opgzpywnxl52hkdgw6qkiwke/app.bsky.actor.profile/self,2025-12-30T17:46:07.607Z
c273272193c94029bc9bb144b7f12bb6,2026-02-24T21:00:00Z,2026-02-24T21:13:18Z,auth,auth_enUS_labelerexp,at://did:plc:iyg6zbualgxuinldzg5plfv2/app.bsky.feed.post/3mfn3dac6ik2c,bafyreicqyylfnyuuuqxovpud3lavy6nqox7v7ks5xhlkzwq7dpop2ffhli,did:plc:ar7c4by46qjdydhdevvrndac,porn,,at://did:plc:iyg6zbualgxuinldzg5plfv2/app.bsky.feed.post/3mfn3dac6ik2c,2026-02-24T21:11:09.045Z
c273272193c94029bc9bb144b7f12bb6,2026-02-24T21:00:00Z,2026-02-24T21:13:18Z,auth,auth_enUS_labelerexp,at://did:plc:iyg6zbualgxuinldzg5plfv2/app.bsky.feed.post/3mfn3dac6ik2c,bafyreicqyylfnyuuuqxovpud3lavy6nqox7v7ks5xhlkzwq7dpop2ffhli,did:plc:ar7c4by46qjdydhdevvrndac,sexual,,at://did:plc:iyg6zbualgxuinldzg5plfv2/app.bsky.feed.post/3mfn3dac6ik2c,2026-02-24T21:11:09.045Z
c273272193c94029bc9bb144b7f12bb6,2026-02-24T21:00:00Z,2026-02-24T21:13:18Z,auth,auth_enUS_labelerexp,at://did:plc:iyg6zbualgxuinldzg5plfv2/app.bsky.feed.post/3mfn3dac6ik2c,bafyreicqyylfnyuuuqxovpud3lavy6nqox7v7ks5xhlkzwq7dpop2ffhli,did:plc:iyg6zbualgxuinldzg5plfv2,nudity,,at://did:plc:iyg6zbualgxuinldzg5plfv2/app.bsky.feed.post/3mfn3dac6ik2c,2026-02-24T21:10:49.629Z
c273272193c94029bc9bb144b7f12bb6,2026-02-24T21:00:00Z,2026-02-24T21:13:18Z,auth,auth_enUS_labelerexp,at://did:plc:pnvvf2yhph4ohq3l5y2fcifw/app.bsky.feed.post/3mfn37iuqec26,bafyreib3fcm45fonu6lvwczywcim2a4oz2k7iwhx3wwzbyy5invxltjg7q,did:plc:pnvvf2yhph4ohq3l5y2fcifw,!no-unauthenticated,,at://did:plc:pnvvf2yhph4ohq3l5y2fcifw/app.bsky.actor.profile/self,1970-01-01T00:00:00.000Z
c273272193c94029bc9bb144b7f12bb6,2026-02-24T21:00:00Z,2026-02-24T21:13:18Z,auth,auth_enUS_labelerexp,at://did:plc:odqmsar3ikz5ubokya4sempk/app.bsky.feed.post/3meml6ejri222,bafyreifahifz7k6wd6puhqiuuvmlkwjb5lvqgi2ttaiturd66ke7izemvq,did:plc:l624mewisyr6hymexmrjkprc,artistdesigner,,did:plc:odqmsar3ikz5ubokya4sempk,2025-07-18T21:18:07.510Z
c273272193c94029bc9bb144b7f12bb6,2026-02-24T21:00:00Z,2026-02-24T21:13:18Z,auth,auth_enUS_labelerexp,at://did:plc:umjanszxdbjhm745gatsmm66/app.bsky.feed.post/3mfn36hhx6s25,bafyreiabmb2dtstmmvyyrep4y6ndvtpbvbc2r5azuu74jsu3iu75ek2vn4,did:plc:ar7c4by46qjdydhdevvrndac,nudity,,at://did:plc:umjanszxdbjhm745gatsmm66/app.bsky.feed.post/3mfn36hhx6s25,2026-02-24T21:08:20.051Z
c273272193c94029bc9bb144b7f12bb6,2026-02-24T21:00:00Z,2026-02-24T21:13:18Z,auth,auth_enUS_labelerexp,at://did:plc:umjanszxdbjhm745gatsmm66/app.bsky.feed.post/3mfn36hhx6s25,bafyreiabmb2dtstmmvyyrep4y6ndvtpbvbc2r5azuu74jsu3iu75ek2vn4,did:plc:ar7c4by46qjdydhdevvrndac,sexual,,at://did:plc:umjanszxdbjhm745gatsmm66/app.bsky.feed.post/3mfn36hhx6s25,2026-02-24T21:08:20.051Z
c273272193c94029bc9bb144b7f12bb6,2026-02-24T21:00:00Z,2026-02-24T21:13:18Z,auth,auth_enUS_labelerexp,at://did:plc:tvk4grm2jgaowo24tqgd22id/app.bsky.feed.post/3mfn35xkjgk26,bafyreigvlog35glxov5mth55vcwskbzhw5vpiq52z54mkprtudp2uqose4,did:plc:tvk4grm2jgaowo24tqgd22id,!no-unauthenticated,,at://did:plc:tvk4grm2jgaowo24tqgd22id/app.bsky.actor.profile/self,2024-12-31T20:57:59.295Z
c273272193c94029bc9bb144b7f12bb6,2026-02-24T21:00:00Z,2026-02-24T21:13:18Z,auth,auth_enUS_labelerexp,at://did:plc:qropmz2a4q5q4h7drdmg4n2r/app.bsky.feed.post/3mfn35lioqs2m,bafyreicoojzmib5gcrt3dquz6mjztyzolovgqqivky2d63wp6yzj3xxrve,did:plc:uac6er53o2pvr5y2qmvaf7hw,high-total-facet-count,,at://did:plc:qropmz2a4q5q4h7drdmg4n2r/app.bsky.feed.post/3mfn35lioqs2m,2026-02-24T21:07:50.332Z
c273272193c94029bc9bb144b7f12bb6,2026-02-24T21:00:00Z,2026-02-24T21:13:18Z,auth,auth_enUS_labelerexp,at://did:plc:4s56i6auty4lncj6777ba4fb/app.bsky.feed.post/3mfn355rf522i,bafyreibndx2cfv4w67ex5gay3emh4d56t4ethrm625qthdzkts5h7qrww4,did:plc:ar7c4by46qjdydhdevvrndac,sexual,,at://did:plc:4s56i6auty4lncj6777ba4fb/app.bsky.feed.post/3mfn355rf522i,2026-02-24T21:07:32.985Z
c273272193c94029bc9bb144b7f12bb6,2026-02-24T21:00:00Z,2026-02-24T21:13:18Z,auth,auth_enUS_labelerexp,at://did:plc:4s56i6auty4lncj6777ba4fb/app.bsky.feed.post/3mfn355rf522i,bafyreibndx2cfv4w67ex5gay3emh4d56t4ethrm625qthdzkts5h7qrww4,did:plc:4s56i6auty4lncj6777ba4fb,porn,,at://did:plc:4s56i6auty4lncj6777ba4fb/app.bsky.feed.post/3mfn355rf522i,2026-02-24T21:07:25.668Z
c273272193c94029bc9bb144b7f12bb6,2026-02-24T21:00:00Z,2026-02-24T21:13:18Z,auth,auth_enUS_labelerexp,at://did:plc:azwn3qqvj6glowapsp3i3joe/app.bsky.feed.post/3mfn354t4f22r,bafyreieggh2ja5huvsqj5qqcwo56jxefwmgcqkd37kv3gg624qa6uoohxm,did:plc:azwn3qqvj6glowapsp3i3joe,!no-unauthenticated,,at://did:plc:azwn3qqvj6glowapsp3i3joe/app.bsky.actor.profile/self,2025-04-13T11:21:17.144Z
c273272193c94029bc9bb144b7f12bb6,2026-02-24T21:00:00Z,2026-02-24T21:13:18Z,auth,auth_enUS_labelerexp,at://did:plc:7iknqt4ttrjrsih5j6hgfksx/app.bsky.feed.post/3mfn3534u2k2n,bafyreiaclfonmeu6emmng72dpq4gyoh6tmg3yffzjuhmqyqopcg7aegzce,did:plc:ar7c4by46qjdydhdevvrndac,porn,,at://did:plc:7iknqt4ttrjrsih5j6hgfksx/app.bsky.feed.post/3mfn3534u2k2n,2026-02-24T21:07:19.190Z
c273272193c94029bc9bb144b7f12bb6,2026-02-24T21:00:00Z,2026-02-24T21:13:18Z,auth,auth_enUS_labelerexp,at://did:plc:odqmsar3ikz5ubokya4sempk/app.bsky.feed.post/3memkhpmc5c22,bafyreigvrkzvgpl3suhrlyx5vxik3jk43hi3uczpbelrfkxq5yvhlcupue,did:plc:l624mewisyr6hymexmrjkprc,artistdesigner,,did:plc:odqmsar3ikz5ubokya4sempk,2025-07-18T21:18:07.510Z
c273272193c94029bc9bb144b7f12bb6,2026-02-24T21:00:00Z,2026-02-24T21:13:19Z,auth,auth_enUS_labelerexp,at://did:plc:hu67cgqirgwygi5ho4f6rokq/app.bsky.feed.post/3mfn2mv6dc22j,bafyreigdxyrjaejcxawbnw3cc2jfsjwqoqdakbmtgauhhv3kwiikixvs4y,did:plc:hu67cgqirgwygi5ho4f6rokq,!no-unauthenticated,,at://did:plc:hu67cgqirgwygi5ho4f6rokq/app.bsky.actor.profile/self,1970-01-01T00:00:00.000Z
c273272193c94029bc9bb144b7f12bb6,2026-02-24T21:00:00Z,2026-02-24T21:13:19Z,auth,auth_enUS_labelerexp,at://did:plc:3efcfr56auqmdx66sgnxkcau/app.bsky.feed.post/3mfn2a6ufrc2s,bafyreicnbkn5hdrtlq6bp4toe5jycbh5rlxybkm6qidz6rqaoefwgainsm,did:plc:3efcfr56auqmdx66sgnxkcau,!no-unauthenticated,,at://did:plc:3efcfr56auqmdx66sgnxkcau/app.bsky.actor.profile/self,1970-01-01T00:00:00.000Z
c273272193c94029bc9bb144b7f12bb6,2026-02-24T21:00:00Z,2026-02-24T21:13:19Z,auth,auth_enUS_labelerexp,at://did:plc:gxbgf5igwxvavzqimpi2yavj/app.bsky.feed.post/3mfn22msgsk2y,bafyreietp5fs5i2txht2zzn5akwl7637ihkdysijdiuajnj5ttfpz6gdtu,did:plc:gxbgf5igwxvavzqimpi2yavj,!no-unauthenticated,,at://did:plc:gxbgf5igwxvavzqimpi2yavj/app.bsky.actor.profile/self,1970-01-01T00:00:00.000Z
c273272193c94029bc9bb144b7f12bb6,2026-02-24T21:00:00Z,2026-02-24T21:13:19Z,auth,auth_enUS_labelerexp,at://did:plc:laskhvxonxk7lsbnui4x4ndr/app.bsky.feed.post/3mfmzyvt4xc2m,bafyreihs5643pa3euo4qab6opueelvfcnfqbo4sy66byv2z6w2lre2qbky,did:plc:laskhvxonxk7lsbnui4x4ndr,!no-unauthenticated,,at://did:plc:laskhvxonxk7lsbnui4x4ndr/app.bsky.actor.profile/self,1970-01-01T00:00:00.000Z
c273272193c94029bc9bb144b7f12bb6,2026-02-24T21:00:00Z,2026-02-24T21:13:19Z,auth,auth_enUS_labelerexp,at://did:plc:laskhvxonxk7lsbnui4x4ndr/app.bsky.feed.post/3mfmzyvt4xc2m,bafyreihs5643pa3euo4qab6opueelvfcnfqbo4sy66byv2z6w2lre2qbky,did:plc:laskhvxonxk7lsbnui4x4ndr,!no-unauthenticated,,at://did:plc:laskhvxonxk7lsbnui4x4ndr/app.bsky.actor.profile/self,1970-01-01T00:00:00.000Z
c273272193c94029bc9bb144b7f12bb6,2026-02-24T21:00:00Z,2026-02-24T21:13:19Z,auth,auth_enUS_labelerexp,at://did:plc:il37rdfs63lzd4slzx4ah5bh/app.bsky.feed.post/3mfmzt5vh5s2n,bafyreia32xhnza6idcmse4cpjeoctdk6xh237bheg3jghwbclwyutxjtkm,did:plc:il37rdfs63lzd4slzx4ah5bh,!no-unauthenticated,,at://did:plc:il37rdfs63lzd4slzx4ah5bh/app.bsky.actor.profile/self,1970-01-01T00:00:00.000Z
c273272193c94029bc9bb144b7f12bb6,2026-02-24T21:00:00Z,2026-02-24T21:13:19Z,auth,auth_enUS_labelerexp,at://did:plc:hu67cgqirgwygi5ho4f6rokq/app.bsky.feed.post/3mfmzisieu22i,bafyreifrzimuby3xp7cjedpfggue3bss5foi26e3tsbgwh26nfsdmqu4xe,did:plc:hu67cgqirgwygi5ho4f6rokq,!no-unauthenticated,,at://did:plc:hu67cgqirgwygi5ho4f6rokq/app.bsky.actor.profile/self,1970-01-01T00:00:00.000Z
c273272193c94029bc9bb144b7f12bb6,2026-02-24T21:00:00Z,2026-02-24T21:13:19Z,auth,auth_enUS_labelerexp,at://did:plc:3tnu5gfoy6vizfphb4ltzuom/app.bsky.feed.post/3mfmyyy2d422k,bafyreiba7ksb5yxjy5lvpcbmrntfj5v2ecdpn4ieykbaselhhndgoe7pwu,did:plc:3tnu5gfoy6vizfphb4ltzuom,!no-unauthenticated,,at://did:plc:3tnu5gfoy6vizfphb4ltzuom/app.bsky.actor.profile/self,1970-01-01T00:00:00.000Z
c273272193c94029bc9bb144b7f12bb6,2026-02-24T21:00:00Z,2026-02-24T21:13:19Z,auth,auth_enUS_labelerexp,at://did:plc:lkq6mvsu4bpq7lpmsjgjjyyl/app.bsky.feed.post/3mfmyuqnxec2q,bafyreihqdqd6pcq3fn4okmwxlnkx6nj6sloiw3f7bnhbdye6akuo6hhgoq,did:plc:lkq6mvsu4bpq7lpmsjgjjyyl,!no-unauthenticated,,at://did:plc:lkq6mvsu4bpq7lpmsjgjjyyl/app.bsky.actor.profile/self,1970-01-01T00:00:00.000Z
c273272193c94029bc9bb144b7f12bb6,2026-02-24T21:00:00Z,2026-02-24T21:13:19Z,auth,auth_enUS_labelerexp,at://did:plc:il37rdfs63lzd4slzx4ah5bh/app.bsky.feed.post/3mfmys3dp722n,bafyreiftznqbxgtgmj5hp6tex7rlb2tx2cm6y5blr3ws5tuc5hb5qy6udm,did:plc:il37rdfs63lzd4slzx4ah5bh,!no-unauthenticated,,at://did:plc:il37rdfs63lzd4slzx4ah5bh/app.bsky.actor.profile/self,1970-01-01T00:00:00.000Z
c273272193c94029bc9bb144b7f12bb6,2026-02-24T21:00:00Z,2026-02-24T21:13:19Z,auth,auth_enUS_labelerexp,at://did:plc:3efcfr56auqmdx66sgnxkcau/app.bsky.feed.post/3mfmyiaz65k2z,bafyreidsr4mszd7uql7i577pxqtpqojo5l4lv6psr5bf3q7nzvlnxuabxe,did:plc:3efcfr56auqmdx66sgnxkcau,!no-unauthenticated,,at://did:plc:3efcfr56auqmdx66sgnxkcau/app.bsky.actor.profile/self,1970-01-01T00:00:00.000Z
c273272193c94029bc9bb144b7f12bb6,2026-02-24T21:00:00Z,2026-02-24T21:13:19Z,auth,auth_enUS_labelerexp,at://did:plc:mh53x3dyhggdbedwhy6uwb7q/app.bsky.feed.post/3mfmxz7iouc2w,bafyreif2dgidynpowldq5hwn6bw6w4ruj34brhjopdd2kofnqywrtap6cm,did:plc:mh53x3dyhggdbedwhy6uwb7q,!no-unauthenticated,,at://did:plc:mh53x3dyhggdbedwhy6uwb7q/app.bsky.actor.profile/self,1970-01-01T00:00:00.000Z
c273272193c94029bc9bb144b7f12bb6,2026-02-24T21:00:00Z,2026-02-24T21:13:19Z,auth,auth_enUS_labelerexp,at://did:plc:d3iir4tumzfbj6u2wa2vtyt3/app.bsky.feed.post/3mfmxwtfqvc26,bafyreie7jvh66dcbfcj2l72twkggqj7aflqxfmfh4cgf4baexxxhy3x6x4,did:plc:d3iir4tumzfbj6u2wa2vtyt3,!no-unauthenticated,,at://did:plc:d3iir4tumzfbj6u2wa2vtyt3/app.bsky.actor.profile/self,1970-01-01T00:00:00.000Z
c273272193c94029bc9bb144b7f12bb6,2026-02-24T21:00:00Z,2026-02-24T21:13:19Z,auth,auth_enUS_labelerexp,at://did:plc:ufnswdgmoeeuqytlxmg7cexz/app.bsky.feed.post/3mfmxvhhdz223,bafyreifwtka6kcxszznpomrjss7vpddukhihgumqh6x2ngb7z6i2yrdv5q,did:plc:ufnswdgmoeeuqytlxmg7cexz,!no-unauthenticated,,at://did:plc:ufnswdgmoeeuqytlxmg7cexz/app.bsky.actor.profile/self,1970-01-01T00:00:00.000Z
c273272193c94029bc9bb144b7f12bb6,2026-02-24T21:00:00Z,2026-02-24T21:13:19Z,auth,auth_enUS_labelerexp,at://did:plc:37637gryoiwqmbrtgsttsx3z/app.bsky.feed.post/3mfmxif5lbs2o,bafyreicw6yhegheczzuazr6bsxokuehnso4nswdmhnegy2kytckgk6i46u,did:plc:uac6er53o2pvr5y2qmvaf7hw,telegram-link,,at://did:plc:37637gryoiwqmbrtgsttsx3z/app.bsky.actor.profile/self,2025-05-30T23:53:06.198Z
c273272193c94029bc9bb144b7f12bb6,2026-02-24T21:00:00Z,2026-02-24T21:13:19Z,auth,auth_enUS_labelerexp,at://did:plc:37637gryoiwqmbrtgsttsx3z/app.bsky.feed.post/3mfmxif5lbs2o,bafyreicw6yhegheczzuazr6bsxokuehnso4nswdmhnegy2kytckgk6i46u,did:plc:37637gryoiwqmbrtgsttsx3z,!no-unauthenticated,,at://did:plc:37637gryoiwqmbrtgsttsx3z/app.bsky.actor.profile/self,1970-01-01T00:00:00.000Z
c273272193c94029bc9bb144b7f12bb6,2026-02-24T21:00:00Z,2026-02-24T21:13:19Z,auth,auth_enUS_labelerexp,at://did:plc:laskhvxonxk7lsbnui4x4ndr/app.bsky.feed.post/3mfmwpuzkx22u,bafyreifiv6xqsdedaf7ksmmp23of5ksjw35xq52lmt5gezlieerc7xvlca,did:plc:laskhvxonxk7lsbnui4x4ndr,!no-unauthenticated,,at://did:plc:laskhvxonxk7lsbnui4x4ndr/app.bsky.actor.profile/self,1970-01-01T00:00:00.000Z
c273272193c94029bc9bb144b7f12bb6,2026-02-24T21:00:00Z,2026-02-24T21:13:19Z,auth,auth_enUS_labelerexp,at://did:plc:laskhvxonxk7lsbnui4x4ndr/app.bsky.feed.post/3mfmwpuzkx22u,bafyreifiv6xqsdedaf7ksmmp23of5ksjw35xq52lmt5gezlieerc7xvlca,did:plc:laskhvxonxk7lsbnui4x4ndr,!no-unauthenticated,,at://did:plc:laskhvxonxk7lsbnui4x4ndr/app.bsky.actor.profile/self,1970-01-01T00:00:00.000Z
c273272193c94029bc9bb144b7f12bb6,2026-02-24T21:00:00Z,2026-02-24T21:13:19Z,auth,auth_enUS_labelerexp,at://did:plc:kjrco2i53a6tpify2jr2qhtv/app.bsky.feed.post/3mfmwlxrm2s2z,bafyreiajnb44rxeuqerfgwxuea7yvwwcrbgzfaiutqgp76rlbzu52kghka,did:plc:kjrco2i53a6tpify2jr2qhtv,!no-unauthenticated,,at://did:plc:kjrco2i53a6tpify2jr2qhtv/app.bsky.actor.profile/self,1970-01-01T00:00:00.000Z
c273272193c94029bc9bb144b7f12bb6,2026-02-24T21:00:00Z,2026-02-24T21:13:19Z,auth,auth_enUS_labelerexp,at://did:plc:bfritgsvvcmhks3enpsrn7uj/app.bsky.feed.post/3mfmw73mlac2d,bafyreigzcl6kibxjzpzdtgttwaiscnpq7uu4t2k6bkn6ormmwr3vl3lnoa,did:plc:bfritgsvvcmhks3enpsrn7uj,!no-unauthenticated,,at://did:plc:bfritgsvvcmhks3enpsrn7uj/app.bsky.actor.profile/self,2024-11-08T02:59:42.000Z
c273272193c94029bc9bb144b7f12bb6,2026-02-24T21:00:00Z,2026-02-24T21:13:19Z,auth,auth_enUS_labelerexp,at://did:plc:rnu2ttrx5zbthskq4frrcbsn/app.bsky.feed.post/3mfmw6aseds2r,bafyreibrg7y3k6rlawfdy72fj7n6tglhgverzxygl7wqmrv32c76q2tny4,did:plc:rnu2ttrx5zbthskq4frrcbsn,!no-unauthenticated,,at://did:plc:rnu2ttrx5zbthskq4frrcbsn/app.bsky.actor.profile/self,1970-01-01T00:00:00.000Z
c273272193c94029bc9bb144b7f12bb6,2026-02-24T21:00:00Z,2026-02-24T21:13:19Z,auth,auth_enUS_labelerexp,at://did:plc:o2izf26wxhu6kxgicqahao4g/app.bsky.feed.post/3mfmw2k7zfk25,bafyreigvvzi75xb4egbh7uebz5gcfeinnto7rfbsdb3wviy2fcixaqiasy,did:plc:ar7c4by46qjdydhdevvrndac,porn,,at://did:plc:o2izf26wxhu6kxgicqahao4g/app.bsky.actor.profile/self,2024-08-20T18:55:59.198Z
c273272193c94029bc9bb144b7f12bb6,2026-02-24T21:00:00Z,2026-02-24T21:13:19Z,auth,auth_enUS_labelerexp,at://did:plc:o2izf26wxhu6kxgicqahao4g/app.bsky.feed.post/3mfmw2k7zfk25,bafyreigvvzi75xb4egbh7uebz5gcfeinnto7rfbsdb3wviy2fcixaqiasy,did:plc:o2izf26wxhu6kxgicqahao4g,!no-unauthenticated,,at://did:plc:o2izf26wxhu6kxgicqahao4g/app.bsky.actor.profile/self,2024-08-20T14:56:47.172Z
c273272193c94029bc9bb144b7f12bb6,2026-02-24T21:00:00Z,2026-02-24T21:13:19Z,auth,auth_enUS_labelerexp,at://did:plc:ptql2djmb7v4diujhbd27cn7/app.bsky.feed.post/3mfmvlkioac2y,bafyreidjhl6gdocpectbji3qq555nqyu4hz4pweiluqvy4ey43jzkeiiri,did:plc:ptql2djmb7v4diujhbd27cn7,!no-unauthenticated,,at://did:plc:ptql2djmb7v4diujhbd27cn7/app.bsky.actor.profile/self,1970-01-01T00:00:00.000Z
c273272193c94029bc9bb144b7f12bb6,2026-02-24T21:00:00Z,2026-02-24T21:13:19Z,auth,auth_enUS_labelerexp,at://did:plc:laskhvxonxk7lsbnui4x4ndr/app.bsky.feed.post/3mfmvixh6722j,bafyreigvla6y7hozntvbasdydbolnwr2shhd4egqnrejn45mpy5artj4fq,did:plc:laskhvxonxk7lsbnui4x4ndr,!no-unauthenticated,,at://did:plc:laskhvxonxk7lsbnui4x4ndr/app.bsky.actor.profile/self,1970-01-01T00:00:00.000Z
c273272193c94029bc9bb144b7f12bb6,2026-02-24T21:00:00Z,2026-02-24T21:13:19Z,auth,auth_enUS_labelerexp,at://did:plc:laskhvxonxk7lsbnui4x4ndr/app.bsky.feed.post/3mfmvixh6722j,bafyreigvla6y7hozntvbasdydbolnwr2shhd4egqnrejn45mpy5artj4fq,did:plc:laskhvxonxk7lsbnui4x4ndr,!no-unauthenticated,,at://did:plc:laskhvxonxk7lsbnui4x4ndr/app.bsky.actor.profile/self,1970-01-01T00:00:00.000Z
c273272193c94029bc9bb144b7f12bb6,2026-02-24T21:00:00Z,2026-02-24T21:13:19Z,auth,auth_enUS_labelerexp,at://did:plc:37637gryoiwqmbrtgsttsx3z/app.bsky.feed.post/3mfmvaep7gc2o,bafyreicyiijnynklwbl2no3gvvah35wbwzhagf6zz4vqz72lqxk7n5ry7a,did:plc:uac6er53o2pvr5y2qmvaf7hw,telegram-link,,at://did:plc:37637gryoiwqmbrtgsttsx3z/app.bsky.actor.profile/self,2025-05-30T23:53:06.198Z
c273272193c94029bc9bb144b7f12bb6,2026-02-24T21:00:00Z,2026-02-24T21:13:19Z,auth,auth_enUS_labelerexp,at://did:plc:37637gryoiwqmbrtgsttsx3z/app.bsky.feed.post/3mfmvaep7gc2o,bafyreicyiijnynklwbl2no3gvvah35wbwzhagf6zz4vqz72lqxk7n5ry7a,did:plc:37637gryoiwqmbrtgsttsx3z,!no-unauthenticated,,at://did:plc:37637gryoiwqmbrtgsttsx3z/app.bsky.actor.profile/self,1970-01-01T00:00:00.000Z
c273272193c94029bc9bb144b7f12bb6,2026-02-24T21:00:00Z,2026-02-24T21:13:19Z,auth,auth_enUS_labelerexp,at://did:plc:kjrco2i53a6tpify2jr2qhtv/app.bsky.feed.post/3mfmuxnmj722z,bafyreid3utg32gurxa4igofjopic4dvpwmp24ynqy4tziwlymqxuneu65a,did:plc:kjrco2i53a6tpify2jr2qhtv,!no-unauthenticated,,at://did:plc:kjrco2i53a6tpify2jr2qhtv/app.bsky.actor.profile/self,1970-01-01T00:00:00.000Z
c273272193c94029bc9bb144b7f12bb6,2026-02-24T21:00:00Z,2026-02-24T21:13:19Z,auth,auth_enUS_labelerexp,at://did:plc:xgwsglaeq3w5z4kb3cbl2udt/app.bsky.feed.post/3mfmuwujorc2d,bafyreidsc3ffhbwko77cujgv2d3tj7xax64pf5m2nzsvp7n4rwltmj6coe,did:plc:xgwsglaeq3w5z4kb3cbl2udt,!no-unauthenticated,,at://did:plc:xgwsglaeq3w5z4kb3cbl2udt/app.bsky.actor.profile/self,1970-01-01T00:00:00.000Z
c273272193c94029bc9bb144b7f12bb6,2026-02-24T21:00:00Z,2026-02-24T21:13:19Z,auth,auth_enUS_labelerexp,at://did:plc:kjrco2i53a6tpify2jr2qhtv/app.bsky.feed.post/3mfmut25x2k2y,bafyreiajkfbmvgzgzsp44sow5vchxs6o5ckwitos7ecxn55xeo7kt6xpay,did:plc:kjrco2i53a6tpify2jr2qhtv,!no-unauthenticated,,at://did:plc:kjrco2i53a6tpify2jr2qhtv/app.bsky.actor.profile/self,1970-01-01T00:00:00.000Z
c273272193c94029bc9bb144b7f12bb6,2026-02-24T21:00:00Z,2026-02-24T21:13:19Z,auth,auth_enUS_labelerexp,at://did:plc:ptql2djmb7v4diujhbd27cn7/app.bsky.feed.post/3mfmugbhm7s2j,bafyreiceabjelcfogs5oweu3ayyxgdus3ysohiix2fxdduruwzdatpxspy,did:plc:ptql2djmb7v4diujhbd27cn7,!no-unauthenticated,,at://did:plc:ptql2djmb7v4diujhbd27cn7/app.bsky.actor.profile/self,1970-01-01T00:00:00.000Z
c273272193c94029bc9bb144b7f12bb6,2026-02-24T21:00:00Z,2026-02-24T21:13:19Z,auth,auth_enUS_labelerexp,at://did:plc:72xjk7r365xvyxliue75qsdk/app.bsky.feed.post/3mfmu2wcbfs2h,bafyreict5s2gp2g3cezhqnuxav4t5plyfrhtxdrbuf6m7uxokem5a2f5fa,did:plc:72xjk7r365xvyxliue75qsdk,!no-unauthenticated,,at://did:plc:72xjk7r365xvyxliue75qsdk/app.bsky.actor.profile/self,1970-01-01T00:00:00.000Z
c273272193c94029bc9bb144b7f12bb6,2026-02-24T21:00:00Z,2026-02-24T21:13:19Z,auth,auth_enUS_labelerexp,at://did:plc:laskhvxonxk7lsbnui4x4ndr/app.bsky.feed.post/3mfmtje4jjs2j,bafyreihla65eey4ccna5rbdb56zke5zxbwqsap2vym456no2p5zumxcuca,did:plc:laskhvxonxk7lsbnui4x4ndr,!no-unauthenticated,,at://did:plc:laskhvxonxk7lsbnui4x4ndr/app.bsky.actor.profile/self,1970-01-01T00:00:00.000Z
c273272193c94029bc9bb144b7f12bb6,2026-02-24T21:00:00Z,2026-02-24T21:13:19Z,auth,auth_enUS_labelerexp,at://did:plc:laskhvxonxk7lsbnui4x4ndr/app.bsky.feed.post/3mfmtje4jjs2j,bafyreihla65eey4ccna5rbdb56zke5zxbwqsap2vym456no2p5zumxcuca,did:plc:laskhvxonxk7lsbnui4x4ndr,!no-unauthenticated,,at://did:plc:laskhvxonxk7lsbnui4x4ndr/app.bsky.actor.profile/self,1970-01-01T00:00:00.000Z
c273272193c94029bc9bb144b7f12bb6,2026-02-24T21:00:00Z,2026-02-24T21:13:19Z,auth,auth_enUS_labelerexp,at://did:plc:b6uhtbejmvivnw72tcmvam4e/app.bsky.feed.post/3mfmta3bpmk2j,bafyreihv3kzhbda6szgytutdh53oadnmwansv6stq2uljjm5lcm6z4kbay,did:plc:b6uhtbejmvivnw72tcmvam4e,!no-unauthenticated,,at://did:plc:b6uhtbejmvivnw72tcmvam4e/app.bsky.actor.profile/self,1970-01-01T00:00:00.000Z
c273272193c94029bc9bb144b7f12bb6,2026-02-24T21:00:00Z,2026-02-24T21:13:19Z,auth,auth_enUS_labelerexp,at://did:plc:jlzyrhhnfvfmiy3bntbxdiv7/app.bsky.feed.post/3mfmsyjuqfk2d,bafyreiglvzuzck6lojarun4jrceo65qpkzp46xmgcqtgef6tzyjqokaz4y,did:plc:jlzyrhhnfvfmiy3bntbxdiv7,!no-unauthenticated,,at://did:plc:jlzyrhhnfvfmiy3bntbxdiv7/app.bsky.actor.profile/self,2024-11-06T13:47:53.833Z
c273272193c94029bc9bb144b7f12bb6,2026-02-24T21:00:00Z,2026-02-24T21:13:19Z,auth,auth_enUS_labelerexp,at://did:plc:jccmcbclujzvliok43lhiajk/app.bsky.feed.post/3mfmswurejc2k,bafyreidjcjqovdfzj4vliuqz22ikuvtt2l7nltbwu67b32qte2qeoxjqli,did:plc:uac6er53o2pvr5y2qmvaf7hw,violent,,did:plc:jccmcbclujzvliok43lhiajk,2025-06-16T11:45:18.575Z
c273272193c94029bc9bb144b7f12bb6,2026-02-24T21:00:00Z,2026-02-24T21:13:19Z,auth,auth_enUS_labelerexp,at://did:plc:rj67i3krvxugun7slgndbr37/app.bsky.feed.post/3mfmsvhla5k2n,bafyreidtum4xbd4gmbfkkqrvul66u6l5mnao7jii4bgedptsbsgmal3dm4,did:plc:rj67i3krvxugun7slgndbr37,!no-unauthenticated,,at://did:plc:rj67i3krvxugun7slgndbr37/app.bsky.actor.profile/self,1970-01-01T00:00:00.000Z
c273272193c94029bc9bb144b7f12bb6,2026-02-24T21:00:00Z,2026-02-24T21:13:19Z,auth,auth_enUS_labelerexp,at://did:plc:7p5ik2jseumjeso4lmnrz6hl/app.bsky.feed.post/3mfmspo4jyk2s,bafyreicfhwwaqcqwefctes4s3z3kgfo2nruhvermoqwihg7y76p7rk7t5i,did:plc:7p5ik2jseumjeso4lmnrz6hl,porn,,at://did:plc:7p5ik2jseumjeso4lmnrz6hl/app.bsky.feed.post/3mfmspo4jyk2s,2026-02-24T18:36:43.132Z
c273272193c94029bc9bb144b7f12bb6,2026-02-24T21:00:00Z,2026-02-24T21:13:19Z,auth,auth_enUS_labelerexp,at://did:plc:7p5ik2jseumjeso4lmnrz6hl/app.bsky.feed.post/3mfmspo4jyk2s,bafyreicfhwwaqcqwefctes4s3z3kgfo2nruhvermoqwihg7y76p7rk7t5i,did:plc:uac6er53o2pvr5y2qmvaf7hw,meta-link,,at://did:plc:7p5ik2jseumjeso4lmnrz6hl/app.bsky.actor.profile/self,2025-06-25T10:18:06.463Z
c273272193c94029bc9bb144b7f12bb6,2026-02-24T21:00:00Z,2026-02-24T21:13:19Z,auth,auth_enUS_labelerexp,at://did:plc:7p5ik2jseumjeso4lmnrz6hl/app.bsky.feed.post/3mfmspo4jyk2s,bafyreicfhwwaqcqwefctes4s3z3kgfo2nruhvermoqwihg7y76p7rk7t5i,did:plc:7p5ik2jseumjeso4lmnrz6hl,!no-unauthenticated,,at://did:plc:7p5ik2jseumjeso4lmnrz6hl/app.bsky.actor.profile/self,1970-01-01T00:00:00.000Z
c273272193c94029bc9bb144b7f12bb6,2026-02-24T21:00:00Z,2026-02-24T21:13:19Z,auth,auth_enUS_labelerexp,at://did:plc:rj67i3krvxugun7slgndbr37/app.bsky.feed.post/3mfmsjmn3zc2f,bafyreifiaks4wzfuiwaiinerhezwqxb4ay5hmdm5oan22bp5vqie7yxotm,did:plc:rj67i3krvxugun7slgndbr37,!no-unauthenticated,,at://did:plc:rj67i3krvxugun7slgndbr37/app.bsky.actor.profile/self,1970-01-01T00:00:00.000Z
c273272193c94029bc9bb144b7f12bb6,2026-02-24T21:00:00Z,2026-02-24T21:13:19Z,auth,auth_enUS_labelerexp,at://did:plc:bmk56abuwqy72wfzoeotrpdv/app.bsky.feed.post/3mfmshn3it22j,bafyreiauhyo26xi3zm43joxyp6iq4mezbsl3q3m3kjjruldxepiocongvq,did:plc:bmk56abuwqy72wfzoeotrpdv,!no-unauthenticated,,at://did:plc:bmk56abuwqy72wfzoeotrpdv/app.bsky.actor.profile/self,1970-01-01T00:00:00.000Z
c273272193c94029bc9bb144b7f12bb6,2026-02-24T21:00:00Z,2026-02-24T21:13:20Z,auth,auth_enUS_labelerexp,at://did:plc:4z76j5crz7ltdaiumloz5aqv/app.bsky.feed.post/3mfn24n5mec2f,bafyreieq2w7jiozkyo4lvwaot24aisns4ju34kudqh2pockpd7aidpbcei,did:plc:4z76j5crz7ltdaiumloz5aqv,!no-unauthenticated,,at://did:plc:4z76j5crz7ltdaiumloz5aqv/app.bsky.actor.profile/self,1970-01-01T00:00:00.000Z
c273272193c94029bc9bb144b7f12bb6,2026-02-24T21:00:00Z,2026-02-24T21:13:20Z,auth,auth_enUS_labelerexp,at://did:plc:v4c4nokhvrjmx5ylyc3bxcu6/app.bsky.feed.post/3mfmzvnsjdc24,bafyreicyhi4bvbbw5abivja5oo2dbyqkawn4kib4tcltzwjmfihrpfxpuu,did:plc:v4c4nokhvrjmx5ylyc3bxcu6,!no-unauthenticated,,at://did:plc:v4c4nokhvrjmx5ylyc3bxcu6/app.bsky.actor.profile/self,1970-01-01T00:00:00.000Z
c273272193c94029bc9bb144b7f12bb6,2026-02-24T21:00:00Z,2026-02-24T21:13:20Z,auth,auth_enUS_labelerexp,at://did:plc:e3utejmu2d4suyquxdmoob4c/app.bsky.feed.post/3mfmzptgbuc2g,bafyreibf7fgf6cvyu3yck37p7fsja5fu4z4khw3g5vgzhhfgryigmdamku,did:plc:ar7c4by46qjdydhdevvrndac,porn,,at://did:plc:e3utejmu2d4suyquxdmoob4c/app.bsky.actor.profile/self,2024-09-08T17:38:59.695Z
c273272193c94029bc9bb144b7f12bb6,2026-02-24T21:00:00Z,2026-02-24T21:13:20Z,auth,auth_enUS_labelerexp,at://did:plc:fjwfm66r7ypbr5g7ruhrvyab/app.bsky.feed.post/3mfmz7y5gos2z,bafyreig6qkg332iojwfuibpwjhme3m6mte5df6cim4oeronltlijolojgi,did:plc:ar7c4by46qjdydhdevvrndac,porn,,at://did:plc:fjwfm66r7ypbr5g7ruhrvyab/app.bsky.feed.post/3mfmz7y5gos2z,2026-02-24T20:33:14.917Z
c273272193c94029bc9bb144b7f12bb6,2026-02-24T21:00:00Z,2026-02-24T21:13:20Z,auth,auth_enUS_labelerexp,at://did:plc:fjwfm66r7ypbr5g7ruhrvyab/app.bsky.feed.post/3mfmz7y5gos2z,bafyreig6qkg332iojwfuibpwjhme3m6mte5df6cim4oeronltlijolojgi,did:plc:fjwfm66r7ypbr5g7ruhrvyab,!no-unauthenticated,,at://did:plc:fjwfm66r7ypbr5g7ruhrvyab/app.bsky.actor.profile/self,1970-01-01T00:00:00.000Z
c273272193c94029bc9bb144b7f12bb6,2026-02-24T21:00:00Z,2026-02-24T21:13:20Z,auth,auth_enUS_labelerexp,at://did:plc:4z76j5crz7ltdaiumloz5aqv/app.bsky.feed.post/3mfmz73kxyk2f,bafyreiedsxlkaxkdusgzq4ao5nnvrqwgcb2gajow4dkpbohjfqfgmegeom,did:plc:4z76j5crz7ltdaiumloz5aqv,!no-unauthenticated,,at://did:plc:4z76j5crz7ltdaiumloz5aqv/app.bsky.actor.profile/self,1970-01-01T00:00:00.000Z
c273272193c94029bc9bb144b7f12bb6,2026-02-24T21:00:00Z,2026-02-24T21:13:20Z,auth,auth_enUS_labelerexp,at://did:plc:qr7437xzvqigb4n3vbaqkrtv/app.bsky.feed.post/3mfmz4lmku226,bafyreigrx5i456ycay5fu434ubgncsnxx27xdswsu2g3dqa6ra6qycwkbu,did:plc:qr7437xzvqigb4n3vbaqkrtv,!no-unauthenticated,,at://did:plc:qr7437xzvqigb4n3vbaqkrtv/app.bsky.actor.profile/self,1970-01-01T00:00:00.000Z
c273272193c94029bc9bb144b7f12bb6,2026-02-24T21:00:00Z,2026-02-24T21:13:20Z,auth,auth_enUS_labelerexp,at://did:plc:k3h6vi6xa3algqax77zolc7e/app.bsky.feed.post/3mfmz2ac6zc2w,bafyreihfr2467cm5fpzbq3k4j5hhjpgy7ah43vya6cfqsopq27jzxsbyda,did:plc:k3h6vi6xa3algqax77zolc7e,!no-unauthenticated,,at://did:plc:k3h6vi6xa3algqax77zolc7e/app.bsky.actor.profile/self,1970-01-01T00:00:00.000Z
c273272193c94029bc9bb144b7f12bb6,2026-02-24T21:00:00Z,2026-02-24T21:13:20Z,auth,auth_enUS_labelerexp,at://did:plc:dvfzmuocfiqpfacalcal6who/app.bsky.feed.post/3mfmyw4zeb22a,bafyreih3jfeqyxfp5ubfqd2cadd2ud6eqqhzywyk6nb667ygzdeyglneqi,did:plc:dvfzmuocfiqpfacalcal6who,sexual,,at://did:plc:dvfzmuocfiqpfacalcal6who/app.bsky.feed.post/3mfmyw4zeb22a,2026-02-24T20:27:42.537Z
c273272193c94029bc9bb144b7f12bb6,2026-02-24T21:00:00Z,2026-02-24T21:13:20Z,auth,auth_enUS_labelerexp,at://did:plc:bdwxdfqa6les5p755kfz2xcg/app.bsky.feed.post/3mfmypdz4gs23,bafyreieltmyg4k6xzz3bo23oumxh6fvyvdrbqmboxtpr5dcbr4xbx5f46y,did:plc:bdwxdfqa6les5p755kfz2xcg,!no-unauthenticated,,at://did:plc:bdwxdfqa6les5p755kfz2xcg/app.bsky.actor.profile/self,1970-01-01T00:00:00.000Z
c273272193c94029bc9bb144b7f12bb6,2026-02-24T21:00:00Z,2026-02-24T21:13:20Z,auth,auth_enUS_labelerexp,at://did:plc:qr7437xzvqigb4n3vbaqkrtv/app.bsky.feed.post/3mfmydwd5kc2h,bafyreibjoi625q4hbutmfjkjyim2pknpp6pucb6uwcmbd3l3rkjldhhgvm,did:plc:qr7437xzvqigb4n3vbaqkrtv,!no-unauthenticated,,at://did:plc:qr7437xzvqigb4n3vbaqkrtv/app.bsky.actor.profile/self,1970-01-01T00:00:00.000Z
c273272193c94029bc9bb144b7f12bb6,2026-02-24T21:00:00Z,2026-02-24T21:13:20Z,auth,auth_enUS_labelerexp,at://did:plc:qr7437xzvqigb4n3vbaqkrtv/app.bsky.feed.post/3mfmyd24skc2h,bafyreibx4debgxvtoh47g2rwjxt6za7zk72vgdi75ff3zmxkl6ohrx562u,did:plc:qr7437xzvqigb4n3vbaqkrtv,!no-unauthenticated,,at://did:plc:qr7437xzvqigb4n3vbaqkrtv/app.bsky.actor.profile/self,1970-01-01T00:00:00.000Z
c273272193c94029bc9bb144b7f12bb6,2026-02-24T21:00:00Z,2026-02-24T21:13:20Z,auth,auth_enUS_labelerexp,at://did:plc:jjinxh6ol5lfrrsoepciqjyk/app.bsky.feed.post/3mfmxoprjmc2x,bafyreiaapsxuqm4iivey7d33jtbcczvhqb5uer4gy2aj3ubdsbwj6kavui,did:plc:ar7c4by46qjdydhdevvrndac,porn,,at://did:plc:jjinxh6ol5lfrrsoepciqjyk/app.bsky.actor.profile/self,2025-02-19T14:32:06.873Z
c273272193c94029bc9bb144b7f12bb6,2026-02-24T21:00:00Z,2026-02-24T21:13:20Z,auth,auth_enUS_labelerexp,at://did:plc:k443opxfvjscjwusntnfhwi2/app.bsky.feed.post/3mfmxhwq5ns2u,bafyreigdvyvgd3rgoxdfgn3xaoqu5cnjadxzjv4sevtzaen4hnkvinbddi,did:plc:uac6er53o2pvr5y2qmvaf7hw,abusive,,did:plc:k443opxfvjscjwusntnfhwi2,2025-10-07T22:36:42.586Z
c273272193c94029bc9bb144b7f12bb6,2026-02-24T21:00:00Z,2026-02-24T21:13:20Z,auth,auth_enUS_labelerexp,at://did:plc:k443opxfvjscjwusntnfhwi2/app.bsky.feed.post/3mfmxhwq5ns2u,bafyreigdvyvgd3rgoxdfgn3xaoqu5cnjadxzjv4sevtzaen4hnkvinbddi,did:plc:uac6er53o2pvr5y2qmvaf7hw,disinfo,,did:plc:k443opxfvjscjwusntnfhwi2,2025-10-07T22:36:42.586Z
c273272193c94029bc9bb144b7f12bb6,2026-02-24T21:00:00Z,2026-02-24T21:13:20Z,auth,auth_enUS_labelerexp,at://did:plc:k443opxfvjscjwusntnfhwi2/app.bsky.feed.post/3mfmxhwq5ns2u,bafyreigdvyvgd3rgoxdfgn3xaoqu5cnjadxzjv4sevtzaen4hnkvinbddi,did:plc:uac6er53o2pvr5y2qmvaf7hw,abusive,,at://did:plc:k443opxfvjscjwusntnfhwi2/app.bsky.actor.profile/self,2025-06-01T15:25:10.517Z
c273272193c94029bc9bb144b7f12bb6,2026-02-24T21:00:00Z,2026-02-24T21:13:20Z,auth,auth_enUS_labelerexp,at://did:plc:k443opxfvjscjwusntnfhwi2/app.bsky.feed.post/3mfmxhwq5ns2u,bafyreigdvyvgd3rgoxdfgn3xaoqu5cnjadxzjv4sevtzaen4hnkvinbddi,did:plc:k443opxfvjscjwusntnfhwi2,!no-unauthenticated,,at://did:plc:k443opxfvjscjwusntnfhwi2/app.bsky.actor.profile/self,1970-01-01T00:00:00.000Z
c273272193c94029bc9bb144b7f12bb6,2026-02-24T21:00:00Z,2026-02-24T21:13:20Z,auth,auth_enUS_labelerexp,at://did:plc:qcdhuseg4qcxoxxplisihsvh/app.bsky.feed.post/3mfmx2r4hbs2y,bafyreifijcfzuwc2lx3wustto3764xnfyxwcy33hoygyhjzvrbqq37t4iq,did:plc:qcdhuseg4qcxoxxplisihsvh,!no-unauthenticated,,at://did:plc:qcdhuseg4qcxoxxplisihsvh/app.bsky.actor.profile/self,1970-01-01T00:00:00.000Z
c273272193c94029bc9bb144b7f12bb6,2026-02-24T21:00:00Z,2026-02-24T21:13:20Z,auth,auth_enUS_labelerexp,at://did:plc:geshkcsu2inhb7z7ruasz5bm/app.bsky.feed.post/3mfmwgdjd422h,bafyreicgih2zq4m5loa6dxio3eeiqhezastnkfbsb4cvxv32hmdr73fkz4,did:plc:geshkcsu2inhb7z7ruasz5bm,!no-unauthenticated,,at://did:plc:geshkcsu2inhb7z7ruasz5bm/app.bsky.actor.profile/self,1970-01-01T00:00:00.000Z
c273272193c94029bc9bb144b7f12bb6,2026-02-24T21:00:00Z,2026-02-24T21:13:20Z,auth,auth_enUS_labelerexp,at://did:plc:uxrm334isx365j4lkdj6tnbi/app.bsky.feed.post/3mfmw7xgrks2y,bafyreihgmjvztgajkcypeqpka4yink2l37hm7rvmumxcktdjip3a5x2dte,did:plc:uxrm334isx365j4lkdj6tnbi,sexual,,at://did:plc:uxrm334isx365j4lkdj6tnbi/app.bsky.feed.post/3mfmw7xgrks2y,2026-02-24T19:39:31.006Z
c273272193c94029bc9bb144b7f12bb6,2026-02-24T21:00:00Z,2026-02-24T21:13:20Z,auth,auth_enUS_labelerexp,at://did:plc:uxrm334isx365j4lkdj6tnbi/app.bsky.feed.post/3mfmw7xgrks2y,bafyreihgmjvztgajkcypeqpka4yink2l37hm7rvmumxcktdjip3a5x2dte,did:plc:uxrm334isx365j4lkdj6tnbi,!no-unauthenticated,,at://did:plc:uxrm334isx365j4lkdj6tnbi/app.bsky.actor.profile/self,1970-01-01T00:00:00.000Z
c273272193c94029bc9bb144b7f12bb6,2026-02-24T21:00:00Z,2026-02-24T21:13:20Z,auth,auth_enUS_labelerexp,at://did:plc:rnu2ttrx5zbthskq4frrcbsn/app.bsky.feed.post/3mfmw6aseds2r,bafyreibrg7y3k6rlawfdy72fj7n6tglhgverzxygl7wqmrv32c76q2tny4,did:plc:rnu2ttrx5zbthskq4frrcbsn,!no-unauthenticated,,at://did:plc:rnu2ttrx5zbthskq4frrcbsn/app.bsky.actor.profile/self,1970-01-01T00:00:00.000Z
c273272193c94029bc9bb144b7f12bb6,2026-02-24T21:00:00Z,2026-02-24T21:13:20Z,auth,auth_enUS_labelerexp,at://did:plc:m7djwibhv3faljaofpzoo6hf/app.bsky.feed.post/3mfmvgzgbls2m,bafyreiehekhhkt6izzlietlayizfkt2zhj7rhislpglgdx22yybv53g7fu,did:plc:uac6er53o2pvr5y2qmvaf7hw,meta-link,,at://did:plc:m7djwibhv3faljaofpzoo6hf/app.bsky.actor.profile/self,2026-02-10T22:17:46.520Z
c273272193c94029bc9bb144b7f12bb6,2026-02-24T21:00:00Z,2026-02-24T21:13:20Z,auth,auth_enUS_labelerexp,at://did:plc:qcf7wnlkndkf2zyu5zbt55m7/app.bsky.feed.post/3mfmuwiootk2o,bafyreihgixwryrk7emf4ak2lg3imngskvyjns3zfsjq6d25rflxs4gjvmq,did:plc:qcf7wnlkndkf2zyu5zbt55m7,!no-unauthenticated,,at://did:plc:qcf7wnlkndkf2zyu5zbt55m7/app.bsky.actor.profile/self,1970-01-01T00:00:00.000Z
c273272193c94029bc9bb144b7f12bb6,2026-02-24T21:00:00Z,2026-02-24T21:13:20Z,auth,auth_enUS_labelerexp,at://did:plc:4clagoaqzqhamldfghvldpi4/app.bsky.feed.post/3mfmuvgazvs25,bafyreigj2sqqq26s4zapcfvfkdcojmors6u5wqdbsnes6rbvv6mffunx2u,did:plc:4clagoaqzqhamldfghvldpi4,!no-unauthenticated,,at://did:plc:4clagoaqzqhamldfghvldpi4/app.bsky.actor.profile/self,2024-11-16T08:02:16.853Z
c273272193c94029bc9bb144b7f12bb6,2026-02-24T21:00:00Z,2026-02-24T21:13:20Z,auth,auth_enUS_labelerexp,at://did:plc:rgwsjdj2gbpbyc2flwgduo3e/app.bsky.feed.post/3mfmulpdqxc2i,bafyreiexqpcmzyovpn5ahkgbjie2xripf57rt5fzqqunmyqd7q5drjdr5a,did:plc:rgwsjdj2gbpbyc2flwgduo3e,!no-unauthenticated,,at://did:plc:rgwsjdj2gbpbyc2flwgduo3e/app.bsky.actor.profile/self,1970-01-01T00:00:00.000Z
c273272193c94029bc9bb144b7f12bb6,2026-02-24T21:00:00Z,2026-02-24T21:13:20Z,auth,auth_enUS_labelerexp,at://did:plc:zc46jxmlwoptr6pndfyyuxc7/app.bsky.feed.post/3mfmuhqlk4s2w,bafyreib32ub2hx347x5obxz5dwiitp3roytzsejfa6skucmkhvqmdfk62u,did:plc:zc46jxmlwoptr6pndfyyuxc7,sexual,,at://did:plc:zc46jxmlwoptr6pndfyyuxc7/app.bsky.feed.post/3mfmuhqlk4s2w,2026-02-24T19:08:04.774Z
c273272193c94029bc9bb144b7f12bb6,2026-02-24T21:00:00Z,2026-02-24T21:13:20Z,auth,auth_enUS_labelerexp,at://did:plc:zc46jxmlwoptr6pndfyyuxc7/app.bsky.feed.post/3mfmuhqlk4s2w,bafyreib32ub2hx347x5obxz5dwiitp3roytzsejfa6skucmkhvqmdfk62u,did:plc:zc46jxmlwoptr6pndfyyuxc7,!no-unauthenticated,,at://did:plc:zc46jxmlwoptr6pndfyyuxc7/app.bsky.actor.profile/self,1970-01-01T00:00:00.000Z
c273272193c94029bc9bb144b7f12bb6,2026-02-24T21:00:00Z,2026-02-24T21:13:20Z,auth,auth_enUS_labelerexp,at://did:plc:6t4et3mfzx2qzvm6ydfkhojy/app.bsky.feed.post/3mfmu5uwvgc2a,bafyreic6ad5gzh4ndr4qsf7uwo6npv2u24mg6xkhqv7tldtijp3ensxble,did:plc:ar7c4by46qjdydhdevvrndac,porn,,at://did:plc:6t4et3mfzx2qzvm6ydfkhojy/app.bsky.feed.post/3mfmu5uwvgc2a,2026-02-24T19:02:39.570Z
c273272193c94029bc9bb144b7f12bb6,2026-02-24T21:00:00Z,2026-02-24T21:13:20Z,auth,auth_enUS_labelerexp,at://did:plc:6t4et3mfzx2qzvm6ydfkhojy/app.bsky.feed.post/3mfmu5uwvgc2a,bafyreic6ad5gzh4ndr4qsf7uwo6npv2u24mg6xkhqv7tldtijp3ensxble,did:plc:ar7c4by46qjdydhdevvrndac,sexual,,at://did:plc:6t4et3mfzx2qzvm6ydfkhojy/app.bsky.feed.post/3mfmu5uwvgc2a,2026-02-24T19:02:41.685Z
c273272193c94029bc9bb144b7f12bb6,2026-02-24T21:00:00Z,2026-02-24T21:13:20Z,auth,auth_enUS_labelerexp,at://did:plc:3lvhabdtec5imtcvfgw2bhmh/app.bsky.feed.post/3mfmu42wuts2f,bafyreiasevuumeln75neln6a2n5khdtpwqn4nh43voqi7tugldspdknmny,did:plc:3lvhabdtec5imtcvfgw2bhmh,!no-unauthenticated,,at://did:plc:3lvhabdtec5imtcvfgw2bhmh/app.bsky.actor.profile/self,1970-01-01T00:00:00.000Z
c273272193c94029bc9bb144b7f12bb6,2026-02-24T21:00:00Z,2026-02-24T21:13:20Z,auth,auth_enUS_labelerexp,at://did:plc:twg5utnlcqpxfwjlxwsaatew/app.bsky.feed.post/3mfmtxwxs6c22,bafyreicyzb2vo2464gkeeg7v4xnn66oz3nspow3zxhwb5rxb3oc667fkp4,did:plc:ar7c4by46qjdydhdevvrndac,porn,,at://did:plc:twg5utnlcqpxfwjlxwsaatew/app.bsky.actor.profile/self,2024-11-18T00:58:58.210Z
c273272193c94029bc9bb144b7f12bb6,2026-02-24T21:00:00Z,2026-02-24T21:13:20Z,auth,auth_enUS_labelerexp,at://did:plc:twg5utnlcqpxfwjlxwsaatew/app.bsky.feed.post/3mfmtxwxs6c22,bafyreicyzb2vo2464gkeeg7v4xnn66oz3nspow3zxhwb5rxb3oc667fkp4,did:plc:twg5utnlcqpxfwjlxwsaatew,!no-unauthenticated,,at://did:plc:twg5utnlcqpxfwjlxwsaatew/app.bsky.actor.profile/self,2024-11-18T00:58:56.009Z
c273272193c94029bc9bb144b7f12bb6,2026-02-24T21:00:00Z,2026-02-24T21:13:20Z,auth,auth_enUS_labelerexp,at://did:plc:thjwlbc4ylqyrcj6nxcpbfet/app.bsky.feed.post/3mfmtm2dsfs2m,bafyreidjww67upavwz5lm7lw2tal5b4yefzlfajht7rtozwtlebptmdua4,did:plc:thjwlbc4ylqyrcj6nxcpbfet,!no-unauthenticated,,at://did:plc:thjwlbc4ylqyrcj6nxcpbfet/app.bsky.actor.profile/self,2024-07-31T22:24:42.155Z
c273272193c94029bc9bb144b7f12bb6,2026-02-24T21:00:00Z,2026-02-24T21:13:20Z,auth,auth_enUS_labelerexp,at://did:plc:bdwxdfqa6les5p755kfz2xcg/app.bsky.feed.post/3mfmtfayus22m,bafyreig6qsuw6cyuf7rfduv4z7b356x3yhce2bxwzmzjnnx7ohizk2j56y,did:plc:bdwxdfqa6les5p755kfz2xcg,!no-unauthenticated,,at://did:plc:bdwxdfqa6les5p755kfz2xcg/app.bsky.actor.profile/self,1970-01-01T00:00:00.000Z
c273272193c94029bc9bb144b7f12bb6,2026-02-24T21:00:00Z,2026-02-24T21:13:20Z,auth,auth_enUS_labelerexp,at://did:plc:b6uhtbejmvivnw72tcmvam4e/app.bsky.feed.post/3mfmta3bpmk2j,bafyreihv3kzhbda6szgytutdh53oadnmwansv6stq2uljjm5lcm6z4kbay,did:plc:b6uhtbejmvivnw72tcmvam4e,!no-unauthenticated,,at://did:plc:b6uhtbejmvivnw72tcmvam4e/app.bsky.actor.profile/self,1970-01-01T00:00:00.000Z
c273272193c94029bc9bb144b7f12bb6,2026-02-24T21:00:00Z,2026-02-24T21:13:20Z,auth,auth_enUS_labelerexp,at://did:plc:qj4uog2xdzxnu56kfpdbi3iy/app.bsky.feed.post/3mfmss5kirc2p,bafyreicorz4ijljhyzbxifqjoyamek3eyt4n74kc5r7wptlqkivena6nbi,did:plc:qj4uog2xdzxnu56kfpdbi3iy,!no-unauthenticated,,at://did:plc:qj4uog2xdzxnu56kfpdbi3iy/app.bsky.actor.profile/self,1970-01-01T00:00:00.000Z
c273272193c94029bc9bb144b7f12bb6,2026-02-24T21:00:00Z,2026-02-24T21:13:20Z,auth,auth_enUS_labelerexp,at://did:plc:v4c4nokhvrjmx5ylyc3bxcu6/app.bsky.feed.post/3mfmskgamms2x,bafyreidzcks23snlugx6xbvjf55dszxem5cowptjnq3lm2o3ftbbjr2jwu,did:plc:v4c4nokhvrjmx5ylyc3bxcu6,!no-unauthenticated,,at://did:plc:v4c4nokhvrjmx5ylyc3bxcu6/app.bsky.actor.profile/self,1970-01-01T00:00:00.000Z
c273272193c94029bc9bb144b7f12bb6,2026-02-24T21:00:00Z,2026-02-24T21:13:20Z,auth,auth_enUS_labelerexp,at://did:plc:qcf7wnlkndkf2zyu5zbt55m7/app.bsky.feed.post/3mfmrw3flrs2n,bafyreigty5jknb3xg3te2uz447tvpuphetaold7hf3jr7twf6ycr5w5v6e,did:plc:qcf7wnlkndkf2zyu5zbt55m7,!no-unauthenticated,,at://did:plc:qcf7wnlkndkf2zyu5zbt55m7/app.bsky.actor.profile/self,1970-01-01T00:00:00.000Z
c273272193c94029bc9bb144b7f12bb6,2026-02-24T21:00:00Z,2026-02-24T21:13:33Z,auth,auth_enUS_labelerexp,at://did:plc:22xtuu5faewtaogokkixewuj/app.bsky.feed.post/3mfmdqbim5c2m,bafyreicxhbwxs2tbicimgs3dyt6mjo2ryhgop6np6lprwk2rkw3cazooae,did:plc:22xtuu5faewtaogokkixewuj,!no-unauthenticated,,at://did:plc:22xtuu5faewtaogokkixewuj/app.bsky.actor.profile/self,1970-01-01T00:00:00.000Z
c273272193c94029bc9bb144b7f12bb6,2026-02-24T21:00:00Z,2026-02-24T21:13:33Z,auth,auth_enUS_labelerexp,at://did:plc:24dvnnvkldc55nsgtrmb7gkr/app.bsky.feed.post/3mfkwlfdg2s2k,bafyreicqpiqszwynguwg3slefh6igndr672rdeu2majzxnwynif44kzwma,did:plc:24dvnnvkldc55nsgtrmb7gkr,!no-unauthenticated,,at://did:plc:24dvnnvkldc55nsgtrmb7gkr/app.bsky.actor.profile/self,1970-01-01T00:00:00.000Z
c273272193c94029bc9bb144b7f12bb6,2026-02-24T21:00:00Z,2026-02-24T21:13:33Z,auth,auth_enUS_labelerexp,at://did:plc:22q23ofx54ekzug5tlns2v36/app.bsky.feed.post/3mfmlhxejvc2l,bafyreie45i7lrj4voiqwomgfpxpayjcynepdwmtloiq4zk3qwnmk2e3oxm,did:plc:22q23ofx54ekzug5tlns2v36,!no-unauthenticated,,at://did:plc:22q23ofx54ekzug5tlns2v36/app.bsky.actor.profile/self,1970-01-01T00:00:00.000Z
c273272193c94029bc9bb144b7f12bb6,2026-02-24T21:00:00Z,2026-02-24T21:13:33Z,auth,auth_enUS_labelerexp,at://did:plc:c5dlnddtmwsod3atr5l7swjn/app.bsky.feed.post/3mfn2ibftrc2n,bafyreidw7ox3p7bnzi54lsslq4gdsrcltu2tyrzattcdmny4ilw5yejfci,did:plc:l624mewisyr6hymexmrjkprc,voiceactor,,did:plc:c5dlnddtmwsod3atr5l7swjn,2025-04-27T16:03:52.493Z
c273272193c94029bc9bb144b7f12bb6,2026-02-24T21:00:00Z,2026-02-24T21:13:33Z,auth,auth_enUS_labelerexp,at://did:plc:22omqlewqq66fnzo6ltdgdpn/app.bsky.feed.post/3mfm5r4bmvc2b,bafyreict6gc3thlrmytth4lmmxkksk5yigylmz3cmuawz7shnt3m76ykae,did:plc:22omqlewqq66fnzo6ltdgdpn,!no-unauthenticated,,at://did:plc:22omqlewqq66fnzo6ltdgdpn/app.bsky.actor.profile/self,2025-01-23T16:06:24.261Z
c273272193c94029bc9bb144b7f12bb6,2026-02-24T21:00:00Z,2026-02-24T21:13:33Z,auth,auth_enUS_labelerexp,at://did:plc:bono5gae7m6r3qpfxomshwbd/app.bsky.feed.post/3mfmzlb7l4c2z,bafyreigm7zd3euxtvqa3ucd6ewpwy33o3kkm75pwqj3fc62jsuhvsx7xyu,did:plc:uac6er53o2pvr5y2qmvaf7hw,suspect-citation,,at://did:plc:bono5gae7m6r3qpfxomshwbd/app.bsky.feed.post/3mfmzlb7l4c2z,2026-02-24T20:39:32.967Z
c273272193c94029bc9bb144b7f12bb6,2026-02-24T21:00:00Z,2026-02-24T21:13:33Z,auth,auth_enUS_labelerexp,at://did:plc:24pat5eit3v6ysfsy57h5sis/app.bsky.feed.post/3mfk7scyfm225,bafyreibeiedzzyzmwexxvtvea2wxko7x5eiijxdzqqhkrhq5yyqmy4wm24,did:plc:24pat5eit3v6ysfsy57h5sis,!no-unauthenticated,,at://did:plc:24pat5eit3v6ysfsy57h5sis/app.bsky.actor.profile/self,1970-01-01T00:00:00.000Z
c273272193c94029bc9bb144b7f12bb6,2026-02-24T21:00:00Z,2026-02-24T21:13:33Z,auth,auth_enUS_labelerexp,at://did:plc:233vxz7hv2et3d5iu6eh2iaw/app.bsky.feed.post/3mfk2sfbilk2d,bafyreicfh6griibwqq4jef7yovapfd3v5nopmmehrnhdhn2ptxbtisbxne,did:plc:233vxz7hv2et3d5iu6eh2iaw,!no-unauthenticated,,at://did:plc:233vxz7hv2et3d5iu6eh2iaw/app.bsky.actor.profile/self,2024-10-18T20:55:06.676Z
c273272193c94029bc9bb144b7f12bb6,2026-02-24T21:00:00Z,2026-02-24T21:13:33Z,auth,auth_enUS_labelerexp,at://did:plc:24uclw42dpkfi6dmblsnaaqu/app.bsky.feed.post/3mfmibuncws2c,bafyreic4ydkkmgahmzfeosh6bcgfe6t6ut4lf2u6u32dah6hte45cetc6i,did:plc:uac6er53o2pvr5y2qmvaf7hw,x-link,,at://did:plc:24uclw42dpkfi6dmblsnaaqu/app.bsky.actor.profile/self,2025-05-09T00:48:26.676Z
c273272193c94029bc9bb144b7f12bb6,2026-02-24T21:00:00Z,2026-02-24T21:13:33Z,auth,auth_enUS_labelerexp,at://did:plc:24ifz3k2fj2akzmyzwbxmjsh/app.bsky.feed.post/3mfmksbxj2s2m,bafyreib6aftx5opqxs5a66ijbtjl3kn75e4fhbte7t2yxxzlcto5t7tsti,did:plc:24ifz3k2fj2akzmyzwbxmjsh,!no-unauthenticated,,at://did:plc:24ifz3k2fj2akzmyzwbxmjsh/app.bsky.actor.profile/self,1970-01-01T00:00:00.000Z
c273272193c94029bc9bb144b7f12bb6,2026-02-24T21:00:00Z,2026-02-24T21:13:33Z,auth,auth_enUS_labelerexp,at://did:plc:25v4xkavm2l6ywhrhvxd5ulh/app.bsky.feed.post/3mfjy54cjp22i,bafyreiacs63xbycnjaxrngvpqv6rjxi5greqzuhfmqti4yqa5lrfqh6vhy,did:plc:25v4xkavm2l6ywhrhvxd5ulh,!no-unauthenticated,,at://did:plc:25v4xkavm2l6ywhrhvxd5ulh/app.bsky.actor.profile/self,2024-10-16T20:42:12.402Z
c273272193c94029bc9bb144b7f12bb6,2026-02-24T21:00:00Z,2026-02-24T21:13:33Z,auth,auth_enUS_labelerexp,at://did:plc:25npfbvwi3ane36nbp5ozajn/app.bsky.feed.post/3mfkrdc5d2c2s,bafyreibdstlcofopvhqh3p4k5pcru6p6b7d5z4akthodjfalrbicagsmw4,did:plc:25npfbvwi3ane36nbp5ozajn,!no-unauthenticated,,at://did:plc:25npfbvwi3ane36nbp5ozajn/app.bsky.actor.profile/self,1970-01-01T00:00:00.000Z
