run_id,snapshot_hour_utc,captured_at_utc,viewer_mode,vantage_id,feed_uri,bucket,rank,post_uri,post_cid,author_did,author_handle,reason_type,reason_actor_did
965ae8e86a4a437f98b2037e007f99de,2026-02-26T16:00:00Z,2026-02-26T16:15:35Z,auth,auth_enUS_labelerexp,at://did:plc:3sn6bogankaicebzdb7liro3/app.bsky.feed.generator/aaaclmwsj24p6,suggested_labelerexp,1,at://did:plc:3sn6bogankaicebzdb7liro3/app.bsky.feed.post/3lcccbsl2mc2k,bafyreiezu3eftkprwsks7dwhcssgwlkbvjnwzldxal4o3xfqjrtotjm7gm,did:plc:3sn6bogankaicebzdb7liro3,allyann.bsky.social,,
965ae8e86a4a437f98b2037e007f99de,2026-02-26T16:00:00Z,2026-02-26T16:15:35Z,auth,auth_enUS_labelerexp,at://did:plc:3sn6bogankaicebzdb7liro3/app.bsky.feed.generator/aaaclmwsj24p6,suggested_labelerexp,2,at://did:plc:4eqzjgeh2jcnyuvdin7lrqib/app.bsky.feed.post/3mfrleudexk2w,bafyreigw5dkpajb7ypatglg2oxieddfsyvfg6cpyu27bpuwgtrct7gr6sm,did:plc:4eqzjgeh2jcnyuvdin7lrqib,kimvr.bsky.social,,
965ae8e86a4a437f98b2037e007f99de,2026-02-26T16:00:00Z,2026-02-26T16:15:35Z,auth,auth_enUS_labelerexp,at://did:plc:3sn6bogankaicebzdb7liro3/app.bsky.feed.generator/aaaclmwsj24p6,suggested_labelerexp,3,at://did:plc:uphqwkdmng53imwavsgltnuo/app.bsky.feed.post/3mfrle53ecx2n,bafyreiafhp2fhenkdsp5kxigu6dr5w5557h2kchtouy4uqadjevwkggzke,did:plc:uphqwkdmng53imwavsgltnuo,stopthestigma.bsky.social,,
965ae8e86a4a437f98b2037e007f99de,2026-02-26T16:00:00Z,2026-02-26T16:15:35Z,auth,auth_enUS_labelerexp,at://did:plc:3sn6bogankaicebzdb7liro3/app.bsky.feed.generator/aaaclmwsj24p6,suggested_labelerexp,4,at://did:plc:pyukxwbfa43swxzxc7z6ufjb/app.bsky.feed.post/3mfrl7f4o3v2w,bafyreih5vibphhjpuyjygu4bc3a72u2vwpevytfnhappiekb3rbbe5iryy,did:plc:pyukxwbfa43swxzxc7z6ufjb,bioresireresearch.bsky.social,,
965ae8e86a4a437f98b2037e007f99de,2026-02-26T16:00:00Z,2026-02-26T16:15:35Z,auth,auth_enUS_labelerexp,at://did:plc:3sn6bogankaicebzdb7liro3/app.bsky.feed.generator/aaaclmwsj24p6,suggested_labelerexp,5,at://did:plc:xkutrxajb5fmxs3ujny6hln5/app.bsky.feed.post/3mfrl6ieeix2o,bafyreihyy7datsdygjmm7prvcdawa6b2tkklouwspnqo7pmosxqlr2fpoa,did:plc:xkutrxajb5fmxs3ujny6hln5,mecfsresearch.bsky.social,,
965ae8e86a4a437f98b2037e007f99de,2026-02-26T16:00:00Z,2026-02-26T16:15:35Z,auth,auth_enUS_labelerexp,at://did:plc:3sn6bogankaicebzdb7liro3/app.bsky.feed.generator/aaaclmwsj24p6,suggested_labelerexp,6,at://did:plc:kcskm4vgdfnxg5t67tdpsx3b/app.bsky.feed.post/3mfrl2fawsc2m,bafyreigzvxwv367ohfp4j5gfxnpchgbwa2q4772y5dbzducpo36mtijkxy,did:plc:kcskm4vgdfnxg5t67tdpsx3b,elisie.bsky.social,,
965ae8e86a4a437f98b2037e007f99de,2026-02-26T16:00:00Z,2026-02-26T16:15:35Z,auth,auth_enUS_labelerexp,at://did:plc:3sn6bogankaicebzdb7liro3/app.bsky.feed.generator/aaaclmwsj24p6,suggested_labelerexp,7,at://did:plc:ias7v6bqm4flcup2nggpb5it/app.bsky.feed.post/3mfrkzkpkdw2e,bafyreidlzin4hb26cyexcfvyw4cnsrusszesjfy7n244ufwvruhujnaxii,did:plc:ias7v6bqm4flcup2nggpb5it,alex-tlc.bsky.social,,
965ae8e86a4a437f98b2037e007f99de,2026-02-26T16:00:00Z,2026-02-26T16:15:35Z,auth,auth_enUS_labelerexp,at://did:plc:3sn6bogankaicebzdb7liro3/app.bsky.feed.generator/aaaclmwsj24p6,suggested_labelerexp,8,at://did:plc:l55dzcmlyyo4eepx44w7pydk/app.bsky.feed.post/3mfrkw75mhe2o,bafyreigfkgmxcrvvm6atiqekzi63su7w3635rau2lwqbnyo4a4p5ksxvk4,did:plc:l55dzcmlyyo4eepx44w7pydk,sitcancer.bsky.social,,
965ae8e86a4a437f98b2037e007f99de,2026-02-26T16:00:00Z,2026-02-26T16:15:35Z,auth,auth_enUS_labelerexp,at://did:plc:3sn6bogankaicebzdb7liro3/app.bsky.feed.generator/aaaclmwsj24p6,suggested_labelerexp,9,at://did:plc:xkutrxajb5fmxs3ujny6hln5/app.bsky.feed.post/3mfrkvoq3po2j,bafyreiewls53wrxeei33gisq4ibjc5row2h6xrvyqq7ljdfgyjz3x44ika,did:plc:xkutrxajb5fmxs3ujny6hln5,mecfsresearch.bsky.social,,
965ae8e86a4a437f98b2037e007f99de,2026-02-26T16:00:00Z,2026-02-26T16:15:35Z,auth,auth_enUS_labelerexp,at://did:plc:3sn6bogankaicebzdb7liro3/app.bsky.feed.generator/aaaclmwsj24p6,suggested_labelerexp,10,at://did:plc:cw3xzr7dzuq2jowaudpudb5b/app.bsky.feed.post/3mfrktos5gc23,bafyreig34yrzgwa2ghp6unksez7pqkvubcfmkr4c36w5pmovhldbd43uze,did:plc:cw3xzr7dzuq2jowaudpudb5b,andrewnyquist.bsky.social,,
965ae8e86a4a437f98b2037e007f99de,2026-02-26T16:00:00Z,2026-02-26T16:15:35Z,auth,auth_enUS_labelerexp,at://did:plc:3sn6bogankaicebzdb7liro3/app.bsky.feed.generator/aaaclmwsj24p6,suggested_labelerexp,11,at://did:plc:jfnpoptquwtqambk3shxagd5/app.bsky.feed.post/3mfrksybnl42b,bafyreiais2ieojhh6v5jwvxtjxmyi5lyycuvg4cmuqbn4hx4wgtt5l6mgu,did:plc:jfnpoptquwtqambk3shxagd5,teamitresearch.bsky.social,,
965ae8e86a4a437f98b2037e007f99de,2026-02-26T16:00:00Z,2026-02-26T16:15:35Z,auth,auth_enUS_labelerexp,at://did:plc:3sn6bogankaicebzdb7liro3/app.bsky.feed.generator/aaaclmwsj24p6,suggested_labelerexp,12,at://did:plc:wfhbwuwlf5fohk4qvsvyd34g/app.bsky.feed.post/3mfrkse5z3c2f,bafyreibhfmzywn7fcl2cks4wiu6t4xlvbgfv7hqyew2ysvmugie74v6sw4,did:plc:wfhbwuwlf5fohk4qvsvyd34g,bansheex.vtubers.social,,
965ae8e86a4a437f98b2037e007f99de,2026-02-26T16:00:00Z,2026-02-26T16:15:35Z,auth,auth_enUS_labelerexp,at://did:plc:3sn6bogankaicebzdb7liro3/app.bsky.feed.generator/aaaclmwsj24p6,suggested_labelerexp,13,at://did:plc:qw23epfxqmqa6kj4fw5mt2m2/app.bsky.feed.post/3mfrklmxxks2w,bafyreifycrtt6k2mjfbu4y3a3kdtrfprihqknuioepbk2zbntx6vz4j3be,did:plc:qw23epfxqmqa6kj4fw5mt2m2,rarascsic.bsky.social,,
965ae8e86a4a437f98b2037e007f99de,2026-02-26T16:00:00Z,2026-02-26T16:15:35Z,auth,auth_enUS_labelerexp,at://did:plc:3sn6bogankaicebzdb7liro3/app.bsky.feed.generator/aaaclmwsj24p6,suggested_labelerexp,14,at://did:plc:o5frbryu3fsjtp2jcn6p53xd/app.bsky.feed.post/3mfrkibrzqs2i,bafyreibijraezqf3xvegxgu4mfemiugxgm6e4hggzfasjgfnq7syfkv35u,did:plc:o5frbryu3fsjtp2jcn6p53xd,milanathis.com,,
965ae8e86a4a437f98b2037e007f99de,2026-02-26T16:00:00Z,2026-02-26T16:15:35Z,auth,auth_enUS_labelerexp,at://did:plc:3sn6bogankaicebzdb7liro3/app.bsky.feed.generator/aaaclmwsj24p6,suggested_labelerexp,15,at://did:plc:gjjto33uhoisxk5ibkelmxgu/app.bsky.feed.post/3mfrkffvrxv2x,bafyreif7x46cqk2kucxaxp323fcwytci4di5wfwdls55waacnovvuhbahu,did:plc:gjjto33uhoisxk5ibkelmxgu,rarediseaseadvisor.bsky.social,,
965ae8e86a4a437f98b2037e007f99de,2026-02-26T16:00:00Z,2026-02-26T16:15:35Z,auth,auth_enUS_labelerexp,at://did:plc:3sn6bogankaicebzdb7liro3/app.bsky.feed.generator/aaaclmwsj24p6,suggested_labelerexp,16,at://did:plc:xx26w2f3mlthueue7x52tl2s/app.bsky.feed.post/3mfrk23dkes2y,bafyreicc5dililngnw7gr3hkdotm5szhrhxi6nkxo2523xrdd56sgnxe5u,did:plc:xx26w2f3mlthueue7x52tl2s,maryeilmicdom.bsky.social,,
965ae8e86a4a437f98b2037e007f99de,2026-02-26T16:00:00Z,2026-02-26T16:15:35Z,auth,auth_enUS_labelerexp,at://did:plc:3sn6bogankaicebzdb7liro3/app.bsky.feed.generator/aaaclmwsj24p6,suggested_labelerexp,17,at://did:plc:m3l3uz2vfew6gsnc2mzerx7i/app.bsky.feed.post/3mfrjyp2knp2n,bafyreibssezoiivon54zhtsbc43pm3dvadepfwceje6lyz5luei56s7xxm,did:plc:m3l3uz2vfew6gsnc2mzerx7i,cerebralpalsyclms.bsky.social,,
965ae8e86a4a437f98b2037e007f99de,2026-02-26T16:00:00Z,2026-02-26T16:15:35Z,auth,auth_enUS_labelerexp,at://did:plc:3sn6bogankaicebzdb7liro3/app.bsky.feed.generator/aaaclmwsj24p6,suggested_labelerexp,18,at://did:plc:bw5q2g3swvk42itrjbukpv7q/app.bsky.feed.post/3mfrjuxolek2j,bafyreih57quomsicvz67tylarw4jzthfuc7sxhlgjq4bvmdfjirnwdzaxi,did:plc:bw5q2g3swvk42itrjbukpv7q,scsaveslives.bsky.social,,
965ae8e86a4a437f98b2037e007f99de,2026-02-26T16:00:00Z,2026-02-26T16:15:35Z,auth,auth_enUS_labelerexp,at://did:plc:3sn6bogankaicebzdb7liro3/app.bsky.feed.generator/aaaclmwsj24p6,suggested_labelerexp,19,at://did:plc:wlsiwnrsfkvhmpygf4rvpsyf/app.bsky.feed.post/3mfrjsudt7s2g,bafyreibb6v34cbnvjvgl6tfm5rurgqixewurt2aofcnecc5nzdacn27va4,did:plc:wlsiwnrsfkvhmpygf4rvpsyf,bocascientificinc.bsky.social,,
965ae8e86a4a437f98b2037e007f99de,2026-02-26T16:00:00Z,2026-02-26T16:15:35Z,auth,auth_enUS_labelerexp,at://did:plc:3sn6bogankaicebzdb7liro3/app.bsky.feed.generator/aaaclmwsj24p6,suggested_labelerexp,20,at://did:plc:q536vrunhu5vmtp57kknr2pe/app.bsky.feed.post/3mfrjq67tss24,bafyreicmm2j4wkfp4vzxpqn4lca6ekc3arldlx7pmel2k744w4ya3onqoe,did:plc:q536vrunhu5vmtp57kknr2pe,grassianil.bsky.social,,
965ae8e86a4a437f98b2037e007f99de,2026-02-26T16:00:00Z,2026-02-26T16:15:35Z,auth,auth_enUS_labelerexp,at://did:plc:3sn6bogankaicebzdb7liro3/app.bsky.feed.generator/aaaclmwsj24p6,suggested_labelerexp,21,at://did:plc:rt4kqnx4o6zgfrhyflarwttl/app.bsky.feed.post/3mfrjq5ps5c2j,bafyreiasescmfe5aws4uvjlz6n5u7qj5vtqg3lanf4dbjjfef7zphk5flq,did:plc:rt4kqnx4o6zgfrhyflarwttl,eortc.org,,
965ae8e86a4a437f98b2037e007f99de,2026-02-26T16:00:00Z,2026-02-26T16:15:35Z,auth,auth_enUS_labelerexp,at://did:plc:3sn6bogankaicebzdb7liro3/app.bsky.feed.generator/aaaclmwsj24p6,suggested_labelerexp,22,at://did:plc:vs2tcjue6cj2fjasqtuz7b5r/app.bsky.feed.post/3mfrjpjxyek2h,bafyreih2fuuogpbaoar3jbfqtcx6ljuwsssshahpoy5ah7eah73fxn7p7i,did:plc:vs2tcjue6cj2fjasqtuz7b5r,argyllander.bsky.social,,
965ae8e86a4a437f98b2037e007f99de,2026-02-26T16:00:00Z,2026-02-26T16:15:35Z,auth,auth_enUS_labelerexp,at://did:plc:3sn6bogankaicebzdb7liro3/app.bsky.feed.generator/aaaclmwsj24p6,suggested_labelerexp,23,at://did:plc:jgkibtkibpbbe34rgjqz5nra/app.bsky.feed.post/3mfrjkl4oe22b,bafyreiabgbxmd6aizjmly6el5tts7ikrif7nbumzlg73nsk3ubim2evvam,did:plc:jgkibtkibpbbe34rgjqz5nra,waldmeer.bsky.social,,
965ae8e86a4a437f98b2037e007f99de,2026-02-26T16:00:00Z,2026-02-26T16:15:35Z,auth,auth_enUS_labelerexp,at://did:plc:3sn6bogankaicebzdb7liro3/app.bsky.feed.generator/aaaclmwsj24p6,suggested_labelerexp,24,at://did:plc:noaki5sdnpgzktwiqdcpa4aq/app.bsky.feed.post/3mfrjjjqvfs22,bafyreigauwicldfascv7ammlb5uojkyib4nnzskacgx634xndkxlad2e2q,did:plc:noaki5sdnpgzktwiqdcpa4aq,verhac.bsky.social,,
965ae8e86a4a437f98b2037e007f99de,2026-02-26T16:00:00Z,2026-02-26T16:15:35Z,auth,auth_enUS_labelerexp,at://did:plc:3sn6bogankaicebzdb7liro3/app.bsky.feed.generator/aaaclmwsj24p6,suggested_labelerexp,25,at://did:plc:bevh6lrl4hp6mznyofribhqd/app.bsky.feed.post/3mfrjersrjc2h,bafyreieas7wilvyf3eial3ehxqhdgrcldov4inldh455nhmdta3yfojksu,did:plc:bevh6lrl4hp6mznyofribhqd,murtoz.bsky.social,,
965ae8e86a4a437f98b2037e007f99de,2026-02-26T16:00:00Z,2026-02-26T16:15:35Z,auth,auth_enUS_labelerexp,at://did:plc:3sn6bogankaicebzdb7liro3/app.bsky.feed.generator/aaaclmwsj24p6,suggested_labelerexp,26,at://did:plc:43rudsv62fuwsmnk7oppgtdy/app.bsky.feed.post/3mfrje6hj4c2f,bafyreifcdavohvo3wnstxjb6hitzlekek67hcmhpckjlzoe7fa7725shmy,did:plc:43rudsv62fuwsmnk7oppgtdy,tomkindlon.bsky.social,,
965ae8e86a4a437f98b2037e007f99de,2026-02-26T16:00:00Z,2026-02-26T16:15:35Z,auth,auth_enUS_labelerexp,at://did:plc:3sn6bogankaicebzdb7liro3/app.bsky.feed.generator/aaaclmwsj24p6,suggested_labelerexp,27,at://did:plc:7sersfkhaznx4e4a2ttyc65d/app.bsky.feed.post/3mfrjcnxj2c26,bafyreicgxrdo5hs2tlr3pyumcpcp6phgo2awv4lo72dhjmdmwns4nvzwly,did:plc:7sersfkhaznx4e4a2ttyc65d,toveharris.bsky.social,,
965ae8e86a4a437f98b2037e007f99de,2026-02-26T16:00:00Z,2026-02-26T16:15:35Z,auth,auth_enUS_labelerexp,at://did:plc:3sn6bogankaicebzdb7liro3/app.bsky.feed.generator/aaaclmwsj24p6,suggested_labelerexp,28,at://did:plc:fy2escv5uldaufqtpphsaagh/app.bsky.feed.post/3mfrjbddwto2s,bafyreiheegmg6lwqoziaty7zywxzk6p2y5rijtp65naw6ds67lvh4bujxe,did:plc:fy2escv5uldaufqtpphsaagh,livewithms.bsky.social,,
965ae8e86a4a437f98b2037e007f99de,2026-02-26T16:00:00Z,2026-02-26T16:15:35Z,auth,auth_enUS_labelerexp,at://did:plc:3sn6bogankaicebzdb7liro3/app.bsky.feed.generator/aaaclmwsj24p6,suggested_labelerexp,29,at://did:plc:kmd3ofxk56mmj53nyark2jg3/app.bsky.feed.post/3mfrjax6mgt2a,bafyreidwvktl7qcup2y3p24m6s7eksdenyeextyfq6qwxrkqlsnhwdos6m,did:plc:kmd3ofxk56mmj53nyark2jg3,achronicvoice.com,,
965ae8e86a4a437f98b2037e007f99de,2026-02-26T16:00:00Z,2026-02-26T16:15:35Z,auth,auth_enUS_labelerexp,at://did:plc:3sn6bogankaicebzdb7liro3/app.bsky.feed.generator/aaaclmwsj24p6,suggested_labelerexp,30,at://did:plc:q6mprnza6heijcfkclrhgmmk/app.bsky.feed.post/3mfrja3sexc2l,bafyreiahcwavvt7nodfhwi3fnuzpttvrkxlrt44l6fdknikt2x3ehewjd4,did:plc:q6mprnza6heijcfkclrhgmmk,lilyfoundation.bsky.social,,
965ae8e86a4a437f98b2037e007f99de,2026-02-26T16:00:00Z,2026-02-26T16:15:35Z,auth,auth_enUS_labelerexp,at://did:plc:3sn6bogankaicebzdb7liro3/app.bsky.feed.generator/aaaclmwsj24p6,suggested_labelerexp,31,at://did:plc:ieqb2ia5tkfhguuom42nzdjs/app.bsky.feed.post/3mfrj4urn4k2e,bafyreidlzlv6cjjnl4zvjbmbqpzt4hasq4vq4yayhp3gqz5744siz6k4ty,did:plc:ieqb2ia5tkfhguuom42nzdjs,curechm.bsky.social,,
965ae8e86a4a437f98b2037e007f99de,2026-02-26T16:00:00Z,2026-02-26T16:15:35Z,auth,auth_enUS_labelerexp,at://did:plc:3sn6bogankaicebzdb7liro3/app.bsky.feed.generator/aaaclmwsj24p6,suggested_labelerexp,32,at://did:plc:43rudsv62fuwsmnk7oppgtdy/app.bsky.feed.post/3mfrj4fukjc2f,bafyreiarurfjxrsjdwhvvdzky3f2oxrmtrytafacmxom6u3drcpg46g3ce,did:plc:43rudsv62fuwsmnk7oppgtdy,tomkindlon.bsky.social,,
965ae8e86a4a437f98b2037e007f99de,2026-02-26T16:00:00Z,2026-02-26T16:15:35Z,auth,auth_enUS_labelerexp,at://did:plc:3sn6bogankaicebzdb7liro3/app.bsky.feed.generator/aaaclmwsj24p6,suggested_labelerexp,33,at://did:plc:6pini4nxqebutupntsksue57/app.bsky.feed.post/3mfrifkvxik2x,bafyreig5ai4642qh5nme4fsudqcdpjmcsjq27ypxr7n73g2aoi7xc7bore,did:plc:6pini4nxqebutupntsksue57,luckyx61.bsky.social,,
965ae8e86a4a437f98b2037e007f99de,2026-02-26T16:00:00Z,2026-02-26T16:15:35Z,auth,auth_enUS_labelerexp,at://did:plc:3sn6bogankaicebzdb7liro3/app.bsky.feed.generator/aaaclmwsj24p6,suggested_labelerexp,34,at://did:plc:d3oz7ntylr3ufcmjsxijopkz/app.bsky.feed.post/3mfridvc7722s,bafyreifvhrkie4sltzm23liqhrotcr7rr6l36sbq4yxjgxi2sjxrjw4mea,did:plc:d3oz7ntylr3ufcmjsxijopkz,thezebraalliance.bsky.social,,
965ae8e86a4a437f98b2037e007f99de,2026-02-26T16:00:00Z,2026-02-26T16:15:35Z,auth,auth_enUS_labelerexp,at://did:plc:3sn6bogankaicebzdb7liro3/app.bsky.feed.generator/aaaclmwsj24p6,suggested_labelerexp,35,at://did:plc:hedpcce7vylvdgibxuxjsuzb/app.bsky.feed.post/3mfribusqwc22,bafyreif7zqluygl6x3kkmtfrg6eafpr2pjp53qb3ufzm7vbpkpazz3funq,did:plc:hedpcce7vylvdgibxuxjsuzb,meactnet.bsky.social,,
965ae8e86a4a437f98b2037e007f99de,2026-02-26T16:00:00Z,2026-02-26T16:15:35Z,auth,auth_enUS_labelerexp,at://did:plc:3sn6bogankaicebzdb7liro3/app.bsky.feed.generator/aaaclmwsj24p6,suggested_labelerexp,36,at://did:plc:hrnzhvh3jtkgpcoahtjxi2cy/app.bsky.feed.post/3mfri7qj47k2c,bafyreihn4ta45eudg4tpy7m7ezvdk2xwrn3pmxsml5oot5a5kefrx63rsa,did:plc:hrnzhvh3jtkgpcoahtjxi2cy,acrmjournals.bsky.social,,
965ae8e86a4a437f98b2037e007f99de,2026-02-26T16:00:00Z,2026-02-26T16:15:35Z,auth,auth_enUS_labelerexp,at://did:plc:3sn6bogankaicebzdb7liro3/app.bsky.feed.generator/aaaclmwsj24p6,suggested_labelerexp,37,at://did:plc:oytvgnpydjkehitxovpngvcx/app.bsky.feed.post/3mfri7ghgd62m,bafyreiftljmaakneuyxon33uvvqjf5f56q7goxop2dggwmzsphb4uuihea,did:plc:oytvgnpydjkehitxovpngvcx,acrmrehab.bsky.social,,
965ae8e86a4a437f98b2037e007f99de,2026-02-26T16:00:00Z,2026-02-26T16:15:35Z,auth,auth_enUS_labelerexp,at://did:plc:3sn6bogankaicebzdb7liro3/app.bsky.feed.generator/aaaclmwsj24p6,suggested_labelerexp,38,at://did:plc:2xpmhmvd67cbsbbzhyuw4k2s/app.bsky.feed.post/3mfri3febbs2u,bafyreigxxquqdx6t4kzuyypm557hgmp6nvrvn7gjj2vim3ntiffuuy53nu,did:plc:2xpmhmvd67cbsbbzhyuw4k2s,walesgenepark.bsky.social,,
965ae8e86a4a437f98b2037e007f99de,2026-02-26T16:00:00Z,2026-02-26T16:15:35Z,auth,auth_enUS_labelerexp,at://did:plc:3sn6bogankaicebzdb7liro3/app.bsky.feed.generator/aaaclmwsj24p6,suggested_labelerexp,39,at://did:plc:cjtq3q2fxuppczhsuk73n3zk/app.bsky.feed.post/3mfrhysjh4c2l,bafyreigc2ri3dhp4etnr7wyoy6qcuacreearxppuv3vph4lcdsmsdzspcy,did:plc:cjtq3q2fxuppczhsuk73n3zk,nmraredisease.bsky.social,,
965ae8e86a4a437f98b2037e007f99de,2026-02-26T16:00:00Z,2026-02-26T16:15:35Z,auth,auth_enUS_labelerexp,at://did:plc:3sn6bogankaicebzdb7liro3/app.bsky.feed.generator/aaaclmwsj24p6,suggested_labelerexp,40,at://did:plc:sdy3iizxbedjaaxdtytw5l2c/app.bsky.feed.post/3mfrhrp6ush2i,bafyreihrjw4jnmdpk3o7wedhlqyew2smj5mkjukvdb4gafvcqf2whmrngm,did:plc:sdy3iizxbedjaaxdtytw5l2c,rarectadvocate.com,,
965ae8e86a4a437f98b2037e007f99de,2026-02-26T16:00:00Z,2026-02-26T16:15:35Z,auth,auth_enUS_labelerexp,at://did:plc:3sn6bogankaicebzdb7liro3/app.bsky.feed.generator/aaaclmwsj24p6,suggested_labelerexp,41,at://did:plc:cgs6uob26ebv2anhmaesngwk/app.bsky.feed.post/3mfrhqmcxp72u,bafyreidjzxyarhf5tstejkzcqprvqgeyfw422ysww3hph6rrcyddyv6hdm,did:plc:cgs6uob26ebv2anhmaesngwk,medchemexpress.bsky.social,,
965ae8e86a4a437f98b2037e007f99de,2026-02-26T16:00:00Z,2026-02-26T16:15:35Z,auth,auth_enUS_labelerexp,at://did:plc:3sn6bogankaicebzdb7liro3/app.bsky.feed.generator/aaaclmwsj24p6,suggested_labelerexp,42,at://did:plc:d5aoi62wf6rv267k4wwr4orb/app.bsky.feed.post/3mfrhojqsxc2x,bafyreiblbfjgaylqibzbu2y7z6btinpjmefu76gakijtd4m7iti5diyucm,did:plc:d5aoi62wf6rv267k4wwr4orb,bfwriter.bsky.social,,
965ae8e86a4a437f98b2037e007f99de,2026-02-26T16:00:00Z,2026-02-26T16:15:35Z,auth,auth_enUS_labelerexp,at://did:plc:3sn6bogankaicebzdb7liro3/app.bsky.feed.generator/aaaclmwsj24p6,suggested_labelerexp,43,at://did:plc:yxofotapctre6z7swhybpqds/app.bsky.feed.post/3mfrho4hvcc2w,bafyreiffyaqhvv5t5wht2yexfvsj4bd4ejq4ehnp2casg3caofe6kyrl5u,did:plc:yxofotapctre6z7swhybpqds,antoniamarrero.bsky.social,,
965ae8e86a4a437f98b2037e007f99de,2026-02-26T16:00:00Z,2026-02-26T16:15:35Z,auth,auth_enUS_labelerexp,at://did:plc:3sn6bogankaicebzdb7liro3/app.bsky.feed.generator/aaaclmwsj24p6,suggested_labelerexp,44,at://did:plc:jgkibtkibpbbe34rgjqz5nra/app.bsky.feed.post/3mfrhnduxns2q,bafyreihe44dadzuaxmoyhslu66grfvb3eyive3bpo2jjy4tjgjde2m4n7y,did:plc:jgkibtkibpbbe34rgjqz5nra,waldmeer.bsky.social,,
965ae8e86a4a437f98b2037e007f99de,2026-02-26T16:00:00Z,2026-02-26T16:15:35Z,auth,auth_enUS_labelerexp,at://did:plc:3sn6bogankaicebzdb7liro3/app.bsky.feed.generator/aaaclmwsj24p6,suggested_labelerexp,45,at://did:plc:bxunvlxptbnabi2rmyhoyv4r/app.bsky.feed.post/3mfrhnaumnr2p,bafyreigbtg7fhhgx7vjuyhfdyrywdcajcrbr6s7wafq72cegazxggpaqfe,did:plc:bxunvlxptbnabi2rmyhoyv4r,painassocscotland.bsky.social,,
965ae8e86a4a437f98b2037e007f99de,2026-02-26T16:00:00Z,2026-02-26T16:15:35Z,auth,auth_enUS_labelerexp,at://did:plc:3sn6bogankaicebzdb7liro3/app.bsky.feed.generator/aaaclmwsj24p6,suggested_labelerexp,46,at://did:plc:ias7v6bqm4flcup2nggpb5it/app.bsky.feed.post/3mfrhn2z7i52m,bafyreibsfb22b7qdamsfyopd7vpswevtduto2ckh4nmuw2ibzayhymachm,did:plc:ias7v6bqm4flcup2nggpb5it,alex-tlc.bsky.social,,
965ae8e86a4a437f98b2037e007f99de,2026-02-26T16:00:00Z,2026-02-26T16:15:35Z,auth,auth_enUS_labelerexp,at://did:plc:3sn6bogankaicebzdb7liro3/app.bsky.feed.generator/aaaclmwsj24p6,suggested_labelerexp,47,at://did:plc:eqkbvmypnwqxl2pjol6diq6w/app.bsky.feed.post/3mfrheaohbk2j,bafyreic7vjfupracweohoee4jgr4fl6hztqzij54l2f6ivdzle7m5jw2ja,did:plc:eqkbvmypnwqxl2pjol6diq6w,trail4l.bsky.social,,
965ae8e86a4a437f98b2037e007f99de,2026-02-26T16:00:00Z,2026-02-26T16:15:35Z,auth,auth_enUS_labelerexp,at://did:plc:3sn6bogankaicebzdb7liro3/app.bsky.feed.generator/aaaclmwsj24p6,suggested_labelerexp,48,at://did:plc:d5wkt4sxkga2rxi2z6pxdzsb/app.bsky.feed.post/3mfrhdu57gk2z,bafyreie7xyyucdwgl6wd3cyf7xh5mrqso2q34s4wxf4ixa5d7ete4rqhse,did:plc:d5wkt4sxkga2rxi2z6pxdzsb,renesugar.bsky.social,,
965ae8e86a4a437f98b2037e007f99de,2026-02-26T16:00:00Z,2026-02-26T16:15:35Z,auth,auth_enUS_labelerexp,at://did:plc:3sn6bogankaicebzdb7liro3/app.bsky.feed.generator/aaaclmwsj24p6,suggested_labelerexp,49,at://did:plc:jgkibtkibpbbe34rgjqz5nra/app.bsky.feed.post/3mfrh2kymzc2q,bafyreidudoswlvnob7hqz25o6zhqxyj46ltbb66b6uf5bqb6hen6zzqkaq,did:plc:jgkibtkibpbbe34rgjqz5nra,waldmeer.bsky.social,,
965ae8e86a4a437f98b2037e007f99de,2026-02-26T16:00:00Z,2026-02-26T16:15:35Z,auth,auth_enUS_labelerexp,at://did:plc:3sn6bogankaicebzdb7liro3/app.bsky.feed.generator/aaaclmwsj24p6,suggested_labelerexp,50,at://did:plc:3nktzkcpbwn6b4m6oh5ob5w5/app.bsky.feed.post/3mfrgr4vbkc2a,bafyreibvkiuvg6p3moiqdtzlimijwj73mouurlhckxs44bnu4na7p7lqt4,did:plc:3nktzkcpbwn6b4m6oh5ob5w5,roberthmcmullen.bsky.social,,
965ae8e86a4a437f98b2037e007f99de,2026-02-26T16:00:00Z,2026-02-26T16:15:37Z,auth,auth_enUS_labelerexp,at://did:plc:65yo7ynzcyp4kpwsienyukrz/app.bsky.feed.generator/aaadfjfgt73ls,suggested_labelerexp,1,at://did:plc:6l3xyzsr4hqutenkp6myxn4c/app.bsky.feed.post/3mfrkgieb5s27,bafyreibdva7gzufv65hzvjrfq7n7jc7foi3cktjnd7jvijy6l3twuowgrq,did:plc:6l3xyzsr4hqutenkp6myxn4c,snugbucket.bsky.social,,
965ae8e86a4a437f98b2037e007f99de,2026-02-26T16:00:00Z,2026-02-26T16:15:37Z,auth,auth_enUS_labelerexp,at://did:plc:65yo7ynzcyp4kpwsienyukrz/app.bsky.feed.generator/aaadfjfgt73ls,suggested_labelerexp,2,at://did:plc:t7wnxgjye6hhend6qfsxeghr/app.bsky.feed.post/3mfrkdjbgzw26,bafyreid6b5tt4pydbowodqtb5w6t63f7tauv3r3scpanmvkpxly27ubpqu,did:plc:t7wnxgjye6hhend6qfsxeghr,100yearsagonews.bsky.social,,
965ae8e86a4a437f98b2037e007f99de,2026-02-26T16:00:00Z,2026-02-26T16:15:37Z,auth,auth_enUS_labelerexp,at://did:plc:65yo7ynzcyp4kpwsienyukrz/app.bsky.feed.generator/aaadfjfgt73ls,suggested_labelerexp,3,at://did:plc:7ia5gyyqv2will5wxhrdey5h/app.bsky.feed.post/3mfrk3mio6y2o,bafyreidzytn6esi7anlwvadznrdbst7l4w3mpkt3ph4i6qo7bu5pprcv7a,did:plc:7ia5gyyqv2will5wxhrdey5h,mzc0.bsky.social,,
965ae8e86a4a437f98b2037e007f99de,2026-02-26T16:00:00Z,2026-02-26T16:15:37Z,auth,auth_enUS_labelerexp,at://did:plc:65yo7ynzcyp4kpwsienyukrz/app.bsky.feed.generator/aaadfjfgt73ls,suggested_labelerexp,4,at://did:plc:ff3ibrkn32qzaez4gbjj2v7q/app.bsky.feed.post/3mfrk2m4xnc2a,bafyreia7qrmcru2hlagluoym2rf4yim6k5f5ea5wuqecexajww7s6nwps4,did:plc:ff3ibrkn32qzaez4gbjj2v7q,dailyphotothemes.bsky.social,,
965ae8e86a4a437f98b2037e007f99de,2026-02-26T16:00:00Z,2026-02-26T16:15:37Z,auth,auth_enUS_labelerexp,at://did:plc:65yo7ynzcyp4kpwsienyukrz/app.bsky.feed.generator/aaadfjfgt73ls,suggested_labelerexp,5,at://did:plc:xtnzmubrggd57pyamuzoeetb/app.bsky.feed.post/3mfrjxgiub22y,bafyreibdo225kpe5y7fdv2pv6ss665rr2cmevpmw7vvgu5arytd2nilivi,did:plc:xtnzmubrggd57pyamuzoeetb,cryoutloud26.bsky.social,,
965ae8e86a4a437f98b2037e007f99de,2026-02-26T16:00:00Z,2026-02-26T16:15:37Z,auth,auth_enUS_labelerexp,at://did:plc:65yo7ynzcyp4kpwsienyukrz/app.bsky.feed.generator/aaadfjfgt73ls,suggested_labelerexp,6,at://did:plc:idfhwzoog442prsnke3nrhom/app.bsky.feed.post/3mfrjwfugf22p,bafyreigofnbiccpk7643t4n7qq4p6bewl4vkscu557ppm4wycmofrmaknq,did:plc:idfhwzoog442prsnke3nrhom,karlburke.bsky.social,,
965ae8e86a4a437f98b2037e007f99de,2026-02-26T16:00:00Z,2026-02-26T16:15:37Z,auth,auth_enUS_labelerexp,at://did:plc:65yo7ynzcyp4kpwsienyukrz/app.bsky.feed.generator/aaadfjfgt73ls,suggested_labelerexp,7,at://did:plc:ncmcy3hwhtstqxn4gwbvpbaw/app.bsky.feed.post/3mfrjtduxgc2k,bafyreiev5twzsly2k6sbwju5hinu5sfocpsmiothi3milzkrvuofdci2di,did:plc:ncmcy3hwhtstqxn4gwbvpbaw,glenjackson.bsky.social,,
965ae8e86a4a437f98b2037e007f99de,2026-02-26T16:00:00Z,2026-02-26T16:15:37Z,auth,auth_enUS_labelerexp,at://did:plc:65yo7ynzcyp4kpwsienyukrz/app.bsky.feed.generator/aaadfjfgt73ls,suggested_labelerexp,8,at://did:plc:ozfa3iq7uhkw4zpw7tfquku7/app.bsky.feed.post/3mfrjt4wdfk2y,bafyreifdwygvatoxruzyrn4ohuhhwvu564holvldjdgrzjgfeus5qkufby,did:plc:ozfa3iq7uhkw4zpw7tfquku7,chrisgault.bsky.social,,
965ae8e86a4a437f98b2037e007f99de,2026-02-26T16:00:00Z,2026-02-26T16:15:37Z,auth,auth_enUS_labelerexp,at://did:plc:65yo7ynzcyp4kpwsienyukrz/app.bsky.feed.generator/aaadfjfgt73ls,suggested_labelerexp,9,at://did:plc:xtnzmubrggd57pyamuzoeetb/app.bsky.feed.post/3mfrjqyim4c2y,bafyreihs4rq4idcyotvzaobfz5hfugrkuxnnccjo74oi6moeoxcho554zi,did:plc:xtnzmubrggd57pyamuzoeetb,cryoutloud26.bsky.social,,
965ae8e86a4a437f98b2037e007f99de,2026-02-26T16:00:00Z,2026-02-26T16:15:37Z,auth,auth_enUS_labelerexp,at://did:plc:65yo7ynzcyp4kpwsienyukrz/app.bsky.feed.generator/aaadfjfgt73ls,suggested_labelerexp,10,at://did:plc:gp5lwwucq5gxxxwu3g673z7q/app.bsky.feed.post/3mfrjpk3ioc2f,bafyreidxfj5gian2cty57szfmkmyc2unxxbdutcevxgvffvlkdmzlb24om,did:plc:gp5lwwucq5gxxxwu3g673z7q,wilnerness.bsky.social,,
965ae8e86a4a437f98b2037e007f99de,2026-02-26T16:00:00Z,2026-02-26T16:15:37Z,auth,auth_enUS_labelerexp,at://did:plc:65yo7ynzcyp4kpwsienyukrz/app.bsky.feed.generator/aaadfjfgt73ls,suggested_labelerexp,11,at://did:plc:t6ekab64svtrihtnbiremoew/app.bsky.feed.post/3mfrjhlauz622,bafyreihaiztln5vp32aspmgle54e2rz6g6ru4ci6345kgqmdz47f5g5hpa,did:plc:t6ekab64svtrihtnbiremoew,erdbeben.online,,
965ae8e86a4a437f98b2037e007f99de,2026-02-26T16:00:00Z,2026-02-26T16:15:37Z,auth,auth_enUS_labelerexp,at://did:plc:65yo7ynzcyp4kpwsienyukrz/app.bsky.feed.generator/aaadfjfgt73ls,suggested_labelerexp,12,at://did:plc:q7ltugqtcpeldvid3aya6tya/app.bsky.feed.post/3mfrjhiqghj2a,bafyreihxlpkix6xg626eqljzh75lv4tue2xsqxr4jbmy5dj4kr5gxj7ywe,did:plc:q7ltugqtcpeldvid3aya6tya,nz-quakes.bsky.social,,
965ae8e86a4a437f98b2037e007f99de,2026-02-26T16:00:00Z,2026-02-26T16:15:37Z,auth,auth_enUS_labelerexp,at://did:plc:65yo7ynzcyp4kpwsienyukrz/app.bsky.feed.generator/aaadfjfgt73ls,suggested_labelerexp,13,at://did:plc:6m4p3ifx6sublhl2mggyfsqw/app.bsky.feed.post/3mfrjh63g422x,bafyreicdvyxxk253hxeukgmh3a4vxpcf3wo5mtrxgdtrxetfy5fcseo6wq,did:plc:6m4p3ifx6sublhl2mggyfsqw,af68.bsky.social,,
965ae8e86a4a437f98b2037e007f99de,2026-02-26T16:00:00Z,2026-02-26T16:15:37Z,auth,auth_enUS_labelerexp,at://did:plc:65yo7ynzcyp4kpwsienyukrz/app.bsky.feed.generator/aaadfjfgt73ls,suggested_labelerexp,14,at://did:plc:ftswgk4fwjdtdnte3n6hvtdo/app.bsky.feed.post/3mfrjbbqfbn25,bafyreif3poph6rqruhuqhuc4sq63kkwuh6s2hgnnldngsjlvp5z7qlpo34,did:plc:ftswgk4fwjdtdnte3n6hvtdo,itsintheballot.bsky.social,,
965ae8e86a4a437f98b2037e007f99de,2026-02-26T16:00:00Z,2026-02-26T16:15:37Z,auth,auth_enUS_labelerexp,at://did:plc:65yo7ynzcyp4kpwsienyukrz/app.bsky.feed.generator/aaadfjfgt73ls,suggested_labelerexp,15,at://did:plc:ty3k2zrcrvhbkcy755dkt3tt/app.bsky.feed.post/3mfrj7pck2i25,bafyreig7xfn3xlszwkloseqhi746vp3h6pp257fzuzccw7cfsvkebrhhra,did:plc:ty3k2zrcrvhbkcy755dkt3tt,espncricinfo.com,,
965ae8e86a4a437f98b2037e007f99de,2026-02-26T16:00:00Z,2026-02-26T16:15:37Z,auth,auth_enUS_labelerexp,at://did:plc:65yo7ynzcyp4kpwsienyukrz/app.bsky.feed.generator/aaadfjfgt73ls,suggested_labelerexp,16,at://did:plc:ps65cmonspvnez6zftorudya/app.bsky.feed.post/3mfrj3xhcqs2j,bafyreic3mm2vranvqkesvslssowrgsur75cer5i4ak7xbycnhjgaudypuy,did:plc:ps65cmonspvnez6zftorudya,vanessalimoncelli.bsky.social,,
965ae8e86a4a437f98b2037e007f99de,2026-02-26T16:00:00Z,2026-02-26T16:15:37Z,auth,auth_enUS_labelerexp,at://did:plc:65yo7ynzcyp4kpwsienyukrz/app.bsky.feed.generator/aaadfjfgt73ls,suggested_labelerexp,17,at://did:plc:54sd6bipe7inusth2cgvlcc4/app.bsky.feed.post/3mfrizq5tw223,bafyreic7s3preguvn2y4sghpseafbkshhqqhi5tdziglbvff2tufqygomy,did:plc:54sd6bipe7inusth2cgvlcc4,ps9714.bsky.social,,
965ae8e86a4a437f98b2037e007f99de,2026-02-26T16:00:00Z,2026-02-26T16:15:37Z,auth,auth_enUS_labelerexp,at://did:plc:65yo7ynzcyp4kpwsienyukrz/app.bsky.feed.generator/aaadfjfgt73ls,suggested_labelerexp,18,at://did:plc:aoyszlyfbawcyjaa7d3xtyn2/app.bsky.feed.post/3mfriymxwmk2f,bafyreihf5oewoxedu544qklykehly2mc7tefzr5rwlofrdaedf3mtfbny4,did:plc:aoyszlyfbawcyjaa7d3xtyn2,tykebrahe.bsky.social,,
965ae8e86a4a437f98b2037e007f99de,2026-02-26T16:00:00Z,2026-02-26T16:15:37Z,auth,auth_enUS_labelerexp,at://did:plc:65yo7ynzcyp4kpwsienyukrz/app.bsky.feed.generator/aaadfjfgt73ls,suggested_labelerexp,19,at://did:plc:xp5uq2qi222uyfqmuvycalwo/app.bsky.feed.post/3mfriwztrbm52,bafyreib7z76h5yingjenryycgtgjqhtmu5ushcxscuaodnxphopwm6zx3m,did:plc:xp5uq2qi222uyfqmuvycalwo,ccan-news.mastodon.xyz.ap.brid.gy,,
965ae8e86a4a437f98b2037e007f99de,2026-02-26T16:00:00Z,2026-02-26T16:15:37Z,auth,auth_enUS_labelerexp,at://did:plc:65yo7ynzcyp4kpwsienyukrz/app.bsky.feed.generator/aaadfjfgt73ls,suggested_labelerexp,20,at://did:plc:xp5uq2qi222uyfqmuvycalwo/app.bsky.feed.post/3mfriwvu2jhy2,bafyreihbken4g3y6mteeymghmodfwfkw5f5vwvubvnop56khnb774ihoza,did:plc:xp5uq2qi222uyfqmuvycalwo,ccan-news.mastodon.xyz.ap.brid.gy,,
965ae8e86a4a437f98b2037e007f99de,2026-02-26T16:00:00Z,2026-02-26T16:15:37Z,auth,auth_enUS_labelerexp,at://did:plc:65yo7ynzcyp4kpwsienyukrz/app.bsky.feed.generator/aaadfjfgt73ls,suggested_labelerexp,21,at://did:plc:bcmgsy5zrnmqlrkt4tu4uzbr/app.bsky.feed.post/3mfrivj4fh725,bafyreigcfx27w63qyk6grfdvmpufv7zwrjwgcgcwks2tb5cerxyjozahoq,did:plc:bcmgsy5zrnmqlrkt4tu4uzbr,fogolf.bsky.social,,
965ae8e86a4a437f98b2037e007f99de,2026-02-26T16:00:00Z,2026-02-26T16:15:37Z,auth,auth_enUS_labelerexp,at://did:plc:65yo7ynzcyp4kpwsienyukrz/app.bsky.feed.generator/aaadfjfgt73ls,suggested_labelerexp,22,at://did:plc:vig5txmvxugry3h5x36mcva2/app.bsky.feed.post/3mfrit6mwll2z,bafyreic3irckxcvgcjrupoh4likykqlkieultwv6shzxgitwgdzdqr275u,did:plc:vig5txmvxugry3h5x36mcva2,saltydogfella.bsky.social,,
965ae8e86a4a437f98b2037e007f99de,2026-02-26T16:00:00Z,2026-02-26T16:15:37Z,auth,auth_enUS_labelerexp,at://did:plc:65yo7ynzcyp4kpwsienyukrz/app.bsky.feed.generator/aaadfjfgt73ls,suggested_labelerexp,23,at://did:plc:ioifpibko4r6p74xdsp7osew/app.bsky.feed.post/3mfriujrhauq2,bafyreihu7yydtfu7edet4fhlehf6wl672z2zq42juykvjn53hzqn5hyz5m,did:plc:ioifpibko4r6p74xdsp7osew,saltydogfella.mastodon.social.ap.brid.gy,,
965ae8e86a4a437f98b2037e007f99de,2026-02-26T16:00:00Z,2026-02-26T16:15:37Z,auth,auth_enUS_labelerexp,at://did:plc:65yo7ynzcyp4kpwsienyukrz/app.bsky.feed.generator/aaadfjfgt73ls,suggested_labelerexp,24,at://did:plc:ki2mxoyzkfggahrxdffeidjs/app.bsky.feed.post/3mfrimvlswc25,bafyreiaam5duaqqxllucfobjpoma5agepejepyiko76c4ifzgubirqucni,did:plc:ki2mxoyzkfggahrxdffeidjs,johncastiglione.bsky.social,,
965ae8e86a4a437f98b2037e007f99de,2026-02-26T16:00:00Z,2026-02-26T16:15:37Z,auth,auth_enUS_labelerexp,at://did:plc:65yo7ynzcyp4kpwsienyukrz/app.bsky.feed.generator/aaadfjfgt73ls,suggested_labelerexp,25,at://did:plc:cvhzp4oqk57twhhjji5o2b3t/app.bsky.feed.post/3mfrifxm2lr2j,bafyreieb6c7s7xnwhxy2h5xsntwcizwq572rd7buanx23ptavs6jtuwfqa,did:plc:cvhzp4oqk57twhhjji5o2b3t,nz-nb.bsky.social,,
965ae8e86a4a437f98b2037e007f99de,2026-02-26T16:00:00Z,2026-02-26T16:15:37Z,auth,auth_enUS_labelerexp,at://did:plc:65yo7ynzcyp4kpwsienyukrz/app.bsky.feed.generator/aaadfjfgt73ls,suggested_labelerexp,26,at://did:plc:cvhzp4oqk57twhhjji5o2b3t/app.bsky.feed.post/3mfrifstxnk2v,bafyreid44bvei43l263uyueh735bmzag47eray4jrkr43w33du2b2kqpii,did:plc:cvhzp4oqk57twhhjji5o2b3t,nz-nb.bsky.social,,
965ae8e86a4a437f98b2037e007f99de,2026-02-26T16:00:00Z,2026-02-26T16:15:37Z,auth,auth_enUS_labelerexp,at://did:plc:65yo7ynzcyp4kpwsienyukrz/app.bsky.feed.generator/aaadfjfgt73ls,suggested_labelerexp,27,at://did:plc:cvhzp4oqk57twhhjji5o2b3t/app.bsky.feed.post/3mfrifnygtr2j,bafyreif4y5wpucvlhxlg27iakkewdyde6wexg2qcjbltpoc4fohfakr2ja,did:plc:cvhzp4oqk57twhhjji5o2b3t,nz-nb.bsky.social,,
965ae8e86a4a437f98b2037e007f99de,2026-02-26T16:00:00Z,2026-02-26T16:15:37Z,auth,auth_enUS_labelerexp,at://did:plc:65yo7ynzcyp4kpwsienyukrz/app.bsky.feed.generator/aaadfjfgt73ls,suggested_labelerexp,28,at://did:plc:cvhzp4oqk57twhhjji5o2b3t/app.bsky.feed.post/3mfrifjvava2t,bafyreigfgio63tvpugebwqwjb7mozcqtfnrp63ki2j4lekip7lqmjjucci,did:plc:cvhzp4oqk57twhhjji5o2b3t,nz-nb.bsky.social,,
965ae8e86a4a437f98b2037e007f99de,2026-02-26T16:00:00Z,2026-02-26T16:15:37Z,auth,auth_enUS_labelerexp,at://did:plc:65yo7ynzcyp4kpwsienyukrz/app.bsky.feed.generator/aaadfjfgt73ls,suggested_labelerexp,29,at://did:plc:cvhzp4oqk57twhhjji5o2b3t/app.bsky.feed.post/3mfrifenlwj2l,bafyreibj7pqxbgy5tfwb2wr7bozhgiap6s66nmdpsau5yaxy5iphuhcyga,did:plc:cvhzp4oqk57twhhjji5o2b3t,nz-nb.bsky.social,,
965ae8e86a4a437f98b2037e007f99de,2026-02-26T16:00:00Z,2026-02-26T16:15:37Z,auth,auth_enUS_labelerexp,at://did:plc:65yo7ynzcyp4kpwsienyukrz/app.bsky.feed.generator/aaadfjfgt73ls,suggested_labelerexp,30,at://did:plc:cvhzp4oqk57twhhjji5o2b3t/app.bsky.feed.post/3mfrifaaohy2t,bafyreibhghzxscb55fy5enwziu4tcvmkvjufvcryfiquvdcto2zqbjqhwm,did:plc:cvhzp4oqk57twhhjji5o2b3t,nz-nb.bsky.social,,
965ae8e86a4a437f98b2037e007f99de,2026-02-26T16:00:00Z,2026-02-26T16:15:37Z,auth,auth_enUS_labelerexp,at://did:plc:65yo7ynzcyp4kpwsienyukrz/app.bsky.feed.generator/aaadfjfgt73ls,suggested_labelerexp,31,at://did:plc:cvhzp4oqk57twhhjji5o2b3t/app.bsky.feed.post/3mfrif3rsmg2h,bafyreiga3tnqutv3ebvlt2hjr2p45qo4rr6s6xfxy5efkc76ulhcc5xiym,did:plc:cvhzp4oqk57twhhjji5o2b3t,nz-nb.bsky.social,,
965ae8e86a4a437f98b2037e007f99de,2026-02-26T16:00:00Z,2026-02-26T16:15:37Z,auth,auth_enUS_labelerexp,at://did:plc:65yo7ynzcyp4kpwsienyukrz/app.bsky.feed.generator/aaadfjfgt73ls,suggested_labelerexp,32,at://did:plc:cvhzp4oqk57twhhjji5o2b3t/app.bsky.feed.post/3mfriexslzu27,bafyreigue4fkcl3yq6vn2cpcc6c4nce6rcmqo2o3lpv6dwintip3wm2ine,did:plc:cvhzp4oqk57twhhjji5o2b3t,nz-nb.bsky.social,,
965ae8e86a4a437f98b2037e007f99de,2026-02-26T16:00:00Z,2026-02-26T16:15:37Z,auth,auth_enUS_labelerexp,at://did:plc:65yo7ynzcyp4kpwsienyukrz/app.bsky.feed.generator/aaadfjfgt73ls,suggested_labelerexp,33,at://did:plc:aq3f6my2y6epiw63eegafvlh/app.bsky.feed.post/3mfric47btu2r,bafyreievg3y3dujimpmjty2qgab75axandyczub5pkavmkjoxyxgqhomge,did:plc:aq3f6my2y6epiw63eegafvlh,thepress.co.nz,,
965ae8e86a4a437f98b2037e007f99de,2026-02-26T16:00:00Z,2026-02-26T16:15:37Z,auth,auth_enUS_labelerexp,at://did:plc:65yo7ynzcyp4kpwsienyukrz/app.bsky.feed.generator/aaadfjfgt73ls,suggested_labelerexp,34,at://did:plc:4z3yzw36v7ywbf5cqh54nmxz/app.bsky.feed.post/3mfri6tg72u2n,bafyreigywwpqtmggnhubk6qhcfpc4as7axai6zcfc4vrjivlmdmynwnn5i,did:plc:4z3yzw36v7ywbf5cqh54nmxz,channelnewsasia.bsky.social,,
965ae8e86a4a437f98b2037e007f99de,2026-02-26T16:00:00Z,2026-02-26T16:15:37Z,auth,auth_enUS_labelerexp,at://did:plc:65yo7ynzcyp4kpwsienyukrz/app.bsky.feed.generator/aaadfjfgt73ls,suggested_labelerexp,35,at://did:plc:h5b2cppjrdketuv6ln62ufnk/app.bsky.feed.post/3mfri43kq772u,bafyreidaejxncy62qgb233avrf4wnvzz2qb7cghthlfa7fqi26pzrraanu,did:plc:h5b2cppjrdketuv6ln62ufnk,cna-poster.bsky.social,,
965ae8e86a4a437f98b2037e007f99de,2026-02-26T16:00:00Z,2026-02-26T16:15:37Z,auth,auth_enUS_labelerexp,at://did:plc:65yo7ynzcyp4kpwsienyukrz/app.bsky.feed.generator/aaadfjfgt73ls,suggested_labelerexp,36,at://did:plc:eclio37ymobqex2ncko63h4r/app.bsky.feed.post/3mfri3x2fq72g,bafyreibiizy6ryj6us5xdmexlsxgvyyo56jwubqjr3q67kfphz3mnwbaui,did:plc:eclio37ymobqex2ncko63h4r,nytimes.com,,
965ae8e86a4a437f98b2037e007f99de,2026-02-26T16:00:00Z,2026-02-26T16:15:37Z,auth,auth_enUS_labelerexp,at://did:plc:65yo7ynzcyp4kpwsienyukrz/app.bsky.feed.generator/aaadfjfgt73ls,suggested_labelerexp,37,at://did:plc:fondz7wg63ucbe6a4ewnz7wb/app.bsky.feed.post/3mfrl4t4ai22n,bafyreieac6d77igjmsgpjzwln4ckyqseyaqk6yltxj7v3tqcg5inyqd7rm,did:plc:fondz7wg63ucbe6a4ewnz7wb,george-1788pow.bsky.social,,
965ae8e86a4a437f98b2037e007f99de,2026-02-26T16:00:00Z,2026-02-26T16:15:37Z,auth,auth_enUS_labelerexp,at://did:plc:65yo7ynzcyp4kpwsienyukrz/app.bsky.feed.generator/aaadfjfgt73ls,suggested_labelerexp,38,at://did:plc:j7nsg3q4ldrqv66hsppmrucy/app.bsky.feed.post/3mfri2wfc5227,bafyreicdrhyvtry5jkrtm4lysenypkwbb4z3lrj5mo44efeu7i4eftiope,did:plc:j7nsg3q4ldrqv66hsppmrucy,tauiwi.bsky.social,,
965ae8e86a4a437f98b2037e007f99de,2026-02-26T16:00:00Z,2026-02-26T16:15:37Z,auth,auth_enUS_labelerexp,at://did:plc:65yo7ynzcyp4kpwsienyukrz/app.bsky.feed.generator/aaadfjfgt73ls,suggested_labelerexp,39,at://did:plc:ythj6f7sdbf53xokqs37epkc/app.bsky.feed.post/3mfrhxvd5nk2x,bafyreib44f5gbspdqkipz2ymsvknz726rbvygmi6waemwdcutdyz6rppeq,did:plc:ythj6f7sdbf53xokqs37epkc,kev-lucky.bsky.social,,
965ae8e86a4a437f98b2037e007f99de,2026-02-26T16:00:00Z,2026-02-26T16:15:37Z,auth,auth_enUS_labelerexp,at://did:plc:65yo7ynzcyp4kpwsienyukrz/app.bsky.feed.generator/aaadfjfgt73ls,suggested_labelerexp,40,at://did:plc:aq3f6my2y6epiw63eegafvlh/app.bsky.feed.post/3mfrhxsdyph2v,bafyreiatlemb5xgjam6lyupn4fsic6orkqnu4iom632ryhlhb3fcrylgxy,did:plc:aq3f6my2y6epiw63eegafvlh,thepress.co.nz,,
965ae8e86a4a437f98b2037e007f99de,2026-02-26T16:00:00Z,2026-02-26T16:15:37Z,auth,auth_enUS_labelerexp,at://did:plc:65yo7ynzcyp4kpwsienyukrz/app.bsky.feed.generator/aaadfjfgt73ls,suggested_labelerexp,41,at://did:plc:aq3f6my2y6epiw63eegafvlh/app.bsky.feed.post/3mfrhxl7n2h27,bafyreifqumw7zgz5tmmo2vqndwt3wts6gohyh3poongboa2n3zfimk5may,did:plc:aq3f6my2y6epiw63eegafvlh,thepress.co.nz,,
965ae8e86a4a437f98b2037e007f99de,2026-02-26T16:00:00Z,2026-02-26T16:15:37Z,auth,auth_enUS_labelerexp,at://did:plc:65yo7ynzcyp4kpwsienyukrz/app.bsky.feed.generator/aaadfjfgt73ls,suggested_labelerexp,42,at://did:plc:euseqjmguger5wh7paaad22o/app.bsky.feed.post/3mfrhwtd7722h,bafyreiaxfoo7delcr4y4jg2doygahpkquk7kldacpk66pyawfiwvvr457a,did:plc:euseqjmguger5wh7paaad22o,uaap.bsky.social,,
965ae8e86a4a437f98b2037e007f99de,2026-02-26T16:00:00Z,2026-02-26T16:15:37Z,auth,auth_enUS_labelerexp,at://did:plc:65yo7ynzcyp4kpwsienyukrz/app.bsky.feed.generator/aaadfjfgt73ls,suggested_labelerexp,43,at://did:plc:v3h6vizj5k6nsx7jwfgfo2fm/app.bsky.feed.post/3mfrhvjuack2g,bafyreibkemxeb6ubx64cigv7vk7oankgbyxtn3xcvep226l4kcrbpque2y,did:plc:v3h6vizj5k6nsx7jwfgfo2fm,half-witt.bsky.social,,
965ae8e86a4a437f98b2037e007f99de,2026-02-26T16:00:00Z,2026-02-26T16:15:37Z,auth,auth_enUS_labelerexp,at://did:plc:65yo7ynzcyp4kpwsienyukrz/app.bsky.feed.generator/aaadfjfgt73ls,suggested_labelerexp,44,at://did:plc:fondz7wg63ucbe6a4ewnz7wb/app.bsky.feed.post/3mfrkyauqdk2n,bafyreieodfw4jxyqukeh6td2gndhg65n7otntmyuxraiaqmypdpxrizfwy,did:plc:fondz7wg63ucbe6a4ewnz7wb,george-1788pow.bsky.social,,
965ae8e86a4a437f98b2037e007f99de,2026-02-26T16:00:00Z,2026-02-26T16:15:37Z,auth,auth_enUS_labelerexp,at://did:plc:65yo7ynzcyp4kpwsienyukrz/app.bsky.feed.generator/aaadfjfgt73ls,suggested_labelerexp,45,at://did:plc:plp76p56mg5tffgb47lj4tof/app.bsky.feed.post/3mfrhnho4mc2g,bafyreife7lc24krhxy6ij73dk2wrcljkyzoixj4h7atatikonbwymq2dh4,did:plc:plp76p56mg5tffgb47lj4tof,torachi.bsky.social,,
965ae8e86a4a437f98b2037e007f99de,2026-02-26T16:00:00Z,2026-02-26T16:15:37Z,auth,auth_enUS_labelerexp,at://did:plc:65yo7ynzcyp4kpwsienyukrz/app.bsky.feed.generator/aaadfjfgt73ls,suggested_labelerexp,46,at://did:plc:nskg5wxjostz3jxjhppak4t2/app.bsky.feed.post/3mfrhn755pk2v,bafyreiba24zlznifqrbxj7pjiwpgbgder2fe26ahmkrrhybdqxytce3i6e,did:plc:nskg5wxjostz3jxjhppak4t2,azat.tv,,
965ae8e86a4a437f98b2037e007f99de,2026-02-26T16:00:00Z,2026-02-26T16:15:37Z,auth,auth_enUS_labelerexp,at://did:plc:65yo7ynzcyp4kpwsienyukrz/app.bsky.feed.generator/aaadfjfgt73ls,suggested_labelerexp,47,at://did:plc:fondz7wg63ucbe6a4ewnz7wb/app.bsky.feed.post/3mfrkvk33l22n,bafyreidexxlsbaxyjws67huyk4sxp6srcioauj25kzoj5cbs523ni7kyq4,did:plc:fondz7wg63ucbe6a4ewnz7wb,george-1788pow.bsky.social,,
965ae8e86a4a437f98b2037e007f99de,2026-02-26T16:00:00Z,2026-02-26T16:15:37Z,auth,auth_enUS_labelerexp,at://did:plc:65yo7ynzcyp4kpwsienyukrz/app.bsky.feed.generator/aaadfjfgt73ls,suggested_labelerexp,48,at://did:plc:cvhzp4oqk57twhhjji5o2b3t/app.bsky.feed.post/3mfrhlgwd252h,bafyreib3xsh53kuloadriujv74e4mvwwscbb5seahmr6wkw7n2a25af2hi,did:plc:cvhzp4oqk57twhhjji5o2b3t,nz-nb.bsky.social,,
965ae8e86a4a437f98b2037e007f99de,2026-02-26T16:00:00Z,2026-02-26T16:15:37Z,auth,auth_enUS_labelerexp,at://did:plc:65yo7ynzcyp4kpwsienyukrz/app.bsky.feed.generator/aaadfjfgt73ls,suggested_labelerexp,49,at://did:plc:cvhzp4oqk57twhhjji5o2b3t/app.bsky.feed.post/3mfrhlc25o72j,bafyreidu5b3f7wnpmll5ehtuwhxa2vwxurg7syfthuphm7sy44nlvf522e,did:plc:cvhzp4oqk57twhhjji5o2b3t,nz-nb.bsky.social,,
965ae8e86a4a437f98b2037e007f99de,2026-02-26T16:00:00Z,2026-02-26T16:15:37Z,auth,auth_enUS_labelerexp,at://did:plc:65yo7ynzcyp4kpwsienyukrz/app.bsky.feed.generator/aaadfjfgt73ls,suggested_labelerexp,50,at://did:plc:cvhzp4oqk57twhhjji5o2b3t/app.bsky.feed.post/3mfrhl5kqmr2w,bafyreidq5kvdfj6alqf5lhx5lwyxx2b57vf2y44exby5y3epd22plnfoiq,did:plc:cvhzp4oqk57twhhjji5o2b3t,nz-nb.bsky.social,,
965ae8e86a4a437f98b2037e007f99de,2026-02-26T16:00:00Z,2026-02-26T16:15:38Z,auth,auth_enUS_labelerexp,at://did:plc:7dl6s4wfcygfxzxok46z5gtu/app.bsky.feed.generator/aaaiyn75rk3wy,suggested_labelerexp,1,at://did:plc:py2w66fbau2pavcxfdnmunir/app.bsky.feed.post/3mfrkfp5gsc2p,bafyreigmcd6jwappp6cjonqta5javinzizm724bmh642w3cloixt2z6iii,did:plc:py2w66fbau2pavcxfdnmunir,sososophie.bsky.social,,
965ae8e86a4a437f98b2037e007f99de,2026-02-26T16:00:00Z,2026-02-26T16:15:38Z,auth,auth_enUS_labelerexp,at://did:plc:7dl6s4wfcygfxzxok46z5gtu/app.bsky.feed.generator/aaaiyn75rk3wy,suggested_labelerexp,2,at://did:plc:golj63mrafkertmvq45axdmz/app.bsky.feed.post/3mfrkfhp5sc2o,bafyreicxmhulssrmprfquuoqdlnlibuftkogzak5pbz3qvoqmryh4f34uu,did:plc:golj63mrafkertmvq45axdmz,aline-hywind.bsky.social,,
965ae8e86a4a437f98b2037e007f99de,2026-02-26T16:00:00Z,2026-02-26T16:15:38Z,auth,auth_enUS_labelerexp,at://did:plc:7dl6s4wfcygfxzxok46z5gtu/app.bsky.feed.generator/aaaiyn75rk3wy,suggested_labelerexp,3,at://did:plc:pzzxvmb4qqrl3cmcncswbqxl/app.bsky.feed.post/3mfrkffe2i22l,bafyreiedwikocngy776enyydy2jujxyrmjkqg4rto35khd5ik4u3r57qwm,did:plc:pzzxvmb4qqrl3cmcncswbqxl,ralfvtuber.bsky.social,,
965ae8e86a4a437f98b2037e007f99de,2026-02-26T16:00:00Z,2026-02-26T16:15:38Z,auth,auth_enUS_labelerexp,at://did:plc:7dl6s4wfcygfxzxok46z5gtu/app.bsky.feed.generator/aaaiyn75rk3wy,suggested_labelerexp,4,at://did:plc:avufalhurtuzjgydexrvdosy/app.bsky.feed.post/3mfrkee6kpc2n,bafyreidy3eoz3f6oqn435wxcx4ggxpzegpvi22x6oi3gseyv25rl5pyqwq,did:plc:avufalhurtuzjgydexrvdosy,ianarovoices.bsky.social,,
965ae8e86a4a437f98b2037e007f99de,2026-02-26T16:00:00Z,2026-02-26T16:15:38Z,auth,auth_enUS_labelerexp,at://did:plc:7dl6s4wfcygfxzxok46z5gtu/app.bsky.feed.generator/aaaiyn75rk3wy,suggested_labelerexp,5,at://did:plc:kovl2nl5naaphiudjmjfq6zp/app.bsky.feed.post/3mfrkdgzo622g,bafyreihuiggk3gji4qkdfx2bmn2vr5dvrwgmg5o5n7vl4ybc4o7ruafxtm,did:plc:kovl2nl5naaphiudjmjfq6zp,cheshirejjofficial.bsky.social,,
965ae8e86a4a437f98b2037e007f99de,2026-02-26T16:00:00Z,2026-02-26T16:15:38Z,auth,auth_enUS_labelerexp,at://did:plc:7dl6s4wfcygfxzxok46z5gtu/app.bsky.feed.generator/aaaiyn75rk3wy,suggested_labelerexp,6,at://did:plc:5j7mh3hvgr3ikok4d4yza4zf/app.bsky.feed.post/3mfrkcy24hk27,bafyreifn7unlpkxhjowvgyk7tsuuxkrozohuvq2rr4yudggbxegwbxflfy,did:plc:5j7mh3hvgr3ikok4d4yza4zf,darkandersonex.bsky.social,,
965ae8e86a4a437f98b2037e007f99de,2026-02-26T16:00:00Z,2026-02-26T16:15:38Z,auth,auth_enUS_labelerexp,at://did:plc:7dl6s4wfcygfxzxok46z5gtu/app.bsky.feed.generator/aaaiyn75rk3wy,suggested_labelerexp,7,at://did:plc:6k3bl67shszoracwrn3nmh43/app.bsky.feed.post/3mfrkaos5ms2o,bafyreia5uyziekwf32vaupnvep7zcigywyedo5zdolqj27sglecoiennu4,did:plc:6k3bl67shszoracwrn3nmh43,ourobella.bsky.social,,
965ae8e86a4a437f98b2037e007f99de,2026-02-26T16:00:00Z,2026-02-26T16:15:38Z,auth,auth_enUS_labelerexp,at://did:plc:7dl6s4wfcygfxzxok46z5gtu/app.bsky.feed.generator/aaaiyn75rk3wy,suggested_labelerexp,8,at://did:plc:t7elam2eneoyhoflr5l652vb/app.bsky.feed.post/3mfrk7ocmy222,bafyreibzdpso56jvsjeix3e2pvwlcpui7ngey2kzl7yrtqjzkt3tn35fcq,did:plc:t7elam2eneoyhoflr5l652vb,amberglowbug.bsky.social,,
965ae8e86a4a437f98b2037e007f99de,2026-02-26T16:00:00Z,2026-02-26T16:15:38Z,auth,auth_enUS_labelerexp,at://did:plc:7dl6s4wfcygfxzxok46z5gtu/app.bsky.feed.generator/aaaiyn75rk3wy,suggested_labelerexp,9,at://did:plc:qrokbtngkqs4gppleyon7aon/app.bsky.feed.post/3mfrk7m3ses2o,bafyreih37lnf2qdbbo6vuuc4ymtxwcqvpwnlxdwf2u5ytqicjqpxnfbazy,did:plc:qrokbtngkqs4gppleyon7aon,surrikatunnah.bsky.social,,
965ae8e86a4a437f98b2037e007f99de,2026-02-26T16:00:00Z,2026-02-26T16:15:38Z,auth,auth_enUS_labelerexp,at://did:plc:7dl6s4wfcygfxzxok46z5gtu/app.bsky.feed.generator/aaaiyn75rk3wy,suggested_labelerexp,10,at://did:plc:ldufewj5iam52raoxrqlasjc/app.bsky.feed.post/3mfrk6or4c22h,bafyreidc62z7fmuuxas5mxudjwwehmvgziolf4d5wmaibqorczpazucpvu,did:plc:ldufewj5iam52raoxrqlasjc,matzu28.bsky.social,,
965ae8e86a4a437f98b2037e007f99de,2026-02-26T16:00:00Z,2026-02-26T16:15:38Z,auth,auth_enUS_labelerexp,at://did:plc:7dl6s4wfcygfxzxok46z5gtu/app.bsky.feed.generator/aaaiyn75rk3wy,suggested_labelerexp,11,at://did:plc:4u63vxmg4uf2uczhgpk66h3q/app.bsky.feed.post/3mfrk4eofyc22,bafyreibvecr5juj7wpprkw3puyl34cfo3nw7nhrjfknbfqk4pwyrz7typa,did:plc:4u63vxmg4uf2uczhgpk66h3q,boggosix.bsky.social,,
965ae8e86a4a437f98b2037e007f99de,2026-02-26T16:00:00Z,2026-02-26T16:15:38Z,auth,auth_enUS_labelerexp,at://did:plc:7dl6s4wfcygfxzxok46z5gtu/app.bsky.feed.generator/aaaiyn75rk3wy,suggested_labelerexp,12,at://did:plc:k5ato7zl7ym2hwprrbyq6dfi/app.bsky.feed.post/3mfrk2q7djc2f,bafyreihmexspsz4gjx43fzz27qpmq4dkxwnwagecqj6sr2mvzo5b4thv3q,did:plc:k5ato7zl7ym2hwprrbyq6dfi,rivenmaris.bsky.social,,
965ae8e86a4a437f98b2037e007f99de,2026-02-26T16:00:00Z,2026-02-26T16:15:38Z,auth,auth_enUS_labelerexp,at://did:plc:7dl6s4wfcygfxzxok46z5gtu/app.bsky.feed.generator/aaaiyn75rk3wy,suggested_labelerexp,13,at://did:plc:bpikhlwukbxrszv2myfjiv2n/app.bsky.feed.post/3mfrk2oi4cn2p,bafyreidapgfoclwrr53kwhrut2fhoz772cazqr3bw43wy3hvjtmno6a6sy,did:plc:bpikhlwukbxrszv2myfjiv2n,yampiitarovt.bsky.social,,
965ae8e86a4a437f98b2037e007f99de,2026-02-26T16:00:00Z,2026-02-26T16:15:38Z,auth,auth_enUS_labelerexp,at://did:plc:7dl6s4wfcygfxzxok46z5gtu/app.bsky.feed.generator/aaaiyn75rk3wy,suggested_labelerexp,14,at://did:plc:zaodhqps2iat5th2chlm24ws/app.bsky.feed.post/3mfrk2gg43c25,bafyreigstkacggz4bk3bydowg3b3hof4cionol3rmecwv3m3hf5aiha7oa,did:plc:zaodhqps2iat5th2chlm24ws,vonnywave.bsky.social,,
965ae8e86a4a437f98b2037e007f99de,2026-02-26T16:00:00Z,2026-02-26T16:15:38Z,auth,auth_enUS_labelerexp,at://did:plc:7dl6s4wfcygfxzxok46z5gtu/app.bsky.feed.generator/aaaiyn75rk3wy,suggested_labelerexp,15,at://did:plc:eoqo5y7paj3l4bzphh24w3uy/app.bsky.feed.post/3mfrjxwq5h22m,bafyreidduyblukxnm2b3tf5bhvpqwqe65uuo66uwloz5qnzxmentolg67m,did:plc:eoqo5y7paj3l4bzphh24w3uy,unicornclutter.bsky.social,,
965ae8e86a4a437f98b2037e007f99de,2026-02-26T16:00:00Z,2026-02-26T16:15:38Z,auth,auth_enUS_labelerexp,at://did:plc:7dl6s4wfcygfxzxok46z5gtu/app.bsky.feed.generator/aaaiyn75rk3wy,suggested_labelerexp,16,at://did:plc:rioehwejjc2d6rfpz3rbx4hk/app.bsky.feed.post/3mfrjux7f2227,bafyreieh6fh5rfkeru27i3jdtpd27sgqwhwwbzpyqwerwm5jireiky65wq,did:plc:rioehwejjc2d6rfpz3rbx4hk,ginsuisyou99sf.bsky.social,,
965ae8e86a4a437f98b2037e007f99de,2026-02-26T16:00:00Z,2026-02-26T16:15:38Z,auth,auth_enUS_labelerexp,at://did:plc:7dl6s4wfcygfxzxok46z5gtu/app.bsky.feed.generator/aaaiyn75rk3wy,suggested_labelerexp,17,at://did:plc:5hfgqipwhy5bkeydkjq4qqnp/app.bsky.feed.post/3mfrjqnzz3c2i,bafyreicvgalirzcaog3dj67otcr4gy66k6w4yavdppf3cvpz6nfpk3ilqi,did:plc:5hfgqipwhy5bkeydkjq4qqnp,lycanofchaos.bsky.social,,
965ae8e86a4a437f98b2037e007f99de,2026-02-26T16:00:00Z,2026-02-26T16:15:38Z,auth,auth_enUS_labelerexp,at://did:plc:7dl6s4wfcygfxzxok46z5gtu/app.bsky.feed.generator/aaaiyn75rk3wy,suggested_labelerexp,18,at://did:plc:4ceeqr346nuedxadweetocpz/app.bsky.feed.post/3mfrjqap5vk2m,bafyreicdkihp22y36dponm5ze2v6k765snhxipg55dfxmsmgclrv3ero7a,did:plc:4ceeqr346nuedxadweetocpz,monologueart.bsky.social,,
965ae8e86a4a437f98b2037e007f99de,2026-02-26T16:00:00Z,2026-02-26T16:15:38Z,auth,auth_enUS_labelerexp,at://did:plc:7dl6s4wfcygfxzxok46z5gtu/app.bsky.feed.generator/aaaiyn75rk3wy,suggested_labelerexp,19,at://did:plc:ajms4suzxjls22css5bw5myi/app.bsky.feed.post/3mfrjpr3pi22k,bafyreigslkm72j7i4jo6pefe55ghf3g6hdizr3sxzmuwy62ureyp32rxwu,did:plc:ajms4suzxjls22css5bw5myi,lichvt.bsky.social,,
965ae8e86a4a437f98b2037e007f99de,2026-02-26T16:00:00Z,2026-02-26T16:15:38Z,auth,auth_enUS_labelerexp,at://did:plc:7dl6s4wfcygfxzxok46z5gtu/app.bsky.feed.generator/aaaiyn75rk3wy,suggested_labelerexp,20,at://did:plc:qualfospu7wutpk2gwj7sepq/app.bsky.feed.post/3mfrjnwb3dk2e,bafyreicaavcptidcu6hf7mqw4nc66xo6h7hohehuz7qxamhevo6h2emtrm,did:plc:qualfospu7wutpk2gwj7sepq,emberfoxvt.bsky.social,,
965ae8e86a4a437f98b2037e007f99de,2026-02-26T16:00:00Z,2026-02-26T16:15:38Z,auth,auth_enUS_labelerexp,at://did:plc:7dl6s4wfcygfxzxok46z5gtu/app.bsky.feed.generator/aaaiyn75rk3wy,suggested_labelerexp,21,at://did:plc:m4lgwpcqbupclzmhaowpbymo/app.bsky.feed.post/3mfrjnkrmkc2h,bafyreiga4zrk7nncwnki777och3rxfvfweglyqydo5wkv7avvse4io5kze,did:plc:m4lgwpcqbupclzmhaowpbymo,kaydepyon.bsky.social,,
965ae8e86a4a437f98b2037e007f99de,2026-02-26T16:00:00Z,2026-02-26T16:15:38Z,auth,auth_enUS_labelerexp,at://did:plc:7dl6s4wfcygfxzxok46z5gtu/app.bsky.feed.generator/aaaiyn75rk3wy,suggested_labelerexp,22,at://did:plc:ybhivr3wcwjle6r7ueorvwhv/app.bsky.feed.post/3mfrjnf4eqk2l,bafyreihnz7qxkxahkf4dihaoefivl3zaglzhvg7xzg6tzmwuhzzyn3r6jm,did:plc:ybhivr3wcwjle6r7ueorvwhv,lupusokami.bsky.social,,
965ae8e86a4a437f98b2037e007f99de,2026-02-26T16:00:00Z,2026-02-26T16:15:38Z,auth,auth_enUS_labelerexp,at://did:plc:7dl6s4wfcygfxzxok46z5gtu/app.bsky.feed.generator/aaaiyn75rk3wy,suggested_labelerexp,23,at://did:plc:lwyqlryotfkwzibtwrqlwbrh/app.bsky.feed.post/3mfrjmnhd5s2o,bafyreig2hkjhido5kk4yecqtugtadnm764kwfwxharxgg6ee4rvvfktvbi,did:plc:lwyqlryotfkwzibtwrqlwbrh,perfectlybalanced.bsky.social,,
965ae8e86a4a437f98b2037e007f99de,2026-02-26T16:00:00Z,2026-02-26T16:15:38Z,auth,auth_enUS_labelerexp,at://did:plc:7dl6s4wfcygfxzxok46z5gtu/app.bsky.feed.generator/aaaiyn75rk3wy,suggested_labelerexp,24,at://did:plc:q2gyrdpkpxwo7qnvnn7kw6uj/app.bsky.feed.post/3mfrk3765rs2e,bafyreieo5xscptiwiy6aovmvxyoomzr3of4y53bl4fb6cbe6ce3zuofala,did:plc:q2gyrdpkpxwo7qnvnn7kw6uj,joltedosh.bsky.social,,
965ae8e86a4a437f98b2037e007f99de,2026-02-26T16:00:00Z,2026-02-26T16:15:38Z,auth,auth_enUS_labelerexp,at://did:plc:7dl6s4wfcygfxzxok46z5gtu/app.bsky.feed.generator/aaaiyn75rk3wy,suggested_labelerexp,25,at://did:plc:tsekto6bzvx2lnyucr4bddds/app.bsky.feed.post/3mfrjlz7ctc2b,bafyreifoaizeeotannp7rr2qxo3wyv6wocsnota5v2yn2rj3v64s6cwvxe,did:plc:tsekto6bzvx2lnyucr4bddds,noanoavvv.bsky.social,,
965ae8e86a4a437f98b2037e007f99de,2026-02-26T16:00:00Z,2026-02-26T16:15:38Z,auth,auth_enUS_labelerexp,at://did:plc:7dl6s4wfcygfxzxok46z5gtu/app.bsky.feed.generator/aaaiyn75rk3wy,suggested_labelerexp,26,at://did:plc:eoqo5y7paj3l4bzphh24w3uy/app.bsky.feed.post/3mfrjli7mfc2m,bafyreiegiv25wq3el65q36fii4wi5tu25nxshimvdmuymbuqwimwe7neeq,did:plc:eoqo5y7paj3l4bzphh24w3uy,unicornclutter.bsky.social,,
965ae8e86a4a437f98b2037e007f99de,2026-02-26T16:00:00Z,2026-02-26T16:15:38Z,auth,auth_enUS_labelerexp,at://did:plc:7dl6s4wfcygfxzxok46z5gtu/app.bsky.feed.generator/aaaiyn75rk3wy,suggested_labelerexp,27,at://did:plc:qh5sx45teahbygpenhwb3kng/app.bsky.feed.post/3mfrjhmva7k23,bafyreidr25f2wipdorffg2hum7mgpdmlurzicemioi7ocoewmruvi3rjh4,did:plc:qh5sx45teahbygpenhwb3kng,jenofflames.bsky.social,,
965ae8e86a4a437f98b2037e007f99de,2026-02-26T16:00:00Z,2026-02-26T16:15:38Z,auth,auth_enUS_labelerexp,at://did:plc:7dl6s4wfcygfxzxok46z5gtu/app.bsky.feed.generator/aaaiyn75rk3wy,suggested_labelerexp,28,at://did:plc:sszzoomrz3d4xqtcgufvalqn/app.bsky.feed.post/3mfrjhk4gg22h,bafyreic2dcyfquuprontqzde3e5i27zqz6qbx2gisikmqk3wktv6qxp73m,did:plc:sszzoomrz3d4xqtcgufvalqn,liminalitycarb.live,,
965ae8e86a4a437f98b2037e007f99de,2026-02-26T16:00:00Z,2026-02-26T16:15:38Z,auth,auth_enUS_labelerexp,at://did:plc:7dl6s4wfcygfxzxok46z5gtu/app.bsky.feed.generator/aaaiyn75rk3wy,suggested_labelerexp,29,at://did:plc:ngmzcfmtrqon36tuuho4w6zs/app.bsky.feed.post/3mfrjheq5ps2e,bafyreighsgttk6ev4bh3sob7u56za3qeki7hk6gg7poyayzdkytlmr3t6m,did:plc:ngmzcfmtrqon36tuuho4w6zs,laraquin.bsky.social,,
965ae8e86a4a437f98b2037e007f99de,2026-02-26T16:00:00Z,2026-02-26T16:15:38Z,auth,auth_enUS_labelerexp,at://did:plc:7dl6s4wfcygfxzxok46z5gtu/app.bsky.feed.generator/aaaiyn75rk3wy,suggested_labelerexp,30,at://did:plc:lg4zwwulvj5dz5v5rjrg46ge/app.bsky.feed.post/3mfrjg3edg225,bafyreih3qra2dkz45mfj5xuorr4xhdfowbuxggngrrug7xcaon53fhaxfu,did:plc:lg4zwwulvj5dz5v5rjrg46ge,mrsleewdysleep.bsky.social,,
965ae8e86a4a437f98b2037e007f99de,2026-02-26T16:00:00Z,2026-02-26T16:15:38Z,auth,auth_enUS_labelerexp,at://did:plc:7dl6s4wfcygfxzxok46z5gtu/app.bsky.feed.generator/aaaiyn75rk3wy,suggested_labelerexp,31,at://did:plc:lul4c76mzejar2ntcpb6e4i2/app.bsky.feed.post/3mfrjfru6yk2s,bafyreigoe42xuhppspcxpjgjroclxmpj7a5c2lwasu5q35orpwkvcnrycm,did:plc:lul4c76mzejar2ntcpb6e4i2,nikulaswraith.bsky.social,,
965ae8e86a4a437f98b2037e007f99de,2026-02-26T16:00:00Z,2026-02-26T16:15:38Z,auth,auth_enUS_labelerexp,at://did:plc:7dl6s4wfcygfxzxok46z5gtu/app.bsky.feed.generator/aaaiyn75rk3wy,suggested_labelerexp,32,at://did:plc:zt3pvyj2kzj4hi5g7q2lif7h/app.bsky.feed.post/3mfrjfelccs2w,bafyreiecw3ygz6mkf22dasc65uyklp3r6q55dtp3w6ooocruyar4dxfjyy,did:plc:zt3pvyj2kzj4hi5g7q2lif7h,zui-lusive.bsky.social,,
965ae8e86a4a437f98b2037e007f99de,2026-02-26T16:00:00Z,2026-02-26T16:15:38Z,auth,auth_enUS_labelerexp,at://did:plc:7dl6s4wfcygfxzxok46z5gtu/app.bsky.feed.generator/aaaiyn75rk3wy,suggested_labelerexp,33,at://did:plc:kc5ma3roi6los2fhdcwfaujx/app.bsky.feed.post/3mfrjemnjgk27,bafyreiawof4cfyjbyvhv4bqoq5pkvufrm2cc5isekiqprvkk3etkb6pdcq,did:plc:kc5ma3roi6los2fhdcwfaujx,roebunny.vtubers.social,,
965ae8e86a4a437f98b2037e007f99de,2026-02-26T16:00:00Z,2026-02-26T16:15:38Z,auth,auth_enUS_labelerexp,at://did:plc:7dl6s4wfcygfxzxok46z5gtu/app.bsky.feed.generator/aaaiyn75rk3wy,suggested_labelerexp,34,at://did:plc:jy2gkear37au3j4rhdy5uybr/app.bsky.feed.post/3mfrjek7vaz2y,bafyreif3bowh75oj3swimk3tc3qledfdxjh5277hfow2djc4e6odwsbcly,did:plc:jy2gkear37au3j4rhdy5uybr,neilkrampus.bsky.social,,
965ae8e86a4a437f98b2037e007f99de,2026-02-26T16:00:00Z,2026-02-26T16:15:38Z,auth,auth_enUS_labelerexp,at://did:plc:7dl6s4wfcygfxzxok46z5gtu/app.bsky.feed.generator/aaaiyn75rk3wy,suggested_labelerexp,35,at://did:plc:rioehwejjc2d6rfpz3rbx4hk/app.bsky.feed.post/3mfrjdmvuhc27,bafyreidpct7qprrftvmu2mfyw4wf6tkaqgh7fhfcllwpnsgwqvzs4ow3wa,did:plc:rioehwejjc2d6rfpz3rbx4hk,ginsuisyou99sf.bsky.social,,
965ae8e86a4a437f98b2037e007f99de,2026-02-26T16:00:00Z,2026-02-26T16:15:38Z,auth,auth_enUS_labelerexp,at://did:plc:7dl6s4wfcygfxzxok46z5gtu/app.bsky.feed.generator/aaaiyn75rk3wy,suggested_labelerexp,36,at://did:plc:qi63xwatsnqkxlymupcsxpjc/app.bsky.feed.post/3mfrjdmjv2z2y,bafyreifzrn66h4boatvo3q3nvq537izmlbg6cahlg6j27a3hz5jbbq6pga,did:plc:qi63xwatsnqkxlymupcsxpjc,colettemilky.bsky.social,,
965ae8e86a4a437f98b2037e007f99de,2026-02-26T16:00:00Z,2026-02-26T16:15:38Z,auth,auth_enUS_labelerexp,at://did:plc:7dl6s4wfcygfxzxok46z5gtu/app.bsky.feed.generator/aaaiyn75rk3wy,suggested_labelerexp,37,at://did:plc:eilva2ueeyv6aiuhstlc3zfa/app.bsky.feed.post/3mfrjcr3rzs2b,bafyreigiy6dluca34ww644vballux3bg7mgvls2bts7hoccwhbpse5mwpu,did:plc:eilva2ueeyv6aiuhstlc3zfa,erikvannicholas.vtubers.social,,
965ae8e86a4a437f98b2037e007f99de,2026-02-26T16:00:00Z,2026-02-26T16:15:38Z,auth,auth_enUS_labelerexp,at://did:plc:7dl6s4wfcygfxzxok46z5gtu/app.bsky.feed.generator/aaaiyn75rk3wy,suggested_labelerexp,38,at://did:plc:ygwwfarzd3gnn3z2rxjvaoe5/app.bsky.feed.post/3mfrjcpnoh22v,bafyreibzcfkdfduxcaisdzvneeihu3yx74i5wmbl3ifqy3axsyx26scwmy,did:plc:ygwwfarzd3gnn3z2rxjvaoe5,fruitiesvt.bsky.social,,
965ae8e86a4a437f98b2037e007f99de,2026-02-26T16:00:00Z,2026-02-26T16:15:38Z,auth,auth_enUS_labelerexp,at://did:plc:7dl6s4wfcygfxzxok46z5gtu/app.bsky.feed.generator/aaaiyn75rk3wy,suggested_labelerexp,39,at://did:plc:km5em2cndpcvfvqt7utuf4ac/app.bsky.feed.post/3mfrjcpdjas2z,bafyreigovcc7kcitofpma6s5nocwv7mkmemtw5wshft6ryelolhgfnz3p4,did:plc:km5em2cndpcvfvqt7utuf4ac,zorrtumn.vtube.social,,
965ae8e86a4a437f98b2037e007f99de,2026-02-26T16:00:00Z,2026-02-26T16:15:38Z,auth,auth_enUS_labelerexp,at://did:plc:7dl6s4wfcygfxzxok46z5gtu/app.bsky.feed.generator/aaaiyn75rk3wy,suggested_labelerexp,40,at://did:plc:azygcdequgzyckj4ch7kvdhv/app.bsky.feed.post/3mfrja6hxik2v,bafyreigcvwej7z6ebly3nrjzkcozxjq2wnn5edlnvty324hzaermbnz3ze,did:plc:azygcdequgzyckj4ch7kvdhv,enokhan.bsky.social,,
965ae8e86a4a437f98b2037e007f99de,2026-02-26T16:00:00Z,2026-02-26T16:15:38Z,auth,auth_enUS_labelerexp,at://did:plc:7dl6s4wfcygfxzxok46z5gtu/app.bsky.feed.generator/aaaiyn75rk3wy,suggested_labelerexp,41,at://did:plc:2bfky4tu2xlvxw5qh447c2pv/app.bsky.feed.post/3mfrj7wtxus2v,bafyreic6krl2cafqqtnjmnntjixmcy2yty6i3sgwpilrzlozxdnrljbgfa,did:plc:2bfky4tu2xlvxw5qh447c2pv,ah-boost.bsky.social,,
965ae8e86a4a437f98b2037e007f99de,2026-02-26T16:00:00Z,2026-02-26T16:15:38Z,auth,auth_enUS_labelerexp,at://did:plc:7dl6s4wfcygfxzxok46z5gtu/app.bsky.feed.generator/aaaiyn75rk3wy,suggested_labelerexp,42,at://did:plc:4toeounekjsxgnp2rdriv3bw/app.bsky.feed.post/3mfrj6ttyz22c,bafyreigcxuf5eraxr3nxipzkx2e4g2cxig3hm73ubfnbwnjcuohi43pe2m,did:plc:4toeounekjsxgnp2rdriv3bw,somenosycrow.bsky.social,,
965ae8e86a4a437f98b2037e007f99de,2026-02-26T16:00:00Z,2026-02-26T16:15:38Z,auth,auth_enUS_labelerexp,at://did:plc:7dl6s4wfcygfxzxok46z5gtu/app.bsky.feed.generator/aaaiyn75rk3wy,suggested_labelerexp,43,at://did:plc:hdr6map755adllup5tflnf4t/app.bsky.feed.post/3mfrjhfnk5k2i,bafyreiaj4ipwpucfon2xpholkubwivjjaa6kf6faunebki6hhxszxuhqdu,did:plc:hdr6map755adllup5tflnf4t,nym-vt.bsky.social,,
965ae8e86a4a437f98b2037e007f99de,2026-02-26T16:00:00Z,2026-02-26T16:15:38Z,auth,auth_enUS_labelerexp,at://did:plc:7dl6s4wfcygfxzxok46z5gtu/app.bsky.feed.generator/aaaiyn75rk3wy,suggested_labelerexp,44,at://did:plc:pfzxnbftcigddobosoc7wuhk/app.bsky.feed.post/3mfrj3nuw2s2j,bafyreietv334qjqr4k73ltlinza35fi5r5ymk2ztgincg5yul4nyxfz57u,did:plc:pfzxnbftcigddobosoc7wuhk,hexmaniacaelita.bsky.social,,
965ae8e86a4a437f98b2037e007f99de,2026-02-26T16:00:00Z,2026-02-26T16:15:38Z,auth,auth_enUS_labelerexp,at://did:plc:7dl6s4wfcygfxzxok46z5gtu/app.bsky.feed.generator/aaaiyn75rk3wy,suggested_labelerexp,45,at://did:plc:s4d6ubznomcfrpe4eimxaush/app.bsky.feed.post/3mfrj3hjyvk2h,bafyreiarkbi4h6nzoa3e4kvpmabayxkwvlm3lgh2avrwns7ta2vofzkpza,did:plc:s4d6ubznomcfrpe4eimxaush,digital-bluez.bsky.social,,
965ae8e86a4a437f98b2037e007f99de,2026-02-26T16:00:00Z,2026-02-26T16:15:38Z,auth,auth_enUS_labelerexp,at://did:plc:7dl6s4wfcygfxzxok46z5gtu/app.bsky.feed.generator/aaaiyn75rk3wy,suggested_labelerexp,46,at://did:plc:bs7jh6uxig2z26wqfmi5ofik/app.bsky.feed.post/3mfrj2rw4bk24,bafyreiecp5rbjxq3cqyabhm43vocm2nrod45gwweo5r65dmziqn7p7b7b4,did:plc:bs7jh6uxig2z26wqfmi5ofik,adamadmar.bsky.social,,
965ae8e86a4a437f98b2037e007f99de,2026-02-26T16:00:00Z,2026-02-26T16:15:38Z,auth,auth_enUS_labelerexp,at://did:plc:7dl6s4wfcygfxzxok46z5gtu/app.bsky.feed.generator/aaaiyn75rk3wy,suggested_labelerexp,47,at://did:plc:wby5rgsdfyadfpjoyi2uvbmm/app.bsky.feed.post/3mfrj2psbqz2w,bafyreihq4yi3k6nte6alyafzqajfy5sxg5fftnct7wqw7cjuxtycgobcha,did:plc:wby5rgsdfyadfpjoyi2uvbmm,foreverayano.bsky.social,,
965ae8e86a4a437f98b2037e007f99de,2026-02-26T16:00:00Z,2026-02-26T16:15:38Z,auth,auth_enUS_labelerexp,at://did:plc:7dl6s4wfcygfxzxok46z5gtu/app.bsky.feed.generator/aaaiyn75rk3wy,suggested_labelerexp,48,at://did:plc:n2wyn6yhy5jng7pqqax2jm4e/app.bsky.feed.post/3mfrizkznz22n,bafyreidstdtnnbvg4czlwixcqbhytvtq64u5fhanqmicvqlpewgaywflom,did:plc:n2wyn6yhy5jng7pqqax2jm4e,sailorxfae.bsky.social,,
965ae8e86a4a437f98b2037e007f99de,2026-02-26T16:00:00Z,2026-02-26T16:15:38Z,auth,auth_enUS_labelerexp,at://did:plc:7dl6s4wfcygfxzxok46z5gtu/app.bsky.feed.generator/aaaiyn75rk3wy,suggested_labelerexp,49,at://did:plc:rcc246ijrzg4yzlmlplr2iee/app.bsky.feed.post/3mfrixeffv22z,bafyreigi4gly4yyp7es6bui32va5oiswghdl7l4wxwgo46yqwtopya3ddy,did:plc:rcc246ijrzg4yzlmlplr2iee,lilymoonvt.bsky.social,,
965ae8e86a4a437f98b2037e007f99de,2026-02-26T16:00:00Z,2026-02-26T16:15:38Z,auth,auth_enUS_labelerexp,at://did:plc:7dl6s4wfcygfxzxok46z5gtu/app.bsky.feed.generator/aaaiyn75rk3wy,suggested_labelerexp,50,at://did:plc:hytxeoglnrcxbcfbgsyaqfxl/app.bsky.feed.post/3mfrivr66sk2t,bafyreigdqauwob4ve4pf73mp6kfwl3boy66km3ntjfixqy75ionktkb4ou,did:plc:hytxeoglnrcxbcfbgsyaqfxl,necrophyte-gaming.bsky.social,,
965ae8e86a4a437f98b2037e007f99de,2026-02-26T16:00:00Z,2026-02-26T16:15:59Z,auth,auth_enUS_labelerexp,at://did:plc:wzsilnxf24ehtmmc3gssy5bu/app.bsky.feed.generator/newskies,suggested_labelerexp,1,at://did:plc:wsldhcytl3nzxfqg4irnmh6e/app.bsky.feed.post/3mfrliffrzk23,bafyreialo3nz2dnk2heb7e57l2uvgtlqtcrh6vbvc3cxeaaav5q7avdkoe,did:plc:wsldhcytl3nzxfqg4irnmh6e,meo-wkiss.bsky.social,,
965ae8e86a4a437f98b2037e007f99de,2026-02-26T16:00:00Z,2026-02-26T16:15:59Z,auth,auth_enUS_labelerexp,at://did:plc:wzsilnxf24ehtmmc3gssy5bu/app.bsky.feed.generator/newskies,suggested_labelerexp,2,at://did:plc:usxgj5qd72cj3r4gmacr5eas/app.bsky.feed.post/3mfrlig7bhc26,bafyreifxflx5s2ef366z7qb6qxlyjmldhy3q4ovnenjqyr7ulqhjqp2zrm,did:plc:usxgj5qd72cj3r4gmacr5eas,tagimozo-2.bsky.social,,
965ae8e86a4a437f98b2037e007f99de,2026-02-26T16:00:00Z,2026-02-26T16:15:59Z,auth,auth_enUS_labelerexp,at://did:plc:wzsilnxf24ehtmmc3gssy5bu/app.bsky.feed.generator/newskies,suggested_labelerexp,3,at://did:plc:ay2m7dbwdc2dp3xfhm3k5upp/app.bsky.feed.post/3mfrlib7aec26,bafyreihb7oyrvq4rgjk3kwijgvp636vomxii5fcd5bpiupperqd2rfyzoy,did:plc:ay2m7dbwdc2dp3xfhm3k5upp,c-rr-t.bsky.social,,
965ae8e86a4a437f98b2037e007f99de,2026-02-26T16:00:00Z,2026-02-26T16:15:59Z,auth,auth_enUS_labelerexp,at://did:plc:wzsilnxf24ehtmmc3gssy5bu/app.bsky.feed.generator/newskies,suggested_labelerexp,4,at://did:plc:yoparnzfy4q54bxfy3fmfdzb/app.bsky.feed.post/3mfrlh2fzmc2e,bafyreiasd2g45vt6smpvvipu6k7nhoblxwepzc2apl662myj3dd2xhcwaq,did:plc:yoparnzfy4q54bxfy3fmfdzb,sammthesalmon.bsky.social,,
965ae8e86a4a437f98b2037e007f99de,2026-02-26T16:00:00Z,2026-02-26T16:15:59Z,auth,auth_enUS_labelerexp,at://did:plc:wzsilnxf24ehtmmc3gssy5bu/app.bsky.feed.generator/newskies,suggested_labelerexp,5,at://did:plc:nafglnf6xhm2iki7puft7l4s/app.bsky.feed.post/3mfrlhahg3m23,bafyreihfcngcddqz5o2eluyyepv5hcpijthrigcyspypnaigotj3oq365a,did:plc:nafglnf6xhm2iki7puft7l4s,wolfslush.bsky.social,,
965ae8e86a4a437f98b2037e007f99de,2026-02-26T16:00:00Z,2026-02-26T16:15:59Z,auth,auth_enUS_labelerexp,at://did:plc:wzsilnxf24ehtmmc3gssy5bu/app.bsky.feed.generator/newskies,suggested_labelerexp,6,at://did:plc:ceyi72tpal4m27bd3xyedet6/app.bsky.feed.post/3mfrlguggqs24,bafyreidtuvyo7mp4hamvgtnv6t5kxe6dmgqcbsfk7kdakylhv5vuhldrce,did:plc:ceyi72tpal4m27bd3xyedet6,jimkiefer.bsky.social,,
965ae8e86a4a437f98b2037e007f99de,2026-02-26T16:00:00Z,2026-02-26T16:15:59Z,auth,auth_enUS_labelerexp,at://did:plc:wzsilnxf24ehtmmc3gssy5bu/app.bsky.feed.generator/newskies,suggested_labelerexp,7,at://did:plc:bxjjfeiefhf5yn67x7umgrrs/app.bsky.feed.post/3mfrlfizt7f2d,bafyreibn76rlgkyz6mlmuf4tvpdlxacf4wnmyzfuvntrpcp6v4spsexmci,did:plc:bxjjfeiefhf5yn67x7umgrrs,teamboomerang.bsky.social,,
965ae8e86a4a437f98b2037e007f99de,2026-02-26T16:00:00Z,2026-02-26T16:15:59Z,auth,auth_enUS_labelerexp,at://did:plc:wzsilnxf24ehtmmc3gssy5bu/app.bsky.feed.generator/newskies,suggested_labelerexp,8,at://did:plc:oxojf37eo7eipmdyoolgn4rv/app.bsky.feed.post/3mfrleq2k2k23,bafyreiabzuukvnw2es454s6wdwbubgiml4g7gxckkuy32zzk2beettmo2u,did:plc:oxojf37eo7eipmdyoolgn4rv,tgnsindicat.bsky.social,,
965ae8e86a4a437f98b2037e007f99de,2026-02-26T16:00:00Z,2026-02-26T16:15:59Z,auth,auth_enUS_labelerexp,at://did:plc:wzsilnxf24ehtmmc3gssy5bu/app.bsky.feed.generator/newskies,suggested_labelerexp,9,at://did:plc:4mdk77qjhx7x6atvvtvrckxy/app.bsky.feed.post/3mfrle3oew22m,bafyreigoxxth7udkwcjrbjwrv4ylj2vakdpqgbi2hlgtwb7wnm3b6h5bjm,did:plc:4mdk77qjhx7x6atvvtvrckxy,icegaint.bsky.social,,
965ae8e86a4a437f98b2037e007f99de,2026-02-26T16:00:00Z,2026-02-26T16:15:59Z,auth,auth_enUS_labelerexp,at://did:plc:wzsilnxf24ehtmmc3gssy5bu/app.bsky.feed.generator/newskies,suggested_labelerexp,10,at://did:plc:6p2ha2zsokkkpnch7vzzlpjo/app.bsky.feed.post/3mfrle264xs2o,bafyreieymdtgxqgs7coc37kfghx2phzqb6mlnnyz4vazbey76ezvivuyta,did:plc:6p2ha2zsokkkpnch7vzzlpjo,daleburnay.bsky.social,,
965ae8e86a4a437f98b2037e007f99de,2026-02-26T16:00:00Z,2026-02-26T16:15:59Z,auth,auth_enUS_labelerexp,at://did:plc:wzsilnxf24ehtmmc3gssy5bu/app.bsky.feed.generator/newskies,suggested_labelerexp,11,at://did:plc:4bu4pz2gdwv27wdmi2pbwfv3/app.bsky.feed.post/3mfrldoaf5k2i,bafyreihcmzhpvbuc426m4fx7iy6ab3btqcbhyrkpctyfjpwcgqpbngoqna,did:plc:4bu4pz2gdwv27wdmi2pbwfv3,daniellaanane171.bsky.social,,
965ae8e86a4a437f98b2037e007f99de,2026-02-26T16:00:00Z,2026-02-26T16:15:59Z,auth,auth_enUS_labelerexp,at://did:plc:wzsilnxf24ehtmmc3gssy5bu/app.bsky.feed.generator/newskies,suggested_labelerexp,12,at://did:plc:pzhrrz7wpkwnbux2umpea5xf/app.bsky.feed.post/3mfrlcuowx52n,bafyreiczxeyzbpz2viftc22mnrutcpjqe7wient6bt6jdrg5i5bpfzci4m,did:plc:pzhrrz7wpkwnbux2umpea5xf,networkbinary.bsky.social,,
965ae8e86a4a437f98b2037e007f99de,2026-02-26T16:00:00Z,2026-02-26T16:15:59Z,auth,auth_enUS_labelerexp,at://did:plc:wzsilnxf24ehtmmc3gssy5bu/app.bsky.feed.generator/newskies,suggested_labelerexp,13,at://did:plc:f6f2kepe2p6uamjmpn325g2n/app.bsky.feed.post/3mfrljkls422a,bafyreibncj77kerdb7oabqs6kt6w726hymv42mcfnzjuag4dnzqspg6i74,did:plc:f6f2kepe2p6uamjmpn325g2n,macarenses.bsky.social,,
965ae8e86a4a437f98b2037e007f99de,2026-02-26T16:00:00Z,2026-02-26T16:15:59Z,auth,auth_enUS_labelerexp,at://did:plc:wzsilnxf24ehtmmc3gssy5bu/app.bsky.feed.generator/newskies,suggested_labelerexp,14,at://did:plc:2esptqafbhrlanxvljzniwke/app.bsky.feed.post/3mfrlbywbh22u,bafyreidzmgzijnnj3skhitz7my4l7zzaigfpytkyznc3ft7iaetsoyhfii,did:plc:2esptqafbhrlanxvljzniwke,yeoudol.bsky.social,,
965ae8e86a4a437f98b2037e007f99de,2026-02-26T16:00:00Z,2026-02-26T16:15:59Z,auth,auth_enUS_labelerexp,at://did:plc:wzsilnxf24ehtmmc3gssy5bu/app.bsky.feed.generator/newskies,suggested_labelerexp,15,at://did:plc:lflcxr2q7mq6fitsr4jsamgu/app.bsky.feed.post/3mfrlb2iyw22x,bafyreif2daumrszijmpvg626him2tlu2m2o4v4h3u3dq4g7ogynneaalji,did:plc:lflcxr2q7mq6fitsr4jsamgu,sussexcgi.bsky.social,,
965ae8e86a4a437f98b2037e007f99de,2026-02-26T16:00:00Z,2026-02-26T16:15:59Z,auth,auth_enUS_labelerexp,at://did:plc:wzsilnxf24ehtmmc3gssy5bu/app.bsky.feed.generator/newskies,suggested_labelerexp,16,at://did:plc:iclrhwbeuhmktp3hbka5djoy/app.bsky.feed.post/3mfrlbjvrhv2w,bafyreigmpsz3a5icd6ypxpjlfqm5fwjtok3mchtrdbmn5vlg7e7v3zw6xe,did:plc:iclrhwbeuhmktp3hbka5djoy,imeumya.bsky.social,,
965ae8e86a4a437f98b2037e007f99de,2026-02-26T16:00:00Z,2026-02-26T16:15:59Z,auth,auth_enUS_labelerexp,at://did:plc:wzsilnxf24ehtmmc3gssy5bu/app.bsky.feed.generator/newskies,suggested_labelerexp,17,at://did:plc:ozkvk373t5k4mve2ws7h3t6h/app.bsky.feed.post/3mfrlacxte22p,bafyreicuzenb5xcfsu6pkufassbsup5vhaidngghoitzxrzbd3d6u63hgm,did:plc:ozkvk373t5k4mve2ws7h3t6h,ethical-tech.bsky.social,,
965ae8e86a4a437f98b2037e007f99de,2026-02-26T16:00:00Z,2026-02-26T16:15:59Z,auth,auth_enUS_labelerexp,at://did:plc:wzsilnxf24ehtmmc3gssy5bu/app.bsky.feed.generator/newskies,suggested_labelerexp,18,at://did:plc:r34kptpyo76nwpmwspuvlb6i/app.bsky.feed.post/3mfrlahd7cs2o,bafyreifto3pvildc3bphtiugyrk7ccd6t57lco3iv5ing7ac5orddf35ke,did:plc:r34kptpyo76nwpmwspuvlb6i,jing94.bsky.social,,
965ae8e86a4a437f98b2037e007f99de,2026-02-26T16:00:00Z,2026-02-26T16:15:59Z,auth,auth_enUS_labelerexp,at://did:plc:wzsilnxf24ehtmmc3gssy5bu/app.bsky.feed.generator/newskies,suggested_labelerexp,19,at://did:plc:jg5wvv3ieq4ap2ymvvrspaiv/app.bsky.feed.post/3mfrlalemw22v,bafyreieyhlhujhvntfnatfewrkqsemfj7e2eduqkd56styx5c4wrrwdnzi,did:plc:jg5wvv3ieq4ap2ymvvrspaiv,sexyfcupheejin.bsky.social,,
965ae8e86a4a437f98b2037e007f99de,2026-02-26T16:00:00Z,2026-02-26T16:15:59Z,auth,auth_enUS_labelerexp,at://did:plc:wzsilnxf24ehtmmc3gssy5bu/app.bsky.feed.generator/newskies,suggested_labelerexp,20,at://did:plc:d4svd57uiura6qtyfrdfky7u/app.bsky.feed.post/3mfrl5xmzts2y,bafyreic3s55ckvlrcba34axqlpztzcztahustorecgzhzz23iptd2lfhey,did:plc:d4svd57uiura6qtyfrdfky7u,vizora-interactive.com,,
965ae8e86a4a437f98b2037e007f99de,2026-02-26T16:00:00Z,2026-02-26T16:15:59Z,auth,auth_enUS_labelerexp,at://did:plc:wzsilnxf24ehtmmc3gssy5bu/app.bsky.feed.generator/newskies,suggested_labelerexp,21,at://did:plc:mv4svi2ivjwnibwyb4bdsupb/app.bsky.feed.post/3mfrla4fdys2n,bafyreict4aiaokrnrtcqaxfzbkfzbrc5uqvirgygqdaebykjz4bssfev3q,did:plc:mv4svi2ivjwnibwyb4bdsupb,crybabyunderdog.bsky.social,,
965ae8e86a4a437f98b2037e007f99de,2026-02-26T16:00:00Z,2026-02-26T16:15:59Z,auth,auth_enUS_labelerexp,at://did:plc:wzsilnxf24ehtmmc3gssy5bu/app.bsky.feed.generator/newskies,suggested_labelerexp,22,at://did:plc:ylmvjnaxyyaijfn66r4huwzm/app.bsky.feed.post/3mfrl6xvhwk2n,bafyreibu6okfxhb4s75ty4mnk5eju6ybqy4mnhdf6r7erasg6nfbdoxqgm,did:plc:ylmvjnaxyyaijfn66r4huwzm,slepty.bsky.social,,
965ae8e86a4a437f98b2037e007f99de,2026-02-26T16:00:00Z,2026-02-26T16:15:59Z,auth,auth_enUS_labelerexp,at://did:plc:wzsilnxf24ehtmmc3gssy5bu/app.bsky.feed.generator/newskies,suggested_labelerexp,23,at://did:plc:uhwrbdndyi4twew3wg2rjz6x/app.bsky.feed.post/3mfrl6qojck2d,bafyreictnucs7cby3s57ocpseugfmyh5qopwaoimcejbqd7bgboclucaze,did:plc:uhwrbdndyi4twew3wg2rjz6x,sabrinajames25.bsky.social,,
965ae8e86a4a437f98b2037e007f99de,2026-02-26T16:00:00Z,2026-02-26T16:15:59Z,auth,auth_enUS_labelerexp,at://did:plc:wzsilnxf24ehtmmc3gssy5bu/app.bsky.feed.generator/newskies,suggested_labelerexp,24,at://did:plc:vwovcxzjhmebhxdpvhwfsfqv/app.bsky.feed.post/3mfrl6n7x7s22,bafyreib6l6ababc3wvxzcf2lljhstnnsoe44sqcjzlwijp6aazpjbbcppa,did:plc:vwovcxzjhmebhxdpvhwfsfqv,darredevil.bsky.social,,
965ae8e86a4a437f98b2037e007f99de,2026-02-26T16:00:00Z,2026-02-26T16:15:59Z,auth,auth_enUS_labelerexp,at://did:plc:wzsilnxf24ehtmmc3gssy5bu/app.bsky.feed.generator/newskies,suggested_labelerexp,25,at://did:plc:7wdozv5fgibcgurnpe5rdnox/app.bsky.feed.post/3mfrl6ftygs25,bafyreig2e2rw6f2exoisrbw5njybj35xhv6thscs4s5gzut4ip6eevzy4i,did:plc:7wdozv5fgibcgurnpe5rdnox,dieleamatthea.bsky.social,,
965ae8e86a4a437f98b2037e007f99de,2026-02-26T16:00:00Z,2026-02-26T16:15:59Z,auth,auth_enUS_labelerexp,at://did:plc:wzsilnxf24ehtmmc3gssy5bu/app.bsky.feed.generator/newskies,suggested_labelerexp,26,at://did:plc:muo65vluqlwbx4mh4lrv36zg/app.bsky.feed.post/3mfrl6bcxss2w,bafyreig3jwvmcd3rufmhzcy36iy3f4epmqj4a5ogzvrmjl3brhmrlnmj74,did:plc:muo65vluqlwbx4mh4lrv36zg,bgeo12431.bsky.social,,
965ae8e86a4a437f98b2037e007f99de,2026-02-26T16:00:00Z,2026-02-26T16:15:59Z,auth,auth_enUS_labelerexp,at://did:plc:wzsilnxf24ehtmmc3gssy5bu/app.bsky.feed.generator/newskies,suggested_labelerexp,27,at://did:plc:5sx2q5i2ir46yjasaajkfqpz/app.bsky.feed.post/3mfrl4y77d524,bafyreianniwuh43kirkt4nqe3k6mtyvao53tuyukhoecn3rtdyy4ju534i,did:plc:5sx2q5i2ir46yjasaajkfqpz,maryleaworthy54.bsky.social,,
965ae8e86a4a437f98b2037e007f99de,2026-02-26T16:00:00Z,2026-02-26T16:15:59Z,auth,auth_enUS_labelerexp,at://did:plc:wzsilnxf24ehtmmc3gssy5bu/app.bsky.feed.generator/newskies,suggested_labelerexp,28,at://did:plc:cnm4zgk3j6mbk62xwb5kirlc/app.bsky.feed.post/3mfrl4h6eqs2i,bafyreid623jaifxrk33fkpdljrze5opfwyhw6lmiojtt7vuc762whe4bua,did:plc:cnm4zgk3j6mbk62xwb5kirlc,risol-mayo.bsky.social,,
965ae8e86a4a437f98b2037e007f99de,2026-02-26T16:00:00Z,2026-02-26T16:15:59Z,auth,auth_enUS_labelerexp,at://did:plc:wzsilnxf24ehtmmc3gssy5bu/app.bsky.feed.generator/newskies,suggested_labelerexp,29,at://did:plc:gjmm3eho5fzdbnv3y3wdxme3/app.bsky.feed.post/3mfrl3bz7zf2h,bafyreiggpnae7uaolktxc2yc4vgyk3inf2i7s35o2a23xstujgtbfyqqwa,did:plc:gjmm3eho5fzdbnv3y3wdxme3,gooddrone42.bsky.social,,
965ae8e86a4a437f98b2037e007f99de,2026-02-26T16:00:00Z,2026-02-26T16:15:59Z,auth,auth_enUS_labelerexp,at://did:plc:wzsilnxf24ehtmmc3gssy5bu/app.bsky.feed.generator/newskies,suggested_labelerexp,30,at://did:plc:hvylwfh3oiqj2v2wpx6pw46s/app.bsky.feed.post/3mfrl3klhfv2h,bafyreicsqpld2vfnfuk23cuxxgckabnjhs76lay4t23lwnwye5bazivmwi,did:plc:hvylwfh3oiqj2v2wpx6pw46s,metaka-fiction.bsky.social,,
965ae8e86a4a437f98b2037e007f99de,2026-02-26T16:00:00Z,2026-02-26T16:15:59Z,auth,auth_enUS_labelerexp,at://did:plc:wzsilnxf24ehtmmc3gssy5bu/app.bsky.feed.generator/newskies,suggested_labelerexp,31,at://did:plc:ibxlxbkf6xdukzw5wy7xvqc2/app.bsky.feed.post/3mfrl3burgs2y,bafyreiarh6o36bx55vuxwb52gaqvr4fmzbpfpthxnb6dayxlsh4ws4bimu,did:plc:ibxlxbkf6xdukzw5wy7xvqc2,teal4me.bsky.social,,
965ae8e86a4a437f98b2037e007f99de,2026-02-26T16:00:00Z,2026-02-26T16:15:59Z,auth,auth_enUS_labelerexp,at://did:plc:wzsilnxf24ehtmmc3gssy5bu/app.bsky.feed.generator/newskies,suggested_labelerexp,32,at://did:plc:6ho7b4wphi4jln6iphdzw2z7/app.bsky.feed.post/3mfrl3bxie22a,bafyreifn7kduyv4ytfs5ydbvtvtifkxzb7jznahv77lbxasuv2nemt2hny,did:plc:6ho7b4wphi4jln6iphdzw2z7,yougotru.bsky.social,,
965ae8e86a4a437f98b2037e007f99de,2026-02-26T16:00:00Z,2026-02-26T16:15:59Z,auth,auth_enUS_labelerexp,at://did:plc:wzsilnxf24ehtmmc3gssy5bu/app.bsky.feed.generator/newskies,suggested_labelerexp,33,at://did:plc:6timltowqssqzetwq3bfg4az/app.bsky.feed.post/3mfrl35xc7w2m,bafyreihi774atlbck5zenluwic333a4cw624u4xeh3ltzjrpldueuvycpi,did:plc:6timltowqssqzetwq3bfg4az,calebmartinez.bsky.social,,
965ae8e86a4a437f98b2037e007f99de,2026-02-26T16:00:00Z,2026-02-26T16:15:59Z,auth,auth_enUS_labelerexp,at://did:plc:wzsilnxf24ehtmmc3gssy5bu/app.bsky.feed.generator/newskies,suggested_labelerexp,34,at://did:plc:2xlyeozf247jvzwpanblhq2q/app.bsky.feed.post/3mfrl2itoof2m,bafyreia2fezhn25qqtnoscjitybn4ys2u5vyfdthckzsifob4gcb76dvfa,did:plc:2xlyeozf247jvzwpanblhq2q,jimmyvaughn.bsky.social,,
965ae8e86a4a437f98b2037e007f99de,2026-02-26T16:00:00Z,2026-02-26T16:15:59Z,auth,auth_enUS_labelerexp,at://did:plc:wzsilnxf24ehtmmc3gssy5bu/app.bsky.feed.generator/newskies,suggested_labelerexp,35,at://did:plc:3akmayud264a4ksjvbacz5ww/app.bsky.feed.post/3mfrl2ad22u2e,bafyreieaxgztjruwbzzckdu2ag74wuok7nmbtz5y3uac3lmnaec52ujeci,did:plc:3akmayud264a4ksjvbacz5ww,sophia5452.bsky.social,,
965ae8e86a4a437f98b2037e007f99de,2026-02-26T16:00:00Z,2026-02-26T16:15:59Z,auth,auth_enUS_labelerexp,at://did:plc:wzsilnxf24ehtmmc3gssy5bu/app.bsky.feed.generator/newskies,suggested_labelerexp,36,at://did:plc:5d7kta3p4xewpagq6utikpsk/app.bsky.feed.post/3mfrkywxy6c2v,bafyreigivzklpp7o5ob6lwlci6bh6ue6w3ualtxrxktzc3fxr53i5j55lq,did:plc:5d7kta3p4xewpagq6utikpsk,norisk-nofun.bsky.social,,
965ae8e86a4a437f98b2037e007f99de,2026-02-26T16:00:00Z,2026-02-26T16:15:59Z,auth,auth_enUS_labelerexp,at://did:plc:wzsilnxf24ehtmmc3gssy5bu/app.bsky.feed.generator/newskies,suggested_labelerexp,37,at://did:plc:dr5yprczv6khdtysv3rac4wr/app.bsky.feed.post/3mfrkyqeohc2z,bafyreibn5z7moalivzwkgxmj5zs7zuibmjsuvruvajgnpeotjaxzvswv7q,did:plc:dr5yprczv6khdtysv3rac4wr,public14159265.bsky.social,,
965ae8e86a4a437f98b2037e007f99de,2026-02-26T16:00:00Z,2026-02-26T16:15:59Z,auth,auth_enUS_labelerexp,at://did:plc:wzsilnxf24ehtmmc3gssy5bu/app.bsky.feed.generator/newskies,suggested_labelerexp,38,at://did:plc:vlke25p4hiiqieal3t6d275w/app.bsky.feed.post/3mfrky45w622f,bafyreiha3d67ct7w2ztg55pv3gaanhy724gzrj3mjn6yqjmstkxaamribe,did:plc:vlke25p4hiiqieal3t6d275w,rorira.bsky.social,,
965ae8e86a4a437f98b2037e007f99de,2026-02-26T16:00:00Z,2026-02-26T16:15:59Z,auth,auth_enUS_labelerexp,at://did:plc:wzsilnxf24ehtmmc3gssy5bu/app.bsky.feed.generator/newskies,suggested_labelerexp,39,at://did:plc:vysfwxmue7punquvds65a46d/app.bsky.feed.post/3mfrkxltr6k2g,bafyreidlpxtgbjgzfgnrvbiujhnoyu5vvkxcaxwg36nozchuoqggfha224,did:plc:vysfwxmue7punquvds65a46d,kanaris-fish.bsky.social,,
965ae8e86a4a437f98b2037e007f99de,2026-02-26T16:00:00Z,2026-02-26T16:15:59Z,auth,auth_enUS_labelerexp,at://did:plc:wzsilnxf24ehtmmc3gssy5bu/app.bsky.feed.generator/newskies,suggested_labelerexp,40,at://did:plc:dekmobvppljxe6smo5egcpp2/app.bsky.feed.post/3mfrkwilauv2g,bafyreibtm6juqprrn467eme3rycurdr673wox4vr7svzkgwqurrkzle7fq,did:plc:dekmobvppljxe6smo5egcpp2,josefsmetana.bsky.social,,
965ae8e86a4a437f98b2037e007f99de,2026-02-26T16:00:00Z,2026-02-26T16:15:59Z,auth,auth_enUS_labelerexp,at://did:plc:wzsilnxf24ehtmmc3gssy5bu/app.bsky.feed.generator/newskies,suggested_labelerexp,41,at://did:plc:552cval3tyopgbanoa6csecu/app.bsky.feed.post/3mfrkxc5mes2i,bafyreig5pifnxxsmpzahlyvkry5g3t6qmifnhace3jvbxt5sxxzweuq2gu,did:plc:552cval3tyopgbanoa6csecu,lambyskindom.bsky.social,,
965ae8e86a4a437f98b2037e007f99de,2026-02-26T16:00:00Z,2026-02-26T16:15:59Z,auth,auth_enUS_labelerexp,at://did:plc:wzsilnxf24ehtmmc3gssy5bu/app.bsky.feed.generator/newskies,suggested_labelerexp,42,at://did:plc:seru5aotsa5v46gnosqaxxce/app.bsky.feed.post/3mfrkwwyjmk24,bafyreibz3gwvja3raiawxw3yek5x5gpllblltc6huyc5wonkrrclfdbzta,did:plc:seru5aotsa5v46gnosqaxxce,glglgkgk10.bsky.social,,
965ae8e86a4a437f98b2037e007f99de,2026-02-26T16:00:00Z,2026-02-26T16:15:59Z,auth,auth_enUS_labelerexp,at://did:plc:wzsilnxf24ehtmmc3gssy5bu/app.bsky.feed.generator/newskies,suggested_labelerexp,43,at://did:plc:4lhnuuyjhoxxnhhhoxslmwzl/app.bsky.feed.post/3mfrkwm24q22t,bafyreigiu55hf5cd6ah7knz3pm5o4nxnlcalmcmdvt5ieetuuoeadlvxfe,did:plc:4lhnuuyjhoxxnhhhoxslmwzl,tcl-live.bsky.social,,
965ae8e86a4a437f98b2037e007f99de,2026-02-26T16:00:00Z,2026-02-26T16:15:59Z,auth,auth_enUS_labelerexp,at://did:plc:wzsilnxf24ehtmmc3gssy5bu/app.bsky.feed.generator/newskies,suggested_labelerexp,44,at://did:plc:4uuihz6rk3n76mgnqtgwh5ve/app.bsky.feed.post/3mfrkwenjgs2d,bafyreicnajhva5hpnzgmxkg2jc7e7xpln7uqizhcycpxyy3kyzkizw4exa,did:plc:4uuihz6rk3n76mgnqtgwh5ve,segawa-noso.bsky.social,,
965ae8e86a4a437f98b2037e007f99de,2026-02-26T16:00:00Z,2026-02-26T16:15:59Z,auth,auth_enUS_labelerexp,at://did:plc:wzsilnxf24ehtmmc3gssy5bu/app.bsky.feed.generator/newskies,suggested_labelerexp,45,at://did:plc:356srygckz2ookyg5gxsm26w/app.bsky.feed.post/3mfrkvrvhgt2i,bafyreiagi3wbw3h5w2h7us5mlelgnrpkwlw3feobv2frcbexhggzo6vduq,did:plc:356srygckz2ookyg5gxsm26w,kelvinford743.bsky.social,,
965ae8e86a4a437f98b2037e007f99de,2026-02-26T16:00:00Z,2026-02-26T16:15:59Z,auth,auth_enUS_labelerexp,at://did:plc:wzsilnxf24ehtmmc3gssy5bu/app.bsky.feed.generator/newskies,suggested_labelerexp,46,at://did:plc:mroc7evbzbauuhoupmx3fql2/app.bsky.feed.post/3mfrkur3mks2u,bafyreia3eixbrcd7226wru4wi3rumtfjytntyb3ufos4dtjh3727ka2564,did:plc:mroc7evbzbauuhoupmx3fql2,rexfromtherealmtg.bsky.social,,
965ae8e86a4a437f98b2037e007f99de,2026-02-26T16:00:00Z,2026-02-26T16:15:59Z,auth,auth_enUS_labelerexp,at://did:plc:wzsilnxf24ehtmmc3gssy5bu/app.bsky.feed.generator/newskies,suggested_labelerexp,47,at://did:plc:5ywfnabk5hkgll6m5y5mk532/app.bsky.feed.post/3mfrkufshwc2b,bafyreib3nmr3guhwizdhatglufjju7xnbylp6i33x5aglskz6igexcmyam,did:plc:5ywfnabk5hkgll6m5y5mk532,nach0supreme.bsky.social,,
965ae8e86a4a437f98b2037e007f99de,2026-02-26T16:00:00Z,2026-02-26T16:15:59Z,auth,auth_enUS_labelerexp,at://did:plc:wzsilnxf24ehtmmc3gssy5bu/app.bsky.feed.generator/newskies,suggested_labelerexp,48,at://did:plc:qykds3jrvaygac7kllwdsomq/app.bsky.feed.post/3mfrkudo7e222,bafyreiaxkevd7kch25xmtlbxspoijkzxjvzep3kq3vtf7d2zzhcm7re4mq,did:plc:qykds3jrvaygac7kllwdsomq,agremlin.bsky.social,,
965ae8e86a4a437f98b2037e007f99de,2026-02-26T16:00:00Z,2026-02-26T16:15:59Z,auth,auth_enUS_labelerexp,at://did:plc:wzsilnxf24ehtmmc3gssy5bu/app.bsky.feed.generator/newskies,suggested_labelerexp,49,at://did:plc:5txmw6lrpjgtqpuue6b4uzj3/app.bsky.feed.post/3mfrku7hwi42h,bafyreihzcaxgjspjfftjsecqxpjt2ojoui7j6wdldd4zcy2ymxaaz55bjy,did:plc:5txmw6lrpjgtqpuue6b4uzj3,deltonlayla.bsky.social,,
965ae8e86a4a437f98b2037e007f99de,2026-02-26T16:00:00Z,2026-02-26T16:15:59Z,auth,auth_enUS_labelerexp,at://did:plc:wzsilnxf24ehtmmc3gssy5bu/app.bsky.feed.generator/newskies,suggested_labelerexp,50,at://did:plc:ho6w42zyoteibox77egr777z/app.bsky.feed.post/3mfrktplf222u,bafyreign53oreshtgn7emrxzqxdlb55v3iufxo6uqbsjzpn6a5yexe6xcy,did:plc:ho6w42zyoteibox77egr777z,iksterb.bsky.social,,
