run_id,vantage_id,did,resolved_pds_host,resolution_method,did_doc_url,service_endpoint,error,captured_at_utc
fa14dd6c4e7c4eb7b14198248b2561eb,unauth,did:plc:2235hceapp64cpjpqp5sm5g7,https://lepista.us-west.host.bsky.network,plc_directory,https://plc.directory/did:plc:2235hceapp64cpjpqp5sm5g7,https://lepista.us-west.host.bsky.network,,2026-04-03T08:26:01Z
fa14dd6c4e7c4eb7b14198248b2561eb,unauth,did:plc:225lym7tbt3fwpbqb5jnwqud,https://agrocybe.us-west.host.bsky.network,plc_directory,https://plc.directory/did:plc:225lym7tbt3fwpbqb5jnwqud,https://agrocybe.us-west.host.bsky.network,,2026-04-03T08:26:02Z
fa14dd6c4e7c4eb7b14198248b2561eb,unauth,did:plc:247igq2dcmlallbqbfo3dxld,https://cremini.us-west.host.bsky.network,plc_directory,https://plc.directory/did:plc:247igq2dcmlallbqbfo3dxld,https://cremini.us-west.host.bsky.network,,2026-04-03T08:26:03Z
fa14dd6c4e7c4eb7b14198248b2561eb,unauth,did:plc:24fcc3vozndj6ezrrbugqxyg,https://button.us-west.host.bsky.network,plc_directory,https://plc.directory/did:plc:24fcc3vozndj6ezrrbugqxyg,https://button.us-west.host.bsky.network,,2026-04-03T08:26:06Z
fa14dd6c4e7c4eb7b14198248b2561eb,unauth,did:plc:24g6ocnctpcy3w3f2keckf52,https://fuzzyfoot.us-west.host.bsky.network,plc_directory,https://plc.directory/did:plc:24g6ocnctpcy3w3f2keckf52,https://fuzzyfoot.us-west.host.bsky.network,,2026-04-03T08:26:06Z
fa14dd6c4e7c4eb7b14198248b2561eb,unauth,did:plc:24jc6nqr3yf7phfbeav45mg5,https://agrocybe.us-west.host.bsky.network,plc_directory,https://plc.directory/did:plc:24jc6nqr3yf7phfbeav45mg5,https://agrocybe.us-west.host.bsky.network,,2026-04-03T08:26:07Z
fa14dd6c4e7c4eb7b14198248b2561eb,unauth,did:plc:254jp65z3ml5etk5kvpq52k5,https://scarletina.us-east.host.bsky.network,plc_directory,https://plc.directory/did:plc:254jp65z3ml5etk5kvpq52k5,https://scarletina.us-east.host.bsky.network,,2026-04-03T08:26:07Z
fa14dd6c4e7c4eb7b14198248b2561eb,unauth,did:plc:25fiyexghacidlp5zmjcjnau,https://bankera.us-west.host.bsky.network,plc_directory,https://plc.directory/did:plc:25fiyexghacidlp5zmjcjnau,https://bankera.us-west.host.bsky.network,,2026-04-03T08:26:08Z
fa14dd6c4e7c4eb7b14198248b2561eb,unauth,did:plc:26szsl4s2ltrijm67jxp65pl,https://morel.us-east.host.bsky.network,plc_directory,https://plc.directory/did:plc:26szsl4s2ltrijm67jxp65pl,https://morel.us-east.host.bsky.network,,2026-04-03T08:26:08Z
fa14dd6c4e7c4eb7b14198248b2561eb,unauth,did:plc:26zdhrsdizxafvrkfhx2piyy,https://inkcap.us-east.host.bsky.network,plc_directory,https://plc.directory/did:plc:26zdhrsdizxafvrkfhx2piyy,https://inkcap.us-east.host.bsky.network,,2026-04-03T08:26:08Z
fa14dd6c4e7c4eb7b14198248b2561eb,unauth,did:plc:27eelluttr4wulpfvj4ajwl3,https://morel.us-east.host.bsky.network,plc_directory,https://plc.directory/did:plc:27eelluttr4wulpfvj4ajwl3,https://morel.us-east.host.bsky.network,,2026-04-03T08:26:09Z
fa14dd6c4e7c4eb7b14198248b2561eb,unauth,did:plc:27fhpaiehqecyrkoaulrlbag,https://morel.us-east.host.bsky.network,plc_directory,https://plc.directory/did:plc:27fhpaiehqecyrkoaulrlbag,https://morel.us-east.host.bsky.network,,2026-04-03T08:26:09Z
fa14dd6c4e7c4eb7b14198248b2561eb,unauth,did:plc:27hycf6gn6sqgvjbkbu7kq2e,https://stropharia.us-west.host.bsky.network,plc_directory,https://plc.directory/did:plc:27hycf6gn6sqgvjbkbu7kq2e,https://stropharia.us-west.host.bsky.network,,2026-04-03T08:26:09Z
fa14dd6c4e7c4eb7b14198248b2561eb,unauth,did:plc:27qp2jlveak6xnmc7cyglcfa,https://morel.us-east.host.bsky.network,plc_directory,https://plc.directory/did:plc:27qp2jlveak6xnmc7cyglcfa,https://morel.us-east.host.bsky.network,,2026-04-03T08:26:10Z
fa14dd6c4e7c4eb7b14198248b2561eb,unauth,did:plc:27vokgskw7w3c42wykaqokpm,https://morel.us-east.host.bsky.network,plc_directory,https://plc.directory/did:plc:27vokgskw7w3c42wykaqokpm,https://morel.us-east.host.bsky.network,,2026-04-03T08:26:10Z
fa14dd6c4e7c4eb7b14198248b2561eb,unauth,did:plc:27yta3vtc6ff5vndgxw6yx7s,https://lobster.us-east.host.bsky.network,plc_directory,https://plc.directory/did:plc:27yta3vtc6ff5vndgxw6yx7s,https://lobster.us-east.host.bsky.network,,2026-04-03T08:26:10Z
fa14dd6c4e7c4eb7b14198248b2561eb,unauth,did:plc:2a4ishdeosg5gbk2udu5i4gt,https://morel.us-east.host.bsky.network,plc_directory,https://plc.directory/did:plc:2a4ishdeosg5gbk2udu5i4gt,https://morel.us-east.host.bsky.network,,2026-04-03T08:26:11Z
fa14dd6c4e7c4eb7b14198248b2561eb,unauth,did:plc:2asnikykl6ihfu5dpkmyidsi,https://chanterelle.us-west.host.bsky.network,plc_directory,https://plc.directory/did:plc:2asnikykl6ihfu5dpkmyidsi,https://chanterelle.us-west.host.bsky.network,,2026-04-03T08:26:11Z
fa14dd6c4e7c4eb7b14198248b2561eb,unauth,did:plc:2bgvlytoxjlaxvnmofevdi52,https://discina.us-west.host.bsky.network,plc_directory,https://plc.directory/did:plc:2bgvlytoxjlaxvnmofevdi52,https://discina.us-west.host.bsky.network,,2026-04-03T08:26:12Z
fa14dd6c4e7c4eb7b14198248b2561eb,unauth,did:plc:2bqqvvbljclouzkz5r3oq36o,https://chanterelle.us-west.host.bsky.network,plc_directory,https://plc.directory/did:plc:2bqqvvbljclouzkz5r3oq36o,https://chanterelle.us-west.host.bsky.network,,2026-04-03T08:26:12Z
fa14dd6c4e7c4eb7b14198248b2561eb,unauth,did:plc:2c7driqkskr5xdf6pmg5dwya,https://puffball.us-east.host.bsky.network,plc_directory,https://plc.directory/did:plc:2c7driqkskr5xdf6pmg5dwya,https://puffball.us-east.host.bsky.network,,2026-04-03T08:26:13Z
fa14dd6c4e7c4eb7b14198248b2561eb,unauth,did:plc:2cqz73rvjzeuq3kdlicq4zxq,https://pioppino.us-west.host.bsky.network,plc_directory,https://plc.directory/did:plc:2cqz73rvjzeuq3kdlicq4zxq,https://pioppino.us-west.host.bsky.network,,2026-04-03T08:26:13Z
fa14dd6c4e7c4eb7b14198248b2561eb,unauth,did:plc:2dozc4lhicvbmpsbxnicvdpj,https://morel.us-east.host.bsky.network,plc_directory,https://plc.directory/did:plc:2dozc4lhicvbmpsbxnicvdpj,https://morel.us-east.host.bsky.network,,2026-04-03T08:26:13Z
fa14dd6c4e7c4eb7b14198248b2561eb,unauth,did:plc:2dwo6z7vorrvlxsf7km362dd,https://jellybaby.us-east.host.bsky.network,plc_directory,https://plc.directory/did:plc:2dwo6z7vorrvlxsf7km362dd,https://jellybaby.us-east.host.bsky.network,,2026-04-03T08:26:14Z
fa14dd6c4e7c4eb7b14198248b2561eb,unauth,did:plc:2dxfjz7gh5zd36lnvmpphola,https://elfcup.us-east.host.bsky.network,plc_directory,https://plc.directory/did:plc:2dxfjz7gh5zd36lnvmpphola,https://elfcup.us-east.host.bsky.network,,2026-04-03T08:26:14Z
fa14dd6c4e7c4eb7b14198248b2561eb,unauth,did:plc:2enagosp6gm3bg34y67lt34t,https://morel.us-east.host.bsky.network,plc_directory,https://plc.directory/did:plc:2enagosp6gm3bg34y67lt34t,https://morel.us-east.host.bsky.network,,2026-04-03T08:26:14Z
fa14dd6c4e7c4eb7b14198248b2561eb,unauth,did:plc:2etgbwm2s6glwadvacxclucn,https://morel.us-east.host.bsky.network,plc_directory,https://plc.directory/did:plc:2etgbwm2s6glwadvacxclucn,https://morel.us-east.host.bsky.network,,2026-04-03T08:26:14Z
fa14dd6c4e7c4eb7b14198248b2561eb,unauth,did:plc:2fahvrybjftz7lbttsigjdsp,https://morel.us-east.host.bsky.network,plc_directory,https://plc.directory/did:plc:2fahvrybjftz7lbttsigjdsp,https://morel.us-east.host.bsky.network,,2026-04-03T08:26:15Z
fa14dd6c4e7c4eb7b14198248b2561eb,unauth,did:plc:2fjhikcei3dugdzhgfuae35z,https://goldenear.us-west.host.bsky.network,plc_directory,https://plc.directory/did:plc:2fjhikcei3dugdzhgfuae35z,https://goldenear.us-west.host.bsky.network,,2026-04-03T08:26:15Z
fa14dd6c4e7c4eb7b14198248b2561eb,unauth,did:plc:2fkaisiipud5or47pprk7aru,https://cortinarius.us-west.host.bsky.network,plc_directory,https://plc.directory/did:plc:2fkaisiipud5or47pprk7aru,https://cortinarius.us-west.host.bsky.network,,2026-04-03T08:26:16Z
fa14dd6c4e7c4eb7b14198248b2561eb,unauth,did:plc:2fnj5z3qpwwcauwq76wkmhm2,https://jellybaby.us-east.host.bsky.network,plc_directory,https://plc.directory/did:plc:2fnj5z3qpwwcauwq76wkmhm2,https://jellybaby.us-east.host.bsky.network,,2026-04-03T08:26:16Z
fa14dd6c4e7c4eb7b14198248b2561eb,unauth,did:plc:2fwtbaevil5elglqawia2cpw,https://morel.us-east.host.bsky.network,plc_directory,https://plc.directory/did:plc:2fwtbaevil5elglqawia2cpw,https://morel.us-east.host.bsky.network,,2026-04-03T08:26:17Z
fa14dd6c4e7c4eb7b14198248b2561eb,unauth,did:plc:2gx2noukxzwmj6dkxbmh3qt5,https://morel.us-east.host.bsky.network,plc_directory,https://plc.directory/did:plc:2gx2noukxzwmj6dkxbmh3qt5,https://morel.us-east.host.bsky.network,,2026-04-03T08:26:17Z
fa14dd6c4e7c4eb7b14198248b2561eb,unauth,did:plc:2gydz7pmbvdqqrfkofcerm3r,https://enoki.us-east.host.bsky.network,plc_directory,https://plc.directory/did:plc:2gydz7pmbvdqqrfkofcerm3r,https://enoki.us-east.host.bsky.network,,2026-04-03T08:26:17Z
fa14dd6c4e7c4eb7b14198248b2561eb,unauth,did:plc:2hwwem55ce6djnk6bn62cstr,https://morel.us-east.host.bsky.network,plc_directory,https://plc.directory/did:plc:2hwwem55ce6djnk6bn62cstr,https://morel.us-east.host.bsky.network,,2026-04-03T08:26:17Z
fa14dd6c4e7c4eb7b14198248b2561eb,unauth,did:plc:2iyfxldujafigjpfyzwykvhi,https://boletus.us-west.host.bsky.network,plc_directory,https://plc.directory/did:plc:2iyfxldujafigjpfyzwykvhi,https://boletus.us-west.host.bsky.network,,2026-04-03T08:26:18Z
fa14dd6c4e7c4eb7b14198248b2561eb,unauth,did:plc:2lapejuqmdwkfr77i2xwkybe,https://phellinus.us-west.host.bsky.network,plc_directory,https://plc.directory/did:plc:2lapejuqmdwkfr77i2xwkybe,https://phellinus.us-west.host.bsky.network,,2026-04-03T08:26:19Z
fa14dd6c4e7c4eb7b14198248b2561eb,unauth,did:plc:2lemmmczejwp4gqgkwj3hb2w,https://fuzzyfoot.us-west.host.bsky.network,plc_directory,https://plc.directory/did:plc:2lemmmczejwp4gqgkwj3hb2w,https://fuzzyfoot.us-west.host.bsky.network,,2026-04-03T08:26:19Z
fa14dd6c4e7c4eb7b14198248b2561eb,unauth,did:plc:2lxwvzmftcmbclfhkc5pcyvd,https://lepista.us-west.host.bsky.network,plc_directory,https://plc.directory/did:plc:2lxwvzmftcmbclfhkc5pcyvd,https://lepista.us-west.host.bsky.network,,2026-04-03T08:26:20Z
fa14dd6c4e7c4eb7b14198248b2561eb,unauth,did:plc:2n67y4ygoid7nwmv6ztxboeq,https://morel.us-east.host.bsky.network,plc_directory,https://plc.directory/did:plc:2n67y4ygoid7nwmv6ztxboeq,https://morel.us-east.host.bsky.network,,2026-04-03T08:26:21Z
fa14dd6c4e7c4eb7b14198248b2561eb,unauth,did:plc:2nixn6wgg7xobpxsc2q4rofb,https://truffle.us-east.host.bsky.network,plc_directory,https://plc.directory/did:plc:2nixn6wgg7xobpxsc2q4rofb,https://truffle.us-east.host.bsky.network,,2026-04-03T08:26:21Z
fa14dd6c4e7c4eb7b14198248b2561eb,unauth,did:plc:2o2a2o64ifzbxlxvi4zp6azr,https://scalycap.us-west.host.bsky.network,plc_directory,https://plc.directory/did:plc:2o2a2o64ifzbxlxvi4zp6azr,https://scalycap.us-west.host.bsky.network,,2026-04-03T08:26:21Z
fa14dd6c4e7c4eb7b14198248b2561eb,unauth,did:plc:2o75sknopij4cxt5jhg3t46c,https://morel.us-east.host.bsky.network,plc_directory,https://plc.directory/did:plc:2o75sknopij4cxt5jhg3t46c,https://morel.us-east.host.bsky.network,,2026-04-03T08:26:22Z
fa14dd6c4e7c4eb7b14198248b2561eb,unauth,did:plc:2peqkpgiu446bcxsk6zhgyyb,https://morel.us-east.host.bsky.network,plc_directory,https://plc.directory/did:plc:2peqkpgiu446bcxsk6zhgyyb,https://morel.us-east.host.bsky.network,,2026-04-03T08:26:22Z
fa14dd6c4e7c4eb7b14198248b2561eb,unauth,did:plc:2pg7rfl24ufteqysij4x7qnt,https://morel.us-east.host.bsky.network,plc_directory,https://plc.directory/did:plc:2pg7rfl24ufteqysij4x7qnt,https://morel.us-east.host.bsky.network,,2026-04-03T08:26:23Z
fa14dd6c4e7c4eb7b14198248b2561eb,unauth,did:plc:2psr75aywbo4zwx5ybdoxnnd,https://jellybaby.us-east.host.bsky.network,plc_directory,https://plc.directory/did:plc:2psr75aywbo4zwx5ybdoxnnd,https://jellybaby.us-east.host.bsky.network,,2026-04-03T08:26:23Z
fa14dd6c4e7c4eb7b14198248b2561eb,unauth,did:plc:2ptxmpxhobt27ag2x6ksr5pn,https://fibercap.us-west.host.bsky.network,plc_directory,https://plc.directory/did:plc:2ptxmpxhobt27ag2x6ksr5pn,https://fibercap.us-west.host.bsky.network,,2026-04-03T08:26:23Z
fa14dd6c4e7c4eb7b14198248b2561eb,unauth,did:plc:2qsyy77e6pjl3pg4ywpkzjsn,https://morel.us-east.host.bsky.network,plc_directory,https://plc.directory/did:plc:2qsyy77e6pjl3pg4ywpkzjsn,https://morel.us-east.host.bsky.network,,2026-04-03T08:26:24Z
fa14dd6c4e7c4eb7b14198248b2561eb,unauth,did:plc:2rg6cywuipcq5xtkaj76pkef,https://stinkhorn.us-west.host.bsky.network,plc_directory,https://plc.directory/did:plc:2rg6cywuipcq5xtkaj76pkef,https://stinkhorn.us-west.host.bsky.network,,2026-04-03T08:26:24Z
fa14dd6c4e7c4eb7b14198248b2561eb,unauth,did:plc:2rwodl3act6ty2ozzmusstmr,https://morel.us-east.host.bsky.network,plc_directory,https://plc.directory/did:plc:2rwodl3act6ty2ozzmusstmr,https://morel.us-east.host.bsky.network,,2026-04-03T08:26:25Z
fa14dd6c4e7c4eb7b14198248b2561eb,unauth,did:plc:2s3uilffsnvm3cg2flvj7etu,https://magic.us-west.host.bsky.network,plc_directory,https://plc.directory/did:plc:2s3uilffsnvm3cg2flvj7etu,https://magic.us-west.host.bsky.network,,2026-04-03T08:26:25Z
fa14dd6c4e7c4eb7b14198248b2561eb,unauth,did:plc:2sb762lmhdu3uwvauzteif6k,https://auriporia.us-west.host.bsky.network,plc_directory,https://plc.directory/did:plc:2sb762lmhdu3uwvauzteif6k,https://auriporia.us-west.host.bsky.network,,2026-04-03T08:26:26Z
fa14dd6c4e7c4eb7b14198248b2561eb,unauth,did:plc:2szilkuqonmastk6gt3ny6xd,https://phellinus.us-west.host.bsky.network,plc_directory,https://plc.directory/did:plc:2szilkuqonmastk6gt3ny6xd,https://phellinus.us-west.host.bsky.network,,2026-04-03T08:26:26Z
fa14dd6c4e7c4eb7b14198248b2561eb,unauth,did:plc:2tdgzwjdfgomblcjywnis6ab,https://morel.us-east.host.bsky.network,plc_directory,https://plc.directory/did:plc:2tdgzwjdfgomblcjywnis6ab,https://morel.us-east.host.bsky.network,,2026-04-03T08:26:27Z
fa14dd6c4e7c4eb7b14198248b2561eb,unauth,did:plc:2tonx7ffgyqns4kuimksa2wj,https://cordyceps.us-west.host.bsky.network,plc_directory,https://plc.directory/did:plc:2tonx7ffgyqns4kuimksa2wj,https://cordyceps.us-west.host.bsky.network,,2026-04-03T08:26:29Z
fa14dd6c4e7c4eb7b14198248b2561eb,unauth,did:plc:2umxd5fmuaytudpnroybmkv7,https://ganoderma.us-west.host.bsky.network,plc_directory,https://plc.directory/did:plc:2umxd5fmuaytudpnroybmkv7,https://ganoderma.us-west.host.bsky.network,,2026-04-03T08:26:30Z
fa14dd6c4e7c4eb7b14198248b2561eb,unauth,did:plc:2ur72e2u3aeeabrehyu3pyvu,https://jellybaby.us-east.host.bsky.network,plc_directory,https://plc.directory/did:plc:2ur72e2u3aeeabrehyu3pyvu,https://jellybaby.us-east.host.bsky.network,,2026-04-03T08:26:31Z
fa14dd6c4e7c4eb7b14198248b2561eb,unauth,did:plc:2uyd2kta6txiw5wugweuphhf,https://stropharia.us-west.host.bsky.network,plc_directory,https://plc.directory/did:plc:2uyd2kta6txiw5wugweuphhf,https://stropharia.us-west.host.bsky.network,,2026-04-03T08:26:31Z
fa14dd6c4e7c4eb7b14198248b2561eb,unauth,did:plc:2vftgrj7mnkm4fi66joa2oz4,https://conocybe.us-west.host.bsky.network,plc_directory,https://plc.directory/did:plc:2vftgrj7mnkm4fi66joa2oz4,https://conocybe.us-west.host.bsky.network,,2026-04-03T08:26:32Z
fa14dd6c4e7c4eb7b14198248b2561eb,unauth,did:plc:2vqew6wgcekz2aokapnfjskw,https://leccinum.us-west.host.bsky.network,plc_directory,https://plc.directory/did:plc:2vqew6wgcekz2aokapnfjskw,https://leccinum.us-west.host.bsky.network,,2026-04-03T08:26:32Z
fa14dd6c4e7c4eb7b14198248b2561eb,unauth,did:plc:2vu3a22dpcnjcufnmtnl62vr,https://morel.us-east.host.bsky.network,plc_directory,https://plc.directory/did:plc:2vu3a22dpcnjcufnmtnl62vr,https://morel.us-east.host.bsky.network,,2026-04-03T08:26:33Z
fa14dd6c4e7c4eb7b14198248b2561eb,unauth,did:plc:2xmyrlbajfevm6xebndvbyu4,https://morel.us-east.host.bsky.network,plc_directory,https://plc.directory/did:plc:2xmyrlbajfevm6xebndvbyu4,https://morel.us-east.host.bsky.network,,2026-04-03T08:26:33Z
fa14dd6c4e7c4eb7b14198248b2561eb,unauth,did:plc:2yseyilhoadrgyj7laok7n5v,https://porcini.us-east.host.bsky.network,plc_directory,https://plc.directory/did:plc:2yseyilhoadrgyj7laok7n5v,https://porcini.us-east.host.bsky.network,,2026-04-03T08:26:33Z
fa14dd6c4e7c4eb7b14198248b2561eb,unauth,did:plc:2z465iz2pndrcdbhbrhfbmmu,https://meadow.us-east.host.bsky.network,plc_directory,https://plc.directory/did:plc:2z465iz2pndrcdbhbrhfbmmu,https://meadow.us-east.host.bsky.network,,2026-04-03T08:26:34Z
fa14dd6c4e7c4eb7b14198248b2561eb,unauth,did:plc:2z6k6rugxebs4uk4npf3kzir,https://waxcap.us-west.host.bsky.network,plc_directory,https://plc.directory/did:plc:2z6k6rugxebs4uk4npf3kzir,https://waxcap.us-west.host.bsky.network,,2026-04-03T08:26:34Z
fa14dd6c4e7c4eb7b14198248b2561eb,unauth,did:plc:2zxlmj2dvub7smpul2lvwqfk,https://eurosky.social,plc_directory,https://plc.directory/did:plc:2zxlmj2dvub7smpul2lvwqfk,https://eurosky.social,,2026-04-03T08:26:35Z
fa14dd6c4e7c4eb7b14198248b2561eb,unauth,did:plc:32k7yghbibssw752q5tr2bph,https://scarletina.us-east.host.bsky.network,plc_directory,https://plc.directory/did:plc:32k7yghbibssw752q5tr2bph,https://scarletina.us-east.host.bsky.network,,2026-04-03T08:26:36Z
fa14dd6c4e7c4eb7b14198248b2561eb,unauth,did:plc:32rgcifgpxwtyo5zya2cfkbi,https://matsutake.us-west.host.bsky.network,plc_directory,https://plc.directory/did:plc:32rgcifgpxwtyo5zya2cfkbi,https://matsutake.us-west.host.bsky.network,,2026-04-03T08:26:36Z
fa14dd6c4e7c4eb7b14198248b2561eb,unauth,did:plc:332buyuf5apjnt42ucsu3dbq,https://morel.us-east.host.bsky.network,plc_directory,https://plc.directory/did:plc:332buyuf5apjnt42ucsu3dbq,https://morel.us-east.host.bsky.network,,2026-04-03T08:26:37Z
fa14dd6c4e7c4eb7b14198248b2561eb,unauth,did:plc:336qirp5agd3agd7u4uynocv,https://maitake.us-west.host.bsky.network,plc_directory,https://plc.directory/did:plc:336qirp5agd3agd7u4uynocv,https://maitake.us-west.host.bsky.network,,2026-04-03T08:26:37Z
fa14dd6c4e7c4eb7b14198248b2561eb,unauth,did:plc:34bgcr5z3jev67b6fpisfcoh,https://morel.us-east.host.bsky.network,plc_directory,https://plc.directory/did:plc:34bgcr5z3jev67b6fpisfcoh,https://morel.us-east.host.bsky.network,,2026-04-03T08:26:37Z
fa14dd6c4e7c4eb7b14198248b2561eb,unauth,did:plc:35muwpj5illbauceqqjhsnkm,https://morel.us-east.host.bsky.network,plc_directory,https://plc.directory/did:plc:35muwpj5illbauceqqjhsnkm,https://morel.us-east.host.bsky.network,,2026-04-03T08:26:38Z
fa14dd6c4e7c4eb7b14198248b2561eb,unauth,did:plc:36c77e7uayyvizwr27rxab34,https://milkcap.us-west.host.bsky.network,plc_directory,https://plc.directory/did:plc:36c77e7uayyvizwr27rxab34,https://milkcap.us-west.host.bsky.network,,2026-04-03T08:26:38Z
fa14dd6c4e7c4eb7b14198248b2561eb,unauth,did:plc:36cskfozr6nyzg256r5dt7ra,https://ganoderma.us-west.host.bsky.network,plc_directory,https://plc.directory/did:plc:36cskfozr6nyzg256r5dt7ra,https://ganoderma.us-west.host.bsky.network,,2026-04-03T08:26:38Z
fa14dd6c4e7c4eb7b14198248b2561eb,unauth,did:plc:36vnmwegtl3ifhxvirtjuosf,https://morel.us-east.host.bsky.network,plc_directory,https://plc.directory/did:plc:36vnmwegtl3ifhxvirtjuosf,https://morel.us-east.host.bsky.network,,2026-04-03T08:26:39Z
fa14dd6c4e7c4eb7b14198248b2561eb,unauth,did:plc:3a7nbvxpgnfqzvv4e4ymwze5,https://conocybe.us-west.host.bsky.network,plc_directory,https://plc.directory/did:plc:3a7nbvxpgnfqzvv4e4ymwze5,https://conocybe.us-west.host.bsky.network,,2026-04-03T08:26:39Z
fa14dd6c4e7c4eb7b14198248b2561eb,unauth,did:plc:3bcpwmooej26k52xvsj4izaq,https://fibercap.us-west.host.bsky.network,plc_directory,https://plc.directory/did:plc:3bcpwmooej26k52xvsj4izaq,https://fibercap.us-west.host.bsky.network,,2026-04-03T08:26:40Z
fa14dd6c4e7c4eb7b14198248b2561eb,unauth,did:plc:3biltzpfmxxlfoov6nco3il2,https://cremini.us-west.host.bsky.network,plc_directory,https://plc.directory/did:plc:3biltzpfmxxlfoov6nco3il2,https://cremini.us-west.host.bsky.network,,2026-04-03T08:26:41Z
fa14dd6c4e7c4eb7b14198248b2561eb,unauth,did:plc:3blfou7oqxfwjml5yhffcv5a,https://shaggymane.us-west.host.bsky.network,plc_directory,https://plc.directory/did:plc:3blfou7oqxfwjml5yhffcv5a,https://shaggymane.us-west.host.bsky.network,,2026-04-03T08:26:41Z
fa14dd6c4e7c4eb7b14198248b2561eb,unauth,did:plc:3bw57iumda27hdcgsmhuirff,https://morel.us-east.host.bsky.network,plc_directory,https://plc.directory/did:plc:3bw57iumda27hdcgsmhuirff,https://morel.us-east.host.bsky.network,,2026-04-03T08:26:42Z
fa14dd6c4e7c4eb7b14198248b2561eb,unauth,did:plc:3cjdxth2gl5fh7jearuewu5u,https://cortinarius.us-west.host.bsky.network,plc_directory,https://plc.directory/did:plc:3cjdxth2gl5fh7jearuewu5u,https://cortinarius.us-west.host.bsky.network,,2026-04-03T08:26:42Z
fa14dd6c4e7c4eb7b14198248b2561eb,unauth,did:plc:3cqyyjjd65ac4x2vouidycez,https://morel.us-east.host.bsky.network,plc_directory,https://plc.directory/did:plc:3cqyyjjd65ac4x2vouidycez,https://morel.us-east.host.bsky.network,,2026-04-03T08:26:42Z
fa14dd6c4e7c4eb7b14198248b2561eb,unauth,did:plc:3dcfhbtgr2n5zpzzxwdm5nww,https://calocybe.us-west.host.bsky.network,plc_directory,https://plc.directory/did:plc:3dcfhbtgr2n5zpzzxwdm5nww,https://calocybe.us-west.host.bsky.network,,2026-04-03T08:26:43Z
fa14dd6c4e7c4eb7b14198248b2561eb,unauth,did:plc:3dloahbey6emfs6qb4gymwzy,https://morel.us-east.host.bsky.network,plc_directory,https://plc.directory/did:plc:3dloahbey6emfs6qb4gymwzy,https://morel.us-east.host.bsky.network,,2026-04-03T08:26:43Z
fa14dd6c4e7c4eb7b14198248b2561eb,unauth,did:plc:3dvtf3eenzeytmx6byvso446,https://jellybaby.us-east.host.bsky.network,plc_directory,https://plc.directory/did:plc:3dvtf3eenzeytmx6byvso446,https://jellybaby.us-east.host.bsky.network,,2026-04-03T08:26:43Z
fa14dd6c4e7c4eb7b14198248b2561eb,unauth,did:plc:3dwn5oeprfb3lvrlwul5btnc,https://morel.us-east.host.bsky.network,plc_directory,https://plc.directory/did:plc:3dwn5oeprfb3lvrlwul5btnc,https://morel.us-east.host.bsky.network,,2026-04-03T08:26:44Z
fa14dd6c4e7c4eb7b14198248b2561eb,unauth,did:plc:3fnk2ogl2npcynjwjg7lve5k,https://button.us-west.host.bsky.network,plc_directory,https://plc.directory/did:plc:3fnk2ogl2npcynjwjg7lve5k,https://button.us-west.host.bsky.network,,2026-04-03T08:26:44Z
fa14dd6c4e7c4eb7b14198248b2561eb,unauth,did:plc:3fudbpz7kzlgjkkggiyc4qgh,https://ganoderma.us-west.host.bsky.network,plc_directory,https://plc.directory/did:plc:3fudbpz7kzlgjkkggiyc4qgh,https://ganoderma.us-west.host.bsky.network,,2026-04-03T08:26:45Z
fa14dd6c4e7c4eb7b14198248b2561eb,unauth,did:plc:3h367xd76nbukfe6m6xwc6zb,https://morel.us-east.host.bsky.network,plc_directory,https://plc.directory/did:plc:3h367xd76nbukfe6m6xwc6zb,https://morel.us-east.host.bsky.network,,2026-04-03T08:26:45Z
fa14dd6c4e7c4eb7b14198248b2561eb,unauth,did:plc:3h3xa6om6qbldrmtgh5b4zlv,https://entoloma.us-west.host.bsky.network,plc_directory,https://plc.directory/did:plc:3h3xa6om6qbldrmtgh5b4zlv,https://entoloma.us-west.host.bsky.network,,2026-04-03T08:26:45Z
fa14dd6c4e7c4eb7b14198248b2561eb,unauth,did:plc:3h4bta522jl76ycizzhsvnsh,https://shimeji.us-east.host.bsky.network,plc_directory,https://plc.directory/did:plc:3h4bta522jl76ycizzhsvnsh,https://shimeji.us-east.host.bsky.network,,2026-04-03T08:26:46Z
fa14dd6c4e7c4eb7b14198248b2561eb,unauth,did:plc:3hmjti5v2dblbkihzmwxirmr,https://inkcap.us-east.host.bsky.network,plc_directory,https://plc.directory/did:plc:3hmjti5v2dblbkihzmwxirmr,https://inkcap.us-east.host.bsky.network,,2026-04-03T08:26:46Z
fa14dd6c4e7c4eb7b14198248b2561eb,unauth,did:plc:3hobanskbysw7wvz2zgpvnco,https://morel.us-east.host.bsky.network,plc_directory,https://plc.directory/did:plc:3hobanskbysw7wvz2zgpvnco,https://morel.us-east.host.bsky.network,,2026-04-03T08:26:46Z
fa14dd6c4e7c4eb7b14198248b2561eb,unauth,did:plc:3j4pib2lgdi6lh4t56vrod5o,https://psathyrella.us-west.host.bsky.network,plc_directory,https://plc.directory/did:plc:3j4pib2lgdi6lh4t56vrod5o,https://psathyrella.us-west.host.bsky.network,,2026-04-03T08:26:47Z
fa14dd6c4e7c4eb7b14198248b2561eb,unauth,did:plc:3jm5ytggtw5r6aopqp2gxzjh,https://shiitake.us-east.host.bsky.network,plc_directory,https://plc.directory/did:plc:3jm5ytggtw5r6aopqp2gxzjh,https://shiitake.us-east.host.bsky.network,,2026-04-03T08:26:47Z
fa14dd6c4e7c4eb7b14198248b2561eb,unauth,did:plc:3jtbamoisvlkxziaozmjqc43,https://calocybe.us-west.host.bsky.network,plc_directory,https://plc.directory/did:plc:3jtbamoisvlkxziaozmjqc43,https://calocybe.us-west.host.bsky.network,,2026-04-03T08:26:48Z
fa14dd6c4e7c4eb7b14198248b2561eb,unauth,did:plc:3jtgdpwv3sywqyiulfgbaggn,https://morel.us-east.host.bsky.network,plc_directory,https://plc.directory/did:plc:3jtgdpwv3sywqyiulfgbaggn,https://morel.us-east.host.bsky.network,,2026-04-03T08:26:48Z
fa14dd6c4e7c4eb7b14198248b2561eb,unauth,did:plc:3k3rpwjc7l5cbeo3y6gwqpjv,https://meadow.us-east.host.bsky.network,plc_directory,https://plc.directory/did:plc:3k3rpwjc7l5cbeo3y6gwqpjv,https://meadow.us-east.host.bsky.network,,2026-04-03T08:26:48Z
fa14dd6c4e7c4eb7b14198248b2561eb,unauth,did:plc:3k6l2j5cvfuqvotjhfysegc7,https://morel.us-east.host.bsky.network,plc_directory,https://plc.directory/did:plc:3k6l2j5cvfuqvotjhfysegc7,https://morel.us-east.host.bsky.network,,2026-04-03T08:26:49Z
fa14dd6c4e7c4eb7b14198248b2561eb,unauth,did:plc:3kdg2j7jyeqbuz2bqil4q5tg,https://yellowfoot.us-west.host.bsky.network,plc_directory,https://plc.directory/did:plc:3kdg2j7jyeqbuz2bqil4q5tg,https://yellowfoot.us-west.host.bsky.network,,2026-04-03T08:26:49Z
fa14dd6c4e7c4eb7b14198248b2561eb,unauth,did:plc:3m7moav33wyq26aeoq2osys2,https://morel.us-east.host.bsky.network,plc_directory,https://plc.directory/did:plc:3m7moav33wyq26aeoq2osys2,https://morel.us-east.host.bsky.network,,2026-04-03T08:26:49Z
fa14dd6c4e7c4eb7b14198248b2561eb,unauth,did:plc:3nuokkdtdi76cdbfkxa7dzzf,https://lobster.us-east.host.bsky.network,plc_directory,https://plc.directory/did:plc:3nuokkdtdi76cdbfkxa7dzzf,https://lobster.us-east.host.bsky.network,,2026-04-03T08:26:50Z
fa14dd6c4e7c4eb7b14198248b2561eb,unauth,did:plc:3oo26inofqyvj335depmr4dh,https://morel.us-east.host.bsky.network,plc_directory,https://plc.directory/did:plc:3oo26inofqyvj335depmr4dh,https://morel.us-east.host.bsky.network,,2026-04-03T08:26:50Z
fa14dd6c4e7c4eb7b14198248b2561eb,unauth,did:plc:3pbtkzn25zy5tsyxygjj5ckg,https://morel.us-east.host.bsky.network,plc_directory,https://plc.directory/did:plc:3pbtkzn25zy5tsyxygjj5ckg,https://morel.us-east.host.bsky.network,,2026-04-03T08:26:50Z
fa14dd6c4e7c4eb7b14198248b2561eb,unauth,did:plc:3qenx4minw3evdg56l3jdenf,https://button.us-west.host.bsky.network,plc_directory,https://plc.directory/did:plc:3qenx4minw3evdg56l3jdenf,https://button.us-west.host.bsky.network,,2026-04-03T08:26:50Z
fa14dd6c4e7c4eb7b14198248b2561eb,unauth,did:plc:3r7fq2c75wnwn3pmdysbp4qz,https://shiitake.us-east.host.bsky.network,plc_directory,https://plc.directory/did:plc:3r7fq2c75wnwn3pmdysbp4qz,https://shiitake.us-east.host.bsky.network,,2026-04-03T08:26:51Z
fa14dd6c4e7c4eb7b14198248b2561eb,unauth,did:plc:3rslglrz5mcgzw6tccvlgqlq,https://puffball.us-east.host.bsky.network,plc_directory,https://plc.directory/did:plc:3rslglrz5mcgzw6tccvlgqlq,https://puffball.us-east.host.bsky.network,,2026-04-03T08:26:51Z
fa14dd6c4e7c4eb7b14198248b2561eb,unauth,did:plc:3rsychoejxqrkaocisxfsjd7,https://mazegill.us-west.host.bsky.network,plc_directory,https://plc.directory/did:plc:3rsychoejxqrkaocisxfsjd7,https://mazegill.us-west.host.bsky.network,,2026-04-03T08:26:51Z
fa14dd6c4e7c4eb7b14198248b2561eb,unauth,did:plc:3scykkrfdoslqszmrxmqcrq2,https://cremini.us-west.host.bsky.network,plc_directory,https://plc.directory/did:plc:3scykkrfdoslqszmrxmqcrq2,https://cremini.us-west.host.bsky.network,,2026-04-03T08:26:52Z
fa14dd6c4e7c4eb7b14198248b2561eb,unauth,did:plc:3shho4nnia5eq4khwfp2szpb,https://phellinus.us-west.host.bsky.network,plc_directory,https://plc.directory/did:plc:3shho4nnia5eq4khwfp2szpb,https://phellinus.us-west.host.bsky.network,,2026-04-03T08:26:52Z
fa14dd6c4e7c4eb7b14198248b2561eb,unauth,did:plc:3spsf4nescbhbxabmcsericl,https://boletus.us-west.host.bsky.network,plc_directory,https://plc.directory/did:plc:3spsf4nescbhbxabmcsericl,https://boletus.us-west.host.bsky.network,,2026-04-03T08:26:53Z
fa14dd6c4e7c4eb7b14198248b2561eb,unauth,did:plc:3t6t4btpxcvz4fzqjwdk6ola,https://puffball.us-east.host.bsky.network,plc_directory,https://plc.directory/did:plc:3t6t4btpxcvz4fzqjwdk6ola,https://puffball.us-east.host.bsky.network,,2026-04-03T08:26:54Z
fa14dd6c4e7c4eb7b14198248b2561eb,unauth,did:plc:3tj4hrybosemdyn2cifqxelp,https://stropharia.us-west.host.bsky.network,plc_directory,https://plc.directory/did:plc:3tj4hrybosemdyn2cifqxelp,https://stropharia.us-west.host.bsky.network,,2026-04-03T08:26:54Z
fa14dd6c4e7c4eb7b14198248b2561eb,unauth,did:plc:3tjx4b4njb4ons53kz5irgij,https://rooter.us-west.host.bsky.network,plc_directory,https://plc.directory/did:plc:3tjx4b4njb4ons53kz5irgij,https://rooter.us-west.host.bsky.network,,2026-04-03T08:26:55Z
fa14dd6c4e7c4eb7b14198248b2561eb,unauth,did:plc:3uegoq5262fhatqzgan4gcvl,https://entoloma.us-west.host.bsky.network,plc_directory,https://plc.directory/did:plc:3uegoq5262fhatqzgan4gcvl,https://entoloma.us-west.host.bsky.network,,2026-04-03T08:26:56Z
fa14dd6c4e7c4eb7b14198248b2561eb,unauth,did:plc:3uim6vl7fyy4a6s6uhjvlvoe,https://bankera.us-west.host.bsky.network,plc_directory,https://plc.directory/did:plc:3uim6vl7fyy4a6s6uhjvlvoe,https://bankera.us-west.host.bsky.network,,2026-04-03T08:26:56Z
fa14dd6c4e7c4eb7b14198248b2561eb,unauth,did:plc:3vpd3dwumpxix4an2gsghxd6,https://stropharia.us-west.host.bsky.network,plc_directory,https://plc.directory/did:plc:3vpd3dwumpxix4an2gsghxd6,https://stropharia.us-west.host.bsky.network,,2026-04-03T08:26:57Z
fa14dd6c4e7c4eb7b14198248b2561eb,unauth,did:plc:3vql4a7js2zjeitptq3jdbic,https://puffball.us-east.host.bsky.network,plc_directory,https://plc.directory/did:plc:3vql4a7js2zjeitptq3jdbic,https://puffball.us-east.host.bsky.network,,2026-04-03T08:26:57Z
fa14dd6c4e7c4eb7b14198248b2561eb,unauth,did:plc:3vs47gklbh6c6azt4yv4fdnz,https://morel.us-east.host.bsky.network,plc_directory,https://plc.directory/did:plc:3vs47gklbh6c6azt4yv4fdnz,https://morel.us-east.host.bsky.network,,2026-04-03T08:26:59Z
fa14dd6c4e7c4eb7b14198248b2561eb,unauth,did:plc:3vssiax7oizfdxxgitbjwa5y,https://earthstar.us-east.host.bsky.network,plc_directory,https://plc.directory/did:plc:3vssiax7oizfdxxgitbjwa5y,https://earthstar.us-east.host.bsky.network,,2026-04-03T08:26:59Z
fa14dd6c4e7c4eb7b14198248b2561eb,unauth,did:plc:3wnrooad6oaawotcy3stttac,https://morel.us-east.host.bsky.network,plc_directory,https://plc.directory/did:plc:3wnrooad6oaawotcy3stttac,https://morel.us-east.host.bsky.network,,2026-04-03T08:27:00Z
fa14dd6c4e7c4eb7b14198248b2561eb,unauth,did:plc:3zblkz362d3535hpesraemz5,https://morel.us-east.host.bsky.network,plc_directory,https://plc.directory/did:plc:3zblkz362d3535hpesraemz5,https://morel.us-east.host.bsky.network,,2026-04-03T08:27:00Z
fa14dd6c4e7c4eb7b14198248b2561eb,unauth,did:plc:3zikshuogf27oc7phk7z4pa4,https://puffball.us-east.host.bsky.network,plc_directory,https://plc.directory/did:plc:3zikshuogf27oc7phk7z4pa4,https://puffball.us-east.host.bsky.network,,2026-04-03T08:27:00Z
fa14dd6c4e7c4eb7b14198248b2561eb,unauth,did:plc:3zqb746omtnttzqmu3heaojy,https://boletus.us-west.host.bsky.network,plc_directory,https://plc.directory/did:plc:3zqb746omtnttzqmu3heaojy,https://boletus.us-west.host.bsky.network,,2026-04-03T08:27:00Z
fa14dd6c4e7c4eb7b14198248b2561eb,unauth,did:plc:424fukg37bwzdy4k72ou6gjt,https://puffball.us-east.host.bsky.network,plc_directory,https://plc.directory/did:plc:424fukg37bwzdy4k72ou6gjt,https://puffball.us-east.host.bsky.network,,2026-04-03T08:27:01Z
fa14dd6c4e7c4eb7b14198248b2561eb,unauth,did:plc:427uaandx74txvzakxthrjwu,https://morel.us-east.host.bsky.network,plc_directory,https://plc.directory/did:plc:427uaandx74txvzakxthrjwu,https://morel.us-east.host.bsky.network,,2026-04-03T08:27:01Z
fa14dd6c4e7c4eb7b14198248b2561eb,unauth,did:plc:42nqfcif2mrjob6eu7dqllh3,https://puffball.us-east.host.bsky.network,plc_directory,https://plc.directory/did:plc:42nqfcif2mrjob6eu7dqllh3,https://puffball.us-east.host.bsky.network,,2026-04-03T08:27:02Z
fa14dd6c4e7c4eb7b14198248b2561eb,unauth,did:plc:42rm4g5bt6pep3qgomzgqfc4,https://morel.us-east.host.bsky.network,plc_directory,https://plc.directory/did:plc:42rm4g5bt6pep3qgomzgqfc4,https://morel.us-east.host.bsky.network,,2026-04-03T08:27:02Z
fa14dd6c4e7c4eb7b14198248b2561eb,unauth,did:plc:4346ggm37cztthfhreztespj,https://morel.us-east.host.bsky.network,plc_directory,https://plc.directory/did:plc:4346ggm37cztthfhreztespj,https://morel.us-east.host.bsky.network,,2026-04-03T08:27:03Z
fa14dd6c4e7c4eb7b14198248b2561eb,unauth,did:plc:43j7pd4fchfyenyfvr6s7l33,https://reishi.us-east.host.bsky.network,plc_directory,https://plc.directory/did:plc:43j7pd4fchfyenyfvr6s7l33,https://reishi.us-east.host.bsky.network,,2026-04-03T08:27:03Z
fa14dd6c4e7c4eb7b14198248b2561eb,unauth,did:plc:43x7ejvqhlca7yz5k7wkvgyi,https://kald.site,plc_directory,https://plc.directory/did:plc:43x7ejvqhlca7yz5k7wkvgyi,https://kald.site,,2026-04-03T08:27:03Z
fa14dd6c4e7c4eb7b14198248b2561eb,unauth,did:plc:442gwi6rqilbjdfgywi5hxwn,https://blewit.us-west.host.bsky.network,plc_directory,https://plc.directory/did:plc:442gwi6rqilbjdfgywi5hxwn,https://blewit.us-west.host.bsky.network,,2026-04-03T08:27:04Z
fa14dd6c4e7c4eb7b14198248b2561eb,unauth,did:plc:44m7oq3q3vk6zwzsukygatkl,https://chanterelle.us-west.host.bsky.network,plc_directory,https://plc.directory/did:plc:44m7oq3q3vk6zwzsukygatkl,https://chanterelle.us-west.host.bsky.network,,2026-04-03T08:27:05Z
fa14dd6c4e7c4eb7b14198248b2561eb,unauth,did:plc:45j2opqmnpgtict7rpeuruue,https://fibercap.us-west.host.bsky.network,plc_directory,https://plc.directory/did:plc:45j2opqmnpgtict7rpeuruue,https://fibercap.us-west.host.bsky.network,,2026-04-03T08:27:06Z
fa14dd6c4e7c4eb7b14198248b2561eb,unauth,did:plc:46xwahnoguads34t5n36x2ul,https://chaga.us-west.host.bsky.network,plc_directory,https://plc.directory/did:plc:46xwahnoguads34t5n36x2ul,https://chaga.us-west.host.bsky.network,,2026-04-03T08:27:06Z
fa14dd6c4e7c4eb7b14198248b2561eb,unauth,did:plc:473cm42ohl6xoepnsc7zroeg,https://yellowfoot.us-west.host.bsky.network,plc_directory,https://plc.directory/did:plc:473cm42ohl6xoepnsc7zroeg,https://yellowfoot.us-west.host.bsky.network,,2026-04-03T08:27:07Z
fa14dd6c4e7c4eb7b14198248b2561eb,unauth,did:plc:47xhgjnts2nqowa2dpi64xgg,https://cremini.us-west.host.bsky.network,plc_directory,https://plc.directory/did:plc:47xhgjnts2nqowa2dpi64xgg,https://cremini.us-west.host.bsky.network,,2026-04-03T08:27:08Z
fa14dd6c4e7c4eb7b14198248b2561eb,unauth,did:plc:4a4bed4a6jpt6cr6jsi6eeth,https://mycena.us-west.host.bsky.network,plc_directory,https://plc.directory/did:plc:4a4bed4a6jpt6cr6jsi6eeth,https://mycena.us-west.host.bsky.network,,2026-04-03T08:27:08Z
fa14dd6c4e7c4eb7b14198248b2561eb,unauth,did:plc:4a7f6g6w75ta645exxjonhw3,https://discina.us-west.host.bsky.network,plc_directory,https://plc.directory/did:plc:4a7f6g6w75ta645exxjonhw3,https://discina.us-west.host.bsky.network,,2026-04-03T08:27:09Z
fa14dd6c4e7c4eb7b14198248b2561eb,unauth,did:plc:4afzlplrqs5ky3lbdk4u4b4m,https://puffball.us-east.host.bsky.network,plc_directory,https://plc.directory/did:plc:4afzlplrqs5ky3lbdk4u4b4m,https://puffball.us-east.host.bsky.network,,2026-04-03T08:27:10Z
fa14dd6c4e7c4eb7b14198248b2561eb,unauth,did:plc:4bjtax2dcm7o5yub7wfnaxie,https://woodtuft.us-west.host.bsky.network,plc_directory,https://plc.directory/did:plc:4bjtax2dcm7o5yub7wfnaxie,https://woodtuft.us-west.host.bsky.network,,2026-04-03T08:27:10Z
fa14dd6c4e7c4eb7b14198248b2561eb,unauth,did:plc:4go2bse64fi4vc2a2velhth5,https://gomphidius.us-west.host.bsky.network,plc_directory,https://plc.directory/did:plc:4go2bse64fi4vc2a2velhth5,https://gomphidius.us-west.host.bsky.network,,2026-04-03T08:27:10Z
fa14dd6c4e7c4eb7b14198248b2561eb,unauth,did:plc:4hzrwcjtfng5vzmuqh2bdxtk,https://morel.us-east.host.bsky.network,plc_directory,https://plc.directory/did:plc:4hzrwcjtfng5vzmuqh2bdxtk,https://morel.us-east.host.bsky.network,,2026-04-03T08:27:11Z
fa14dd6c4e7c4eb7b14198248b2561eb,unauth,did:plc:4j5hahjmjiou622rlzrkyld2,https://bracket.us-west.host.bsky.network,plc_directory,https://plc.directory/did:plc:4j5hahjmjiou622rlzrkyld2,https://bracket.us-west.host.bsky.network,,2026-04-03T08:27:11Z
fa14dd6c4e7c4eb7b14198248b2561eb,unauth,did:plc:4j7tkoqcibl7u5jvl5nywrdg,https://morel.us-east.host.bsky.network,plc_directory,https://plc.directory/did:plc:4j7tkoqcibl7u5jvl5nywrdg,https://morel.us-east.host.bsky.network,,2026-04-03T08:27:12Z
fa14dd6c4e7c4eb7b14198248b2561eb,unauth,did:plc:4jdkwnpkctgc4nbzrkxnrl6d,https://witchesbutter.us-west.host.bsky.network,plc_directory,https://plc.directory/did:plc:4jdkwnpkctgc4nbzrkxnrl6d,https://witchesbutter.us-west.host.bsky.network,,2026-04-03T08:27:12Z
fa14dd6c4e7c4eb7b14198248b2561eb,unauth,did:plc:4joatu57feamle4j7ufy7qpl,https://morel.us-east.host.bsky.network,plc_directory,https://plc.directory/did:plc:4joatu57feamle4j7ufy7qpl,https://morel.us-east.host.bsky.network,,2026-04-03T08:27:13Z
fa14dd6c4e7c4eb7b14198248b2561eb,unauth,did:plc:4l7vzdmunbqvutyzer5lkkxq,https://hollowfoot.us-west.host.bsky.network,plc_directory,https://plc.directory/did:plc:4l7vzdmunbqvutyzer5lkkxq,https://hollowfoot.us-west.host.bsky.network,,2026-04-03T08:27:13Z
fa14dd6c4e7c4eb7b14198248b2561eb,unauth,did:plc:4las5cozic3xjojhdmivs4ir,https://woodtuft.us-west.host.bsky.network,plc_directory,https://plc.directory/did:plc:4las5cozic3xjojhdmivs4ir,https://woodtuft.us-west.host.bsky.network,,2026-04-03T08:27:14Z
fa14dd6c4e7c4eb7b14198248b2561eb,unauth,did:plc:4luzmgxq5bvoaayfucz3lmya,https://discina.us-west.host.bsky.network,plc_directory,https://plc.directory/did:plc:4luzmgxq5bvoaayfucz3lmya,https://discina.us-west.host.bsky.network,,2026-04-03T08:27:14Z
fa14dd6c4e7c4eb7b14198248b2561eb,unauth,did:plc:4obxbcpnthbzo76q4rph6hzb,https://puffball.us-east.host.bsky.network,plc_directory,https://plc.directory/did:plc:4obxbcpnthbzo76q4rph6hzb,https://puffball.us-east.host.bsky.network,,2026-04-03T08:27:15Z
fa14dd6c4e7c4eb7b14198248b2561eb,unauth,did:plc:4pytbxfqotoialy57l3ujidf,https://scalycap.us-west.host.bsky.network,plc_directory,https://plc.directory/did:plc:4pytbxfqotoialy57l3ujidf,https://scalycap.us-west.host.bsky.network,,2026-04-03T08:27:16Z
fa14dd6c4e7c4eb7b14198248b2561eb,unauth,did:plc:4r4z5kyddllokidjyuqkd547,https://goldenear.us-west.host.bsky.network,plc_directory,https://plc.directory/did:plc:4r4z5kyddllokidjyuqkd547,https://goldenear.us-west.host.bsky.network,,2026-04-03T08:27:16Z
fa14dd6c4e7c4eb7b14198248b2561eb,unauth,did:plc:4ric5gkhpkjblkx6snb7ohfv,https://fibercap.us-west.host.bsky.network,plc_directory,https://plc.directory/did:plc:4ric5gkhpkjblkx6snb7ohfv,https://fibercap.us-west.host.bsky.network,,2026-04-03T08:27:17Z
fa14dd6c4e7c4eb7b14198248b2561eb,unauth,did:plc:4rkvffdn7i5ppj64f6djx2nu,https://morel.us-east.host.bsky.network,plc_directory,https://plc.directory/did:plc:4rkvffdn7i5ppj64f6djx2nu,https://morel.us-east.host.bsky.network,,2026-04-03T08:27:18Z
fa14dd6c4e7c4eb7b14198248b2561eb,unauth,did:plc:4rqtjgemirj22xppcauanfx3,https://jellybaby.us-east.host.bsky.network,plc_directory,https://plc.directory/did:plc:4rqtjgemirj22xppcauanfx3,https://jellybaby.us-east.host.bsky.network,,2026-04-03T08:27:18Z
fa14dd6c4e7c4eb7b14198248b2561eb,unauth,did:plc:4sh6ncpc6sajvr3egs56t3jy,https://hydnum.us-west.host.bsky.network,plc_directory,https://plc.directory/did:plc:4sh6ncpc6sajvr3egs56t3jy,https://hydnum.us-west.host.bsky.network,,2026-04-03T08:27:18Z
fa14dd6c4e7c4eb7b14198248b2561eb,unauth,did:plc:4shkfnrhkwxowjvp5ilfb4yq,https://maitake.us-west.host.bsky.network,plc_directory,https://plc.directory/did:plc:4shkfnrhkwxowjvp5ilfb4yq,https://maitake.us-west.host.bsky.network,,2026-04-03T08:27:19Z
fa14dd6c4e7c4eb7b14198248b2561eb,unauth,did:plc:4t5rz3fvw5lhkph5pdejfmpv,https://meadow.us-east.host.bsky.network,plc_directory,https://plc.directory/did:plc:4t5rz3fvw5lhkph5pdejfmpv,https://meadow.us-east.host.bsky.network,,2026-04-03T08:27:20Z
fa14dd6c4e7c4eb7b14198248b2561eb,unauth,did:plc:4tswtzsrbxjovzdrl7glccvh,https://morel.us-east.host.bsky.network,plc_directory,https://plc.directory/did:plc:4tswtzsrbxjovzdrl7glccvh,https://morel.us-east.host.bsky.network,,2026-04-03T08:27:20Z
fa14dd6c4e7c4eb7b14198248b2561eb,unauth,did:plc:4tx34gryvoit75kdujzzlqmo,https://stinkhorn.us-west.host.bsky.network,plc_directory,https://plc.directory/did:plc:4tx34gryvoit75kdujzzlqmo,https://stinkhorn.us-west.host.bsky.network,,2026-04-03T08:27:20Z
fa14dd6c4e7c4eb7b14198248b2561eb,unauth,did:plc:4ubkyirsei32isldmmmzkkvh,https://morel.us-east.host.bsky.network,plc_directory,https://plc.directory/did:plc:4ubkyirsei32isldmmmzkkvh,https://morel.us-east.host.bsky.network,,2026-04-03T08:27:21Z
fa14dd6c4e7c4eb7b14198248b2561eb,unauth,did:plc:4v6dib4agofpmrgjvgeq753x,https://button.us-west.host.bsky.network,plc_directory,https://plc.directory/did:plc:4v6dib4agofpmrgjvgeq753x,https://button.us-west.host.bsky.network,,2026-04-03T08:27:21Z
fa14dd6c4e7c4eb7b14198248b2561eb,unauth,did:plc:4vbraycbp2d7y6psbfa2ve5i,https://puffball.us-east.host.bsky.network,plc_directory,https://plc.directory/did:plc:4vbraycbp2d7y6psbfa2ve5i,https://puffball.us-east.host.bsky.network,,2026-04-03T08:27:21Z
fa14dd6c4e7c4eb7b14198248b2561eb,unauth,did:plc:4vptlfdtaf544lqrxdejyskv,https://jellybaby.us-east.host.bsky.network,plc_directory,https://plc.directory/did:plc:4vptlfdtaf544lqrxdejyskv,https://jellybaby.us-east.host.bsky.network,,2026-04-03T08:27:22Z
fa14dd6c4e7c4eb7b14198248b2561eb,unauth,did:plc:4vx74jmxpinwijrv2am5p7zn,https://earthstar.us-east.host.bsky.network,plc_directory,https://plc.directory/did:plc:4vx74jmxpinwijrv2am5p7zn,https://earthstar.us-east.host.bsky.network,,2026-04-03T08:27:22Z
fa14dd6c4e7c4eb7b14198248b2561eb,unauth,did:plc:4w6hdbo5hdrqmts7qjctdno6,https://calocybe.us-west.host.bsky.network,plc_directory,https://plc.directory/did:plc:4w6hdbo5hdrqmts7qjctdno6,https://calocybe.us-west.host.bsky.network,,2026-04-03T08:27:22Z
fa14dd6c4e7c4eb7b14198248b2561eb,unauth,did:plc:4wg2hefxiylyorw5dhg6u7up,https://stinkhorn.us-west.host.bsky.network,plc_directory,https://plc.directory/did:plc:4wg2hefxiylyorw5dhg6u7up,https://stinkhorn.us-west.host.bsky.network,,2026-04-03T08:27:23Z
fa14dd6c4e7c4eb7b14198248b2561eb,unauth,did:plc:4wvhaffogd5fr76nuu3bvroz,https://shaggymane.us-west.host.bsky.network,plc_directory,https://plc.directory/did:plc:4wvhaffogd5fr76nuu3bvroz,https://shaggymane.us-west.host.bsky.network,,2026-04-03T08:27:23Z
fa14dd6c4e7c4eb7b14198248b2561eb,unauth,did:plc:4wzbqtom6ioumjdsi7r6tkyq,https://morel.us-east.host.bsky.network,plc_directory,https://plc.directory/did:plc:4wzbqtom6ioumjdsi7r6tkyq,https://morel.us-east.host.bsky.network,,2026-04-03T08:27:25Z
fa14dd6c4e7c4eb7b14198248b2561eb,unauth,did:plc:4x4mdie6e33em4up5injhdeb,https://fibercap.us-west.host.bsky.network,plc_directory,https://plc.directory/did:plc:4x4mdie6e33em4up5injhdeb,https://fibercap.us-west.host.bsky.network,,2026-04-03T08:27:26Z
fa14dd6c4e7c4eb7b14198248b2561eb,unauth,did:plc:4xe53dk2ejjvrcutgh6y66md,https://fuzzyfoot.us-west.host.bsky.network,plc_directory,https://plc.directory/did:plc:4xe53dk2ejjvrcutgh6y66md,https://fuzzyfoot.us-west.host.bsky.network,,2026-04-03T08:27:26Z
fa14dd6c4e7c4eb7b14198248b2561eb,unauth,did:plc:4xegdtsl7edfituugfs2772a,https://morel.us-east.host.bsky.network,plc_directory,https://plc.directory/did:plc:4xegdtsl7edfituugfs2772a,https://morel.us-east.host.bsky.network,,2026-04-03T08:27:27Z
fa14dd6c4e7c4eb7b14198248b2561eb,unauth,did:plc:4xg7gpyz76zujwpfrpmcqvae,https://coral.us-east.host.bsky.network,plc_directory,https://plc.directory/did:plc:4xg7gpyz76zujwpfrpmcqvae,https://coral.us-east.host.bsky.network,,2026-04-03T08:27:27Z
fa14dd6c4e7c4eb7b14198248b2561eb,unauth,did:plc:4yg6dz2z4kglem64qwkjklcz,https://goldenear.us-west.host.bsky.network,plc_directory,https://plc.directory/did:plc:4yg6dz2z4kglem64qwkjklcz,https://goldenear.us-west.host.bsky.network,,2026-04-03T08:27:28Z
fa14dd6c4e7c4eb7b14198248b2561eb,unauth,did:plc:4zobeb2mz3mpdejb5vdseztt,https://pholiota.us-west.host.bsky.network,plc_directory,https://plc.directory/did:plc:4zobeb2mz3mpdejb5vdseztt,https://pholiota.us-west.host.bsky.network,,2026-04-03T08:27:28Z
fa14dd6c4e7c4eb7b14198248b2561eb,unauth,did:plc:4zy6tqcjkdj2j5vegu6ij67k,https://conocybe.us-west.host.bsky.network,plc_directory,https://plc.directory/did:plc:4zy6tqcjkdj2j5vegu6ij67k,https://conocybe.us-west.host.bsky.network,,2026-04-03T08:27:29Z
fa14dd6c4e7c4eb7b14198248b2561eb,unauth,did:plc:526pszvmbgthm2mgqeuw6hww,https://psathyrella.us-west.host.bsky.network,plc_directory,https://plc.directory/did:plc:526pszvmbgthm2mgqeuw6hww,https://psathyrella.us-west.host.bsky.network,,2026-04-03T08:27:30Z
fa14dd6c4e7c4eb7b14198248b2561eb,unauth,did:plc:53i4klojegdvvbgmaiy47vgr,https://shimeji.us-east.host.bsky.network,plc_directory,https://plc.directory/did:plc:53i4klojegdvvbgmaiy47vgr,https://shimeji.us-east.host.bsky.network,,2026-04-03T08:27:30Z
fa14dd6c4e7c4eb7b14198248b2561eb,unauth,did:plc:53ly3tygatai4nmbdmgmwgrj,https://stinkhorn.us-west.host.bsky.network,plc_directory,https://plc.directory/did:plc:53ly3tygatai4nmbdmgmwgrj,https://stinkhorn.us-west.host.bsky.network,,2026-04-03T08:27:30Z
fa14dd6c4e7c4eb7b14198248b2561eb,unauth,did:plc:566y4owtmm76t5ggvtnjjbmj,https://boletus.us-west.host.bsky.network,plc_directory,https://plc.directory/did:plc:566y4owtmm76t5ggvtnjjbmj,https://boletus.us-west.host.bsky.network,,2026-04-03T08:27:31Z
fa14dd6c4e7c4eb7b14198248b2561eb,unauth,did:plc:56dsko76t7nehwfz63fnl72c,https://hebeloma.us-west.host.bsky.network,plc_directory,https://plc.directory/did:plc:56dsko76t7nehwfz63fnl72c,https://hebeloma.us-west.host.bsky.network,,2026-04-03T08:27:32Z
fa14dd6c4e7c4eb7b14198248b2561eb,unauth,did:plc:56e7yw4nkilbpsc5dzhq4xdf,https://matsutake.us-west.host.bsky.network,plc_directory,https://plc.directory/did:plc:56e7yw4nkilbpsc5dzhq4xdf,https://matsutake.us-west.host.bsky.network,,2026-04-03T08:27:33Z
fa14dd6c4e7c4eb7b14198248b2561eb,unauth,did:plc:56om4cgchqixmdpwpocrdc5f,https://puffball.us-east.host.bsky.network,plc_directory,https://plc.directory/did:plc:56om4cgchqixmdpwpocrdc5f,https://puffball.us-east.host.bsky.network,,2026-04-03T08:27:34Z
fa14dd6c4e7c4eb7b14198248b2561eb,unauth,did:plc:56pgap3zzfjnmwgkix4m2kvb,https://puffball.us-east.host.bsky.network,plc_directory,https://plc.directory/did:plc:56pgap3zzfjnmwgkix4m2kvb,https://puffball.us-east.host.bsky.network,,2026-04-03T08:27:34Z
fa14dd6c4e7c4eb7b14198248b2561eb,unauth,did:plc:5aumv6xsxxacaerhrubj322g,https://maitake.us-west.host.bsky.network,plc_directory,https://plc.directory/did:plc:5aumv6xsxxacaerhrubj322g,https://maitake.us-west.host.bsky.network,,2026-04-03T08:27:34Z
fa14dd6c4e7c4eb7b14198248b2561eb,unauth,did:plc:5d2tduyzwj2zcoz6ct5vumpq,https://panthercap.us-east.host.bsky.network,plc_directory,https://plc.directory/did:plc:5d2tduyzwj2zcoz6ct5vumpq,https://panthercap.us-east.host.bsky.network,,2026-04-03T08:27:35Z
fa14dd6c4e7c4eb7b14198248b2561eb,unauth,did:plc:5dn2og5urjxvgrfe4u6wgilb,https://gomphus.us-west.host.bsky.network,plc_directory,https://plc.directory/did:plc:5dn2og5urjxvgrfe4u6wgilb,https://gomphus.us-west.host.bsky.network,,2026-04-03T08:27:35Z
fa14dd6c4e7c4eb7b14198248b2561eb,unauth,did:plc:5dolm7kzzpodivyjefo23szk,https://button.us-west.host.bsky.network,plc_directory,https://plc.directory/did:plc:5dolm7kzzpodivyjefo23szk,https://button.us-west.host.bsky.network,,2026-04-03T08:27:35Z
fa14dd6c4e7c4eb7b14198248b2561eb,unauth,did:plc:5dwcnzo2gjzwlbcfpqv34pkq,https://morel.us-east.host.bsky.network,plc_directory,https://plc.directory/did:plc:5dwcnzo2gjzwlbcfpqv34pkq,https://morel.us-east.host.bsky.network,,2026-04-03T08:27:36Z
fa14dd6c4e7c4eb7b14198248b2561eb,unauth,did:plc:5eakngnq7wb2r4y2fauzuekt,https://morel.us-east.host.bsky.network,plc_directory,https://plc.directory/did:plc:5eakngnq7wb2r4y2fauzuekt,https://morel.us-east.host.bsky.network,,2026-04-03T08:27:37Z
fa14dd6c4e7c4eb7b14198248b2561eb,unauth,did:plc:5ehmuev2jrxezyfpp4j7wlhs,https://morel.us-east.host.bsky.network,plc_directory,https://plc.directory/did:plc:5ehmuev2jrxezyfpp4j7wlhs,https://morel.us-east.host.bsky.network,,2026-04-03T08:27:37Z
fa14dd6c4e7c4eb7b14198248b2561eb,unauth,did:plc:5erqxvhdjc7h5v6hbo3k3ky3,https://russula.us-west.host.bsky.network,plc_directory,https://plc.directory/did:plc:5erqxvhdjc7h5v6hbo3k3ky3,https://russula.us-west.host.bsky.network,,2026-04-03T08:27:37Z
fa14dd6c4e7c4eb7b14198248b2561eb,unauth,did:plc:5f3ymqbybu37hf3trb74qng3,https://puffball.us-east.host.bsky.network,plc_directory,https://plc.directory/did:plc:5f3ymqbybu37hf3trb74qng3,https://puffball.us-east.host.bsky.network,,2026-04-03T08:27:38Z
fa14dd6c4e7c4eb7b14198248b2561eb,unauth,did:plc:5ibj6vgzcl5ew2sm672otb4n,https://chaga.us-west.host.bsky.network,plc_directory,https://plc.directory/did:plc:5ibj6vgzcl5ew2sm672otb4n,https://chaga.us-west.host.bsky.network,,2026-04-03T08:27:38Z
fa14dd6c4e7c4eb7b14198248b2561eb,unauth,did:plc:5jdmjnkjgqs3vy7lcrtvyx6m,https://agrocybe.us-west.host.bsky.network,plc_directory,https://plc.directory/did:plc:5jdmjnkjgqs3vy7lcrtvyx6m,https://agrocybe.us-west.host.bsky.network,,2026-04-03T08:27:39Z
fa14dd6c4e7c4eb7b14198248b2561eb,unauth,did:plc:5jiv465ilneg5v46bwguffj3,https://puffball.us-east.host.bsky.network,plc_directory,https://plc.directory/did:plc:5jiv465ilneg5v46bwguffj3,https://puffball.us-east.host.bsky.network,,2026-04-03T08:27:40Z
fa14dd6c4e7c4eb7b14198248b2561eb,unauth,did:plc:5jvmjg37yloyfn4sgg2sdeop,https://shaggymane.us-west.host.bsky.network,plc_directory,https://plc.directory/did:plc:5jvmjg37yloyfn4sgg2sdeop,https://shaggymane.us-west.host.bsky.network,,2026-04-03T08:27:40Z
fa14dd6c4e7c4eb7b14198248b2561eb,unauth,did:plc:5m7nfy37tgzboja57d3lsppv,https://jellybaby.us-east.host.bsky.network,plc_directory,https://plc.directory/did:plc:5m7nfy37tgzboja57d3lsppv,https://jellybaby.us-east.host.bsky.network,,2026-04-03T08:27:40Z
fa14dd6c4e7c4eb7b14198248b2561eb,unauth,did:plc:5mdzngvqhdxwigghwrpj6rfk,https://rhizopogon.us-west.host.bsky.network,plc_directory,https://plc.directory/did:plc:5mdzngvqhdxwigghwrpj6rfk,https://rhizopogon.us-west.host.bsky.network,,2026-04-03T08:27:41Z
fa14dd6c4e7c4eb7b14198248b2561eb,unauth,did:plc:5nbkeucevpvmkwy3bdzvdkke,https://morel.us-east.host.bsky.network,plc_directory,https://plc.directory/did:plc:5nbkeucevpvmkwy3bdzvdkke,https://morel.us-east.host.bsky.network,,2026-04-03T08:27:41Z
fa14dd6c4e7c4eb7b14198248b2561eb,unauth,did:plc:5njf7vamru3vbtw4m63rc3na,https://button.us-west.host.bsky.network,plc_directory,https://plc.directory/did:plc:5njf7vamru3vbtw4m63rc3na,https://button.us-west.host.bsky.network,,2026-04-03T08:27:41Z
fa14dd6c4e7c4eb7b14198248b2561eb,unauth,did:plc:5njfnoobkm6saqum5o7ujq6y,https://boletus.us-west.host.bsky.network,plc_directory,https://plc.directory/did:plc:5njfnoobkm6saqum5o7ujq6y,https://boletus.us-west.host.bsky.network,,2026-04-03T08:27:42Z
fa14dd6c4e7c4eb7b14198248b2561eb,unauth,did:plc:5nq3pybl4nnoxfp3ovjy2lh7,https://morel.us-east.host.bsky.network,plc_directory,https://plc.directory/did:plc:5nq3pybl4nnoxfp3ovjy2lh7,https://morel.us-east.host.bsky.network,,2026-04-03T08:27:43Z
fa14dd6c4e7c4eb7b14198248b2561eb,unauth,did:plc:5omgdfzyvfuysu5x5yuapbht,https://lepista.us-west.host.bsky.network,plc_directory,https://plc.directory/did:plc:5omgdfzyvfuysu5x5yuapbht,https://lepista.us-west.host.bsky.network,,2026-04-03T08:27:43Z
fa14dd6c4e7c4eb7b14198248b2561eb,unauth,did:plc:5oyzv24bxjxnluqkngsg3l5t,https://polypore.us-west.host.bsky.network,plc_directory,https://plc.directory/did:plc:5oyzv24bxjxnluqkngsg3l5t,https://polypore.us-west.host.bsky.network,,2026-04-03T08:27:44Z
fa14dd6c4e7c4eb7b14198248b2561eb,unauth,did:plc:5pkdnzcjkpi5uycyafzzqogq,https://milkcap.us-west.host.bsky.network,plc_directory,https://plc.directory/did:plc:5pkdnzcjkpi5uycyafzzqogq,https://milkcap.us-west.host.bsky.network,,2026-04-03T08:27:45Z
fa14dd6c4e7c4eb7b14198248b2561eb,unauth,did:plc:5q3qqehvexj2l6yhgr4ymzg3,https://bankera.us-west.host.bsky.network,plc_directory,https://plc.directory/did:plc:5q3qqehvexj2l6yhgr4ymzg3,https://bankera.us-west.host.bsky.network,,2026-04-03T08:27:52Z
fa14dd6c4e7c4eb7b14198248b2561eb,unauth,did:plc:5qryaer4okrzuofqcnc6xzac,https://shaggymane.us-west.host.bsky.network,plc_directory,https://plc.directory/did:plc:5qryaer4okrzuofqcnc6xzac,https://shaggymane.us-west.host.bsky.network,,2026-04-03T08:27:52Z
fa14dd6c4e7c4eb7b14198248b2561eb,unauth,did:plc:5rmjq5lamxjdi27o2v67tv6a,https://magic.us-west.host.bsky.network,plc_directory,https://plc.directory/did:plc:5rmjq5lamxjdi27o2v67tv6a,https://magic.us-west.host.bsky.network,,2026-04-03T08:27:53Z
fa14dd6c4e7c4eb7b14198248b2561eb,unauth,did:plc:5rqo33ektuek7ipsfbsxbqfc,https://chalciporus.us-west.host.bsky.network,plc_directory,https://plc.directory/did:plc:5rqo33ektuek7ipsfbsxbqfc,https://chalciporus.us-west.host.bsky.network,,2026-04-03T08:27:54Z
fa14dd6c4e7c4eb7b14198248b2561eb,unauth,did:plc:5rw2on4i56btlcajojaxwcat,https://morel.us-east.host.bsky.network,plc_directory,https://plc.directory/did:plc:5rw2on4i56btlcajojaxwcat,https://morel.us-east.host.bsky.network,,2026-04-03T08:27:55Z
fa14dd6c4e7c4eb7b14198248b2561eb,unauth,did:plc:5rxgdw5bimfd57y734hage3x,https://woodtuft.us-west.host.bsky.network,plc_directory,https://plc.directory/did:plc:5rxgdw5bimfd57y734hage3x,https://woodtuft.us-west.host.bsky.network,,2026-04-03T08:27:55Z
fa14dd6c4e7c4eb7b14198248b2561eb,unauth,did:plc:5tptr6uabh24fucw7rjpxpc7,https://dapperling.us-west.host.bsky.network,plc_directory,https://plc.directory/did:plc:5tptr6uabh24fucw7rjpxpc7,https://dapperling.us-west.host.bsky.network,,2026-04-03T08:27:56Z
fa14dd6c4e7c4eb7b14198248b2561eb,unauth,did:plc:5uacx2i24dcfhs7l2degjbzf,https://hydnum.us-west.host.bsky.network,plc_directory,https://plc.directory/did:plc:5uacx2i24dcfhs7l2degjbzf,https://hydnum.us-west.host.bsky.network,,2026-04-03T08:27:57Z
fa14dd6c4e7c4eb7b14198248b2561eb,unauth,did:plc:5ujft2wuh65pnvxb3jm5weto,https://morel.us-east.host.bsky.network,plc_directory,https://plc.directory/did:plc:5ujft2wuh65pnvxb3jm5weto,https://morel.us-east.host.bsky.network,,2026-04-03T08:27:57Z
fa14dd6c4e7c4eb7b14198248b2561eb,unauth,did:plc:5utrficmmiyj3wo4umvrvvgc,https://woodear.us-west.host.bsky.network,plc_directory,https://plc.directory/did:plc:5utrficmmiyj3wo4umvrvvgc,https://woodear.us-west.host.bsky.network,,2026-04-03T08:27:57Z
fa14dd6c4e7c4eb7b14198248b2561eb,unauth,did:plc:5v7jxryy6tn4u5mx5zhafwdv,https://bankera.us-west.host.bsky.network,plc_directory,https://plc.directory/did:plc:5v7jxryy6tn4u5mx5zhafwdv,https://bankera.us-west.host.bsky.network,,2026-04-03T08:27:58Z
fa14dd6c4e7c4eb7b14198248b2561eb,unauth,did:plc:5vwvmjkt6ytdv4a33iz4aidm,https://polypore.us-west.host.bsky.network,plc_directory,https://plc.directory/did:plc:5vwvmjkt6ytdv4a33iz4aidm,https://polypore.us-west.host.bsky.network,,2026-04-03T08:27:58Z
fa14dd6c4e7c4eb7b14198248b2561eb,unauth,did:plc:5wlmk6udhdpcqfqo4rgbarjb,https://phellinus.us-west.host.bsky.network,plc_directory,https://plc.directory/did:plc:5wlmk6udhdpcqfqo4rgbarjb,https://phellinus.us-west.host.bsky.network,,2026-04-03T08:28:00Z
fa14dd6c4e7c4eb7b14198248b2561eb,unauth,did:plc:5xbyw5s5jlajyhz45ah3hfk7,https://suillus.us-west.host.bsky.network,plc_directory,https://plc.directory/did:plc:5xbyw5s5jlajyhz45ah3hfk7,https://suillus.us-west.host.bsky.network,,2026-04-03T08:28:00Z
fa14dd6c4e7c4eb7b14198248b2561eb,unauth,did:plc:5xtyf63peknuezxpg5psn5be,https://velvetfoot.us-east.host.bsky.network,plc_directory,https://plc.directory/did:plc:5xtyf63peknuezxpg5psn5be,https://velvetfoot.us-east.host.bsky.network,,2026-04-03T08:28:01Z
fa14dd6c4e7c4eb7b14198248b2561eb,unauth,did:plc:5xyjpmggozhwzlgoj56f2lip,https://morel.us-east.host.bsky.network,plc_directory,https://plc.directory/did:plc:5xyjpmggozhwzlgoj56f2lip,https://morel.us-east.host.bsky.network,,2026-04-03T08:28:01Z
fa14dd6c4e7c4eb7b14198248b2561eb,unauth,did:plc:5yas6gqmpr3ayy2xz2h3klfc,https://morel.us-east.host.bsky.network,plc_directory,https://plc.directory/did:plc:5yas6gqmpr3ayy2xz2h3klfc,https://morel.us-east.host.bsky.network,,2026-04-03T08:28:01Z
fa14dd6c4e7c4eb7b14198248b2561eb,unauth,did:plc:5yf5iplya2livnm5xbwiwrdx,https://morel.us-east.host.bsky.network,plc_directory,https://plc.directory/did:plc:5yf5iplya2livnm5xbwiwrdx,https://morel.us-east.host.bsky.network,,2026-04-03T08:28:01Z
fa14dd6c4e7c4eb7b14198248b2561eb,unauth,did:plc:5yn5b5yqssv3wx2cwhpmmtz2,https://chanterelle.us-west.host.bsky.network,plc_directory,https://plc.directory/did:plc:5yn5b5yqssv3wx2cwhpmmtz2,https://chanterelle.us-west.host.bsky.network,,2026-04-03T08:28:01Z
fa14dd6c4e7c4eb7b14198248b2561eb,unauth,did:plc:5yulqyxillzec3rpvnk2ixao,https://jellybaby.us-east.host.bsky.network,plc_directory,https://plc.directory/did:plc:5yulqyxillzec3rpvnk2ixao,https://jellybaby.us-east.host.bsky.network,,2026-04-03T08:28:02Z
fa14dd6c4e7c4eb7b14198248b2561eb,unauth,did:plc:5yx42w6gnnf453nqkj3q77x6,https://shaggymane.us-west.host.bsky.network,plc_directory,https://plc.directory/did:plc:5yx42w6gnnf453nqkj3q77x6,https://shaggymane.us-west.host.bsky.network,,2026-04-03T08:28:02Z
fa14dd6c4e7c4eb7b14198248b2561eb,unauth,did:plc:5z3qjoocnjkjdw5p7odig34p,https://puffball.us-east.host.bsky.network,plc_directory,https://plc.directory/did:plc:5z3qjoocnjkjdw5p7odig34p,https://puffball.us-east.host.bsky.network,,2026-04-03T08:28:03Z
fa14dd6c4e7c4eb7b14198248b2561eb,unauth,did:plc:5zbtdfm3c3cumvhhndg2mi6c,https://morel.us-east.host.bsky.network,plc_directory,https://plc.directory/did:plc:5zbtdfm3c3cumvhhndg2mi6c,https://morel.us-east.host.bsky.network,,2026-04-03T08:28:03Z
fa14dd6c4e7c4eb7b14198248b2561eb,unauth,did:plc:5zwrsexnjp26xag654c4mzax,https://puffball.us-east.host.bsky.network,plc_directory,https://plc.directory/did:plc:5zwrsexnjp26xag654c4mzax,https://puffball.us-east.host.bsky.network,,2026-04-03T08:28:04Z
fa14dd6c4e7c4eb7b14198248b2561eb,unauth,did:plc:62sesckimnurtjsdrux3md6v,https://morel.us-east.host.bsky.network,plc_directory,https://plc.directory/did:plc:62sesckimnurtjsdrux3md6v,https://morel.us-east.host.bsky.network,,2026-04-03T08:28:04Z
fa14dd6c4e7c4eb7b14198248b2561eb,unauth,did:plc:635jjh5hpphnvqtlwjzftz4i,https://helvella.us-east.host.bsky.network,plc_directory,https://plc.directory/did:plc:635jjh5hpphnvqtlwjzftz4i,https://helvella.us-east.host.bsky.network,,2026-04-03T08:28:04Z
fa14dd6c4e7c4eb7b14198248b2561eb,unauth,did:plc:635xovhsdw27inbgxukm3qtp,https://helvella.us-east.host.bsky.network,plc_directory,https://plc.directory/did:plc:635xovhsdw27inbgxukm3qtp,https://helvella.us-east.host.bsky.network,,2026-04-03T08:28:05Z
fa14dd6c4e7c4eb7b14198248b2561eb,unauth,did:plc:637frxi2d2uevr4ymtaxnxny,https://shaggymane.us-west.host.bsky.network,plc_directory,https://plc.directory/did:plc:637frxi2d2uevr4ymtaxnxny,https://shaggymane.us-west.host.bsky.network,,2026-04-03T08:28:05Z
fa14dd6c4e7c4eb7b14198248b2561eb,unauth,did:plc:63dwngghpegbgepyh2zpaqeu,https://puffball.us-east.host.bsky.network,plc_directory,https://plc.directory/did:plc:63dwngghpegbgepyh2zpaqeu,https://puffball.us-east.host.bsky.network,,2026-04-03T08:28:06Z
fa14dd6c4e7c4eb7b14198248b2561eb,unauth,did:plc:64c2erjwtw7t5zookk5q745a,https://morel.us-east.host.bsky.network,plc_directory,https://plc.directory/did:plc:64c2erjwtw7t5zookk5q745a,https://morel.us-east.host.bsky.network,,2026-04-03T08:28:06Z
fa14dd6c4e7c4eb7b14198248b2561eb,unauth,did:plc:64c3ulzmamqwyvgkfygxmegs,https://puffball.us-east.host.bsky.network,plc_directory,https://plc.directory/did:plc:64c3ulzmamqwyvgkfygxmegs,https://puffball.us-east.host.bsky.network,,2026-04-03T08:28:06Z
fa14dd6c4e7c4eb7b14198248b2561eb,unauth,did:plc:64oh3cdvv7vnktyymmf7u5jo,https://is.horse,plc_directory,https://plc.directory/did:plc:64oh3cdvv7vnktyymmf7u5jo,https://is.horse,,2026-04-03T08:28:07Z
