starterpack_uri,creator_did,name,description,collected_at_utc
at://did:plc:26pjh4jdgp55nhybdhujh5xb/app.bsky.graph.starterpack/3legy77zxsq2z,did:plc:26pjh4jdgp55nhybdhujh5xb,Pawn Addicted's Starter Pack,Some fine folks who I'm sure you'll be happy to meat,2026-02-06T00:17:36Z
at://did:plc:2flxuayvffkbjjnptjtm5txp/app.bsky.graph.starterpack/3lbvimzzllz2n,did:plc:2flxuayvffkbjjnptjtm5txp,Great Friends - Definite Must Follows. Vetted 150,,2026-02-06T00:16:48Z
at://did:plc:2flxuayvffkbjjnptjtm5txp/app.bsky.graph.starterpack/3lbvjglqfew2x,did:plc:2flxuayvffkbjjnptjtm5txp,More Great Friends of Yodamonkey. Vetted 150,,2026-02-06T00:16:47Z
at://did:plc:2flxuayvffkbjjnptjtm5txp/app.bsky.graph.starterpack/3lbxesvv7wi2t,did:plc:2flxuayvffkbjjnptjtm5txp,New friends to follow. Vetted 150,,2026-02-06T00:16:47Z
at://did:plc:2flxuayvffkbjjnptjtm5txp/app.bsky.graph.starterpack/3lbxfkyqo4f2s,did:plc:2flxuayvffkbjjnptjtm5txp,More new friends to follow. Vetted 150,,2026-02-06T00:16:47Z
at://did:plc:2flxuayvffkbjjnptjtm5txp/app.bsky.graph.starterpack/3lbxfywcbvn2y,did:plc:2flxuayvffkbjjnptjtm5txp,"Lovely Follows, Vetted 150",,2026-02-06T00:16:47Z
at://did:plc:2flxuayvffkbjjnptjtm5txp/app.bsky.graph.starterpack/3lbxh4ruhhi22,did:plc:2flxuayvffkbjjnptjtm5txp,Good friends to have. Vetted 150,,2026-02-06T00:16:47Z
at://did:plc:2flxuayvffkbjjnptjtm5txp/app.bsky.graph.starterpack/3lbxjsdswwl2t,did:plc:2flxuayvffkbjjnptjtm5txp,Very Special People. Vetted 150,,2026-02-06T00:16:46Z
at://did:plc:2flxuayvffkbjjnptjtm5txp/app.bsky.graph.starterpack/3lbxspgz4kh2s,did:plc:2flxuayvffkbjjnptjtm5txp,Not forgetting these great friends. Vetted 150,,2026-02-06T00:16:46Z
at://did:plc:2flxuayvffkbjjnptjtm5txp/app.bsky.graph.starterpack/3lcbouwfpwu2t,did:plc:2flxuayvffkbjjnptjtm5txp,Friends of Yodamonkey. Vetted 150,,2026-02-06T00:16:46Z
at://did:plc:2flxuayvffkbjjnptjtm5txp/app.bsky.graph.starterpack/3lce6luqy5x2x,did:plc:2flxuayvffkbjjnptjtm5txp,Beautiful accounts to follow. Vetted 150,,2026-02-06T00:16:46Z
at://did:plc:2flxuayvffkbjjnptjtm5txp/app.bsky.graph.starterpack/3lcedh3tqzg2t,did:plc:2flxuayvffkbjjnptjtm5txp,"Fabulous accounts, Vetted 150",,2026-02-06T00:16:45Z
at://did:plc:2flxuayvffkbjjnptjtm5txp/app.bsky.graph.starterpack/3lcgstqasz52s,did:plc:2flxuayvffkbjjnptjtm5txp,So many lovely people! Vetted 150,,2026-02-06T00:16:45Z
at://did:plc:2flxuayvffkbjjnptjtm5txp/app.bsky.graph.starterpack/3ld2mfy7r6o2i,did:plc:2flxuayvffkbjjnptjtm5txp,Teachers and Educators Only Pack. Vetted,,2026-02-06T00:16:45Z
at://did:plc:2flxuayvffkbjjnptjtm5txp/app.bsky.graph.starterpack/3ldm5qc67oc24,did:plc:2flxuayvffkbjjnptjtm5txp,Great BLUE friends. Vetted 150,,2026-02-06T00:16:45Z
at://did:plc:2flxuayvffkbjjnptjtm5txp/app.bsky.graph.starterpack/3leslpxbdzh2p,did:plc:2flxuayvffkbjjnptjtm5txp,New Friends. Vetted 150,,2026-02-06T00:16:45Z
at://did:plc:2flxuayvffkbjjnptjtm5txp/app.bsky.graph.starterpack/3lev63c2m2724,did:plc:2flxuayvffkbjjnptjtm5txp,More new friends! Vetted 150,,2026-02-06T00:16:45Z
at://did:plc:2flxuayvffkbjjnptjtm5txp/app.bsky.graph.starterpack/3lhs3dsezpx25,did:plc:2flxuayvffkbjjnptjtm5txp,FAB Vetted Follows 150,,2026-02-06T00:16:44Z
at://did:plc:2flxuayvffkbjjnptjtm5txp/app.bsky.graph.starterpack/3looztwbcnk2l,did:plc:2flxuayvffkbjjnptjtm5txp,Vetted Awesome Friends 150,,2026-02-06T00:16:44Z
at://did:plc:2flxuayvffkbjjnptjtm5txp/app.bsky.graph.starterpack/3lqqlxwrolj22,did:plc:2flxuayvffkbjjnptjtm5txp,Amazing Friends to Follow (150 Vetted),,2026-02-06T00:16:44Z
at://did:plc:2flxuayvffkbjjnptjtm5txp/app.bsky.graph.starterpack/3lroxmvud2g22,did:plc:2flxuayvffkbjjnptjtm5txp,Voices of Democracy Vetted! FULL 150,,2026-02-06T00:16:44Z
at://did:plc:2flxuayvffkbjjnptjtm5txp/app.bsky.graph.starterpack/3ltldc7dfqk2h,did:plc:2flxuayvffkbjjnptjtm5txp,Awesome Friends New,,2026-02-06T00:16:43Z
at://did:plc:2flxuayvffkbjjnptjtm5txp/app.bsky.graph.starterpack/3m4tt2uoak52z,did:plc:2flxuayvffkbjjnptjtm5txp,So Many Friends and Not Enough Lists,,2026-02-06T00:16:43Z
at://did:plc:2flxuayvffkbjjnptjtm5txp/app.bsky.graph.starterpack/3m6zz6wfofc2h,did:plc:2flxuayvffkbjjnptjtm5txp,The Orange Orangutan MUST go! VETTED,,2026-02-06T00:16:43Z
at://did:plc:2flxuayvffkbjjnptjtm5txp/app.bsky.graph.starterpack/3mcivnifcnj2h,did:plc:2flxuayvffkbjjnptjtm5txp,The WORLD will not bow to Trump!,,2026-02-06T00:16:43Z
at://did:plc:2xajl5drezicv42kx5ex3tde/app.bsky.graph.starterpack/3lazdrczmje2d,did:plc:2xajl5drezicv42kx5ex3tde,Democratic Wins Media Starter Pack,A feed of the people you need to hear from for Democrats to win,2026-02-06T00:16:51Z
at://did:plc:32kt7lsk5pgcjkmtptu6sfyc/app.bsky.graph.starterpack/3lgoj3unpzx2h,did:plc:32kt7lsk5pgcjkmtptu6sfyc,Women's Words and Wisdom,Women speak,2026-02-06T00:16:41Z
at://did:plc:32kt7lsk5pgcjkmtptu6sfyc/app.bsky.graph.starterpack/3lippzoydbq2f,did:plc:32kt7lsk5pgcjkmtptu6sfyc,Timeline cleansers,"Beauty, nature, animals, cats, snark and humorous accounts",2026-02-06T00:16:40Z
at://did:plc:32kt7lsk5pgcjkmtptu6sfyc/app.bsky.graph.starterpack/3liusd3qyvz2x,did:plc:32kt7lsk5pgcjkmtptu6sfyc,More Women's Wisdom,Women leaders and thinkers who have valuable things to say,2026-02-06T00:16:40Z
at://did:plc:32kt7lsk5pgcjkmtptu6sfyc/app.bsky.graph.starterpack/3lk562bzxnd2u,did:plc:32kt7lsk5pgcjkmtptu6sfyc,Science Minds,A collection of credentialed scientists and scholars personally vetted by me and added to this list 1 by 1. We need access to these bright minds.,2026-02-06T00:16:40Z
at://did:plc:32kt7lsk5pgcjkmtptu6sfyc/app.bsky.graph.starterpack/3lr2lbcjrd623,did:plc:32kt7lsk5pgcjkmtptu6sfyc,Interesting People,"A collection of artists, bright minds, and those on the path less taken.",2026-02-06T00:16:40Z
at://did:plc:32kt7lsk5pgcjkmtptu6sfyc/app.bsky.graph.starterpack/3lraytlzplv23,did:plc:32kt7lsk5pgcjkmtptu6sfyc,Organizations and Officials,"Governmental and Resistance Organizations, Office Holders, and other Official seeming people.",2026-02-06T00:16:40Z
at://did:plc:32kt7lsk5pgcjkmtptu6sfyc/app.bsky.graph.starterpack/3m74qmppfs32n,did:plc:32kt7lsk5pgcjkmtptu6sfyc,Creatives,"Photographers, artists, poets, writers who make Bluesky a better place!",2026-02-06T00:16:39Z
at://did:plc:3jn5p5emz3scadvdk23vr63w/app.bsky.graph.starterpack/3lkr53kjwir2r,did:plc:3jn5p5emz3scadvdk23vr63w,Bahtiyar Yilmaz's Starter Pack,,2026-02-06T00:17:35Z
at://did:plc:57ftbh32ybywj4pr3rq4ocjr/app.bsky.graph.starterpack/3lkr3pz6fgu2j,did:plc:57ftbh32ybywj4pr3rq4ocjr,@‪sgallagher.bsky.social‬'s Starter Pack,,2026-02-06T00:16:42Z
at://did:plc:5l7vlznw2qxlamxizvkf5f4e/app.bsky.graph.starterpack/3ldobh56l5h2l,did:plc:5l7vlznw2qxlamxizvkf5f4e,Canadian Creatives,"A Starter Pack for Canadian writers, poets, painters, sculptors, musicians, photographers, artists, etc. and any that are passionate about what they create.",2026-02-06T00:16:37Z
at://did:plc:5l7vlznw2qxlamxizvkf5f4e/app.bsky.graph.starterpack/3ldvpjyl5vv2e,did:plc:5l7vlznw2qxlamxizvkf5f4e,Nova Scotia Starter Pack,"For those people who live in Nova Scotia or who are interested in following life in Canada's Ocean Playground, this Starter Pack is for you!",2026-02-06T00:16:36Z
at://did:plc:5l7vlznw2qxlamxizvkf5f4e/app.bsky.graph.starterpack/3lecdalhv652a,did:plc:5l7vlznw2qxlamxizvkf5f4e,"Mythology, Paganism, and Shamanism Starter Pack","For those who are interested in, or incorporate mythology, paganism, and/or shamanism into their daily life or their writing, music, or art, the Mythology, Paganism, and Shamanism Starter Pack is for you!",2026-02-06T00:16:36Z
at://did:plc:5l7vlznw2qxlamxizvkf5f4e/app.bsky.graph.starterpack/3lewtytz65l2a,did:plc:5l7vlznw2qxlamxizvkf5f4e,Everybody is Somebody Else's Weirdo,"A Starter Pack for those who don't seem to fall into any other Starter Pack. Perhaps you're delightfully weird, crazy like a fox, eccentric, or wear your ""square peg in a round hole"" badge with pride, even when skinny-dipping. Join, laugh, be aloof, whatever, just be you and you will fit right in.",2026-02-06T00:16:36Z
at://did:plc:5l7vlznw2qxlamxizvkf5f4e/app.bsky.graph.starterpack/3lg6murziu72e,did:plc:5l7vlznw2qxlamxizvkf5f4e,Multi-genre Artists and Authors,The Multi-genre Artists and Authors Starter Pack is for those Creatives that write books or create art of various genres or blend themes and elements from two or more different genres in a hybrid presentation. Thanks for your support.,2026-02-06T00:16:36Z
at://did:plc:5l7vlznw2qxlamxizvkf5f4e/app.bsky.graph.starterpack/3lgo56tab552q,did:plc:5l7vlznw2qxlamxizvkf5f4e,Canuck Creatives,"With Canadian Creatives being full, consider ""Canuck Creatives"" Volume 2 of Canadian crafters, writers, poets, painters, sculptors, musicians, thespians, photographers, filmmakers, artists, etc.",2026-02-06T00:16:36Z
at://did:plc:5l7vlznw2qxlamxizvkf5f4e/app.bsky.graph.starterpack/3lhe63amrf32s,did:plc:5l7vlznw2qxlamxizvkf5f4e,Canada and Far North Nordic Network,"The Canada and Far North Nordic Network Starter Pack is to foster cooperation between nations - namely Canada, Greenland/Denmark, Iceland, Finland, and Norway - to enhance protection of the Arctic. 
It's imperative to protect and support the regions resources, biodiversity, and indigenee.",2026-02-06T00:16:35Z
at://did:plc:5l7vlznw2qxlamxizvkf5f4e/app.bsky.graph.starterpack/3lkma6gtpiy2t,did:plc:5l7vlznw2qxlamxizvkf5f4e,Canadians for Carney,"The Canadians for Carney Starter Pack is for those who see Mark Carney as the best person to stand up to Trump and stand for Canadian values. Mark Carney's economic experience and leadership skills are imperative to take us through this most difficult of times. 
ELBOWS UP, CANADA!",2026-02-06T00:16:35Z
at://did:plc:5l7vlznw2qxlamxizvkf5f4e/app.bsky.graph.starterpack/3lmse7id7hm2f,did:plc:5l7vlznw2qxlamxizvkf5f4e,Nova Scotia Starter Pack 2,"For those people who live in Nova Scotia or who are interested in following life in Canada's Ocean Playground, this Starter Pack is for you! Volume 2 welcomes all Mi'kmaq, Bluenosers, Capers, Haligonians, Eekum Seekum's, and all-around Cod-loving folk.",2026-02-06T00:16:35Z
at://did:plc:5l7vlznw2qxlamxizvkf5f4e/app.bsky.graph.starterpack/3lmv6v4vvel2s,did:plc:5l7vlznw2qxlamxizvkf5f4e,New Brunswick Starter Pack,"For those who live in New Brunswick or who are interested in following life in Canada's only officially bilingual province, this Starter Pack is for you!
From fish to forests to the Bay of Fundy, NB truly rocks. Lobster lovers, unite!",2026-02-06T00:16:35Z
at://did:plc:5l7vlznw2qxlamxizvkf5f4e/app.bsky.graph.starterpack/3ltc6jabn6i26,did:plc:5l7vlznw2qxlamxizvkf5f4e,Bob's Your Uncle,"There you have it. Done. Bob's your uncle. Mission accomplished. You've arrived. We all share in each other's wins and losses. Now, join and say, ""Bob's your uncle."" 
P.S. Bob loves the planet and hates fascists.",2026-02-06T00:16:34Z
at://did:plc:5l7vlznw2qxlamxizvkf5f4e/app.bsky.graph.starterpack/3ludtpdg4aa2n,did:plc:5l7vlznw2qxlamxizvkf5f4e,Canadians for Colbert Starter Pack,"With Paramount and CBS kissing the One Ring to Fool Them All, let's embrace Stephen Colbert - both in his sense of humour and obvious integrity - coming to Canada to host THE BIGGEST LATE NIGHT SHOW, EVER, IN CANADA, EH!
""Late Night, Eh, with Colbert!""",2026-02-06T00:16:34Z
at://did:plc:5l7vlznw2qxlamxizvkf5f4e/app.bsky.graph.starterpack/3lvtkp6nqym2c,did:plc:5l7vlznw2qxlamxizvkf5f4e,Mboko and McIntosh Fan Starter Pack,"Victoria Mboko and Summer McIntosh are both 18. They hate losing more than they love winning. They're polite and well spoken and inspire young people to pursue their dreams, AND they're both Canadian. 
One ""Loves"" the court, the other loves the water.
We love them both and will always support them!",2026-02-06T00:16:34Z
at://did:plc:6ihguo7mxii2eezf3bkpl4dc/app.bsky.graph.starterpack/3lkxaqn5lkd2u,did:plc:6ihguo7mxii2eezf3bkpl4dc,@‪couch-yeti.bsky.social‬'s Starter Pack,,2026-02-06T00:45:52Z
at://did:plc:6vfuuxxwkhon4dreyz62r66q/app.bsky.graph.starterpack/3lo2ce6mv6s2g,did:plc:6vfuuxxwkhon4dreyz62r66q,Pillars of the #MomSky,"Some of the most important civil society organizations and elected leaders standing up for love, care, diversity, dignity, respect, fairness, safety, and democracy. 

*This list not definitive, it is evolving! There are certainly many orgs and leaders missing, which we will add as we go forward.",2026-02-06T00:16:41Z
at://did:plc:6wotbphkbbtotxdaanjsdzep/app.bsky.graph.starterpack/3lecqghbge62x,did:plc:6wotbphkbbtotxdaanjsdzep,Cool people and accounts that make me smile,All the wonderful accounts that make this site worth visiting.,2026-02-06T00:16:55Z
at://did:plc:7lxh3z26naoque24gblpyvcf/app.bsky.graph.starterpack/3lbhxfy3udj24,did:plc:7lxh3z26naoque24gblpyvcf,Tabletop RPG (TTRPG) Design: Indie and Hobbyists,"This is for folks in the indie and hobbyist TTRPG space! It focuses on system designers, but writers and content creators are welcome as well.",2026-02-06T00:16:37Z
at://did:plc:7lxh3z26naoque24gblpyvcf/app.bsky.graph.starterpack/3lbl2r2rj5z2l,did:plc:7lxh3z26naoque24gblpyvcf,Tabletop RPG (TTRPG) Design: Indie and Hobbyists 2,"This is for more folks in the indie and hobbyist TTRPG space! It focuses on system designers, but writers and content creators are welcome too.",2026-02-06T00:16:37Z
at://did:plc:7lxh3z26naoque24gblpyvcf/app.bsky.graph.starterpack/3lkr3afsiqu2u,did:plc:7lxh3z26naoque24gblpyvcf,Tabletop RPG (TTRPG) Design: Indie and Hobbyists 3,"This is for more folks in the indie and hobbyist TTRPG space! It focuses on system designers, but writers and content creators are welcome too.",2026-02-06T00:16:37Z
at://did:plc:7x2plxctk4aj7vkb74o7clw5/app.bsky.graph.starterpack/3lglrodukq723,did:plc:7x2plxctk4aj7vkb74o7clw5,Politiques,Les engagés de gôche,2026-02-06T00:17:34Z
at://did:plc:7x2plxctk4aj7vkb74o7clw5/app.bsky.graph.starterpack/3lglrsrcy4s2t,did:plc:7x2plxctk4aj7vkb74o7clw5,Pass'Sciences,Hors environnement et astro (listes dissociées),2026-02-06T00:17:34Z
at://did:plc:7x2plxctk4aj7vkb74o7clw5/app.bsky.graph.starterpack/3lglusyqdce2g,did:plc:7x2plxctk4aj7vkb74o7clw5,Vidéastes de divertissement,"Jeux vidéos, JdR, culture pop...
Originaire de Youtube et Twitch",2026-02-06T00:17:33Z
at://did:plc:7x2plxctk4aj7vkb74o7clw5/app.bsky.graph.starterpack/3lglwpniz7k2v,did:plc:7x2plxctk4aj7vkb74o7clw5,Pass'Sciences de l'environnement,"Si tu ne devais t'abonner qu'à une seule de mes listes de recommandation, c'est celle-là. Mais jette un œil aux autres quand même",2026-02-06T00:17:33Z
at://did:plc:7x2plxctk4aj7vkb74o7clw5/app.bsky.graph.starterpack/3lglxyjm3nv2k,did:plc:7x2plxctk4aj7vkb74o7clw5,Pass'Sciences d'Astronomie,Nouveau Programme Odyssée ::),2026-02-06T00:17:33Z
at://did:plc:abmm65vkcwz6rzs3rm2eqeum/app.bsky.graph.starterpack/3lko6sd4ndz2j,did:plc:abmm65vkcwz6rzs3rm2eqeum,Artistes de Montréal | Artists of Montreal,"Regroupement d'artistes qui résident à Montréal ou dans les environs
Group of artists based in or around Montreal",2026-02-06T00:16:42Z
at://did:plc:afeyxcf4y2pp43biklnpf4yb/app.bsky.graph.starterpack/3lb5eqkekju2x,did:plc:afeyxcf4y2pp43biklnpf4yb,VTuber Nobility 👑,"Monarchs, heirs to the throne, aristocrats, and knights of all kinds - this starter pack is meant to highlight virtual creators of high standing, regardless of medium! Not at all limited to European hierarchical structures.",2026-02-06T00:16:53Z
at://did:plc:aijwjbqn7gbcvinombzln2n6/app.bsky.graph.starterpack/3ld3goxqtbb22,did:plc:aijwjbqn7gbcvinombzln2n6,Guardians of Democracy,Major Resisters Everyone Should Follow to Learn How to Preserve Our Democracy and Have Hope.,2026-02-06T00:17:33Z
at://did:plc:aijwjbqn7gbcvinombzln2n6/app.bsky.graph.starterpack/3ld7tsuzrmx23,did:plc:aijwjbqn7gbcvinombzln2n6,We'll Get through this Together,"It's January 22, 2025, and we can not believe who's in power... again.

From small accounts to large accounts, these are the people helping me get through this.",2026-02-06T00:17:32Z
at://did:plc:aijwjbqn7gbcvinombzln2n6/app.bsky.graph.starterpack/3lgfxthrqpf2u,did:plc:aijwjbqn7gbcvinombzln2n6,January 22 Guardians of Democracy,"From Small Accounts to Large Accounts, these are the people helping me get through the next few years.",2026-02-06T00:17:32Z
at://did:plc:aijwjbqn7gbcvinombzln2n6/app.bsky.graph.starterpack/3lgkjb2cknv2l,did:plc:aijwjbqn7gbcvinombzln2n6,Good Trouble,"If we have learned little more this past week, it should be how much more we need each other.

Advocates for Special Needs and Immigration, Journalists, Podcasters, Bloggers, and Activists.

Another collection of accounts ranging from large to small who are getting into good trouble.",2026-02-06T00:17:32Z
at://did:plc:aijwjbqn7gbcvinombzln2n6/app.bsky.graph.starterpack/3lhprfs66nc2t,did:plc:aijwjbqn7gbcvinombzln2n6,🪷CherylBlueWave🪷,"🪷People Making a Difference

Volume 1",2026-02-06T00:17:32Z
at://did:plc:aijwjbqn7gbcvinombzln2n6/app.bsky.graph.starterpack/3lhue2nsuve2l,did:plc:aijwjbqn7gbcvinombzln2n6,🦋CherylBlueWave🦋,"People Making a Difference

Vol. 2",2026-02-06T00:17:31Z
at://did:plc:aijwjbqn7gbcvinombzln2n6/app.bsky.graph.starterpack/3lis7qqvcrq2c,did:plc:aijwjbqn7gbcvinombzln2n6,"Small Accounts 200- 2,500 Followers",We Rise by Lifting Others,2026-02-06T00:17:31Z
at://did:plc:aijwjbqn7gbcvinombzln2n6/app.bsky.graph.starterpack/3lj4zsxc6h42r,did:plc:aijwjbqn7gbcvinombzln2n6,People Making a Difference Vol 3.,"🏳️‍⚧️🏳️‍🌈🇺🇦CherylBlueWave🇺🇦🏳️‍🌈🏳️‍⚧️

A mix of small and large accounts.",2026-02-06T00:17:31Z
at://did:plc:aijwjbqn7gbcvinombzln2n6/app.bsky.graph.starterpack/3lkr2rk5jiu23,did:plc:aijwjbqn7gbcvinombzln2n6,Amazing People Who Lift Each Other Up,"@CherylBlueWave
The people in this Starter Pack motivate us to continue fighting for our rights and restore our Democracy.",2026-02-06T00:17:31Z
at://did:plc:aijwjbqn7gbcvinombzln2n6/app.bsky.graph.starterpack/3lnvmamxfxq2r,did:plc:aijwjbqn7gbcvinombzln2n6,CherylBlueWave We are the Storm,CherylBlueWave,2026-02-06T00:17:31Z
at://did:plc:aijwjbqn7gbcvinombzln2n6/app.bsky.graph.starterpack/3loordotk342l,did:plc:aijwjbqn7gbcvinombzln2n6,CherylBlueWave People Who Bring Us Together,"CherylBlueWave

People Who Bring Us Together
Building Our Community with Starter Packs",2026-02-06T00:17:30Z
at://did:plc:aijwjbqn7gbcvinombzln2n6/app.bsky.graph.starterpack/3lorh3dn7m52n,did:plc:aijwjbqn7gbcvinombzln2n6,@CherylBlueWave  Small Accounts 100-2000 Followers,"@CherylBlueWave

Small Accounts, most have fewer than 500 followers, many have fewer Than 1K followers",2026-02-06T00:17:30Z
at://did:plc:aijwjbqn7gbcvinombzln2n6/app.bsky.graph.starterpack/3lustsjv3ge2f,did:plc:aijwjbqn7gbcvinombzln2n6,CherylBlueWave  Against Alligator Alcatraz,"CherylBlueWave

Close Alligator Alcatraz",2026-02-06T00:17:30Z
at://did:plc:aijwjbqn7gbcvinombzln2n6/app.bsky.graph.starterpack/3lvcvnunjbh2z,did:plc:aijwjbqn7gbcvinombzln2n6,CherylBlueWave No Kings,,2026-02-06T00:17:30Z
at://did:plc:aijwjbqn7gbcvinombzln2n6/app.bsky.graph.starterpack/3lwr4lrltwk2t,did:plc:aijwjbqn7gbcvinombzln2n6,CheryBlueWave: Keepers of the Flame,"Keepers of the Flame

People Who Stand Strong and True",2026-02-06T00:17:30Z
at://did:plc:aijwjbqn7gbcvinombzln2n6/app.bsky.graph.starterpack/3lx6o45aomq2t,did:plc:aijwjbqn7gbcvinombzln2n6,CherylBlueWave: Small Accounts,"Accounts with Fewer than 2K followers.

Many Have Fewer than 1K followers",2026-02-06T00:17:30Z
at://did:plc:aijwjbqn7gbcvinombzln2n6/app.bsky.graph.starterpack/3lxq3tmmunx2d,did:plc:aijwjbqn7gbcvinombzln2n6,CherylBlueWave: People Who Bring Us Together Vol 2,,2026-02-06T00:17:29Z
at://did:plc:aijwjbqn7gbcvinombzln2n6/app.bsky.graph.starterpack/3lybo36nx622v,did:plc:aijwjbqn7gbcvinombzln2n6,CherylBlueWave: Sundaes & Birthday Cake,"Thank you for joining me on this  journey with ups and downs.

Through it all, we've persisted.",2026-02-06T00:17:29Z
at://did:plc:aijwjbqn7gbcvinombzln2n6/app.bsky.graph.starterpack/3lzosfu3gb62e,did:plc:aijwjbqn7gbcvinombzln2n6,Guardians of Tomorrow #1,"We believe Health Care is a Human Right and Love is Love.

We want a better world for our children and our children's children.

To save these things, we need to have the courage to #ShutItDown",2026-02-06T00:17:29Z
at://did:plc:aijwjbqn7gbcvinombzln2n6/app.bsky.graph.starterpack/3m3nzlllrjq2e,did:plc:aijwjbqn7gbcvinombzln2n6,CherylBlueWave No Kings 2,Incredible people who know how to preserve democracy and live life to the fullest.,2026-02-06T00:17:29Z
at://did:plc:aijwjbqn7gbcvinombzln2n6/app.bsky.graph.starterpack/3m4f6rolkoz2r,did:plc:aijwjbqn7gbcvinombzln2n6,CherylBlueWave: Fund Snap & Save Healthcare,"Trump will be ending SNAP benefits right before Thanksgiving and the Winter Holiday Season.

He's even refused to use contingency funds to cover November SNAP benefits.",2026-02-06T00:17:28Z
at://did:plc:aijwjbqn7gbcvinombzln2n6/app.bsky.graph.starterpack/3m4giaydmuu23,did:plc:aijwjbqn7gbcvinombzln2n6,CherylBlueWave No Kings 3,"The self-named King, while basically saying, ""Let them eat cake,"" taking away money for food  and laying people off by the tens of thousands.",2026-02-06T00:17:28Z
at://did:plc:aijwjbqn7gbcvinombzln2n6/app.bsky.graph.starterpack/3m5gq3j2yzz2s,did:plc:aijwjbqn7gbcvinombzln2n6,CherylBlueWave: Don't Stop Believing,"When the skies are a little darker, remember your friends; the ones who've walked beside you, shared  pet pictures with you, and are there for you rain or shine.",2026-02-06T00:17:28Z
at://did:plc:aijwjbqn7gbcvinombzln2n6/app.bsky.graph.starterpack/3mbudyy2koj2r,did:plc:aijwjbqn7gbcvinombzln2n6,Cheryl🌊 2026 Year for a BlueWave in Congress,"We have an unprecedented opportunity to take back the House.

The people in this pack are loyal friends, incredible people, and stalwart believers in our democracy

This is our year!",2026-02-06T00:17:28Z
at://did:plc:b457xtdpepvts4asxy2jhs2q/app.bsky.graph.starterpack/3ldln2v2kdg2k,did:plc:b457xtdpepvts4asxy2jhs2q,test,test,2026-02-06T00:17:34Z
at://did:plc:b457xtdpepvts4asxy2jhs2q/app.bsky.graph.starterpack/3lf6hqo3pvd2i,did:plc:b457xtdpepvts4asxy2jhs2q,HSC Member Starter Pack,Follow human services nonprofits and advocates across New York State,2026-02-06T00:17:34Z
at://did:plc:bvq5vsdzswpjuiywpgzxoj4o/app.bsky.graph.starterpack/3lfs7l35c5n2y,did:plc:bvq5vsdzswpjuiywpgzxoj4o,🌹CosmicRose✨'s VETTED Starter Pack,"These accounts are Good to go.
Please Follow ALL then ✨#SparkleON✨",2026-02-06T00:16:55Z
at://did:plc:bvq5vsdzswpjuiywpgzxoj4o/app.bsky.graph.starterpack/3lkido4kdjp2o,did:plc:bvq5vsdzswpjuiywpgzxoj4o,🌹CosmicRose's #AURORA Starter Pack💜,"Starter Pack for #AURORA watchers/photogs 
and #Astrophotographers.
Let's follow each other and Share the Natural Beauty
of the Auroras and our Universe. 

💜""Let the Beauty you LOVE, BE what You DO.""🌹",2026-02-06T00:16:54Z
at://did:plc:bvq5vsdzswpjuiywpgzxoj4o/app.bsky.graph.starterpack/3lmwifvi7sm25,did:plc:bvq5vsdzswpjuiywpgzxoj4o,🌹CosmicRose💜's Starter Pack of ✨Sparklers✨,"A ✨SparkleON✨ Starter PACK of Sparklers
On Bsky ~ Everyone Follow Each Other💜🌹",2026-02-06T00:16:54Z
at://did:plc:cg3uf43becdeeqapjrbd3syu/app.bsky.graph.starterpack/3lbxb4cyjth2m,did:plc:cg3uf43becdeeqapjrbd3syu,ODPs on BlueSky,"Operating Department Practitioners - the most rewarding job that you've never heard of. Find out what they do by following these people!

Contact me to be added.",2026-02-06T00:17:27Z
at://did:plc:e5y74ehsyym65lxx2s5xkmla/app.bsky.graph.starterpack/3ljlk4272z42a,did:plc:e5y74ehsyym65lxx2s5xkmla,Iowa,List of iowa posters,2026-02-06T00:16:34Z
at://did:plc:e5y74ehsyym65lxx2s5xkmla/app.bsky.graph.starterpack/3ljnxjuwkua2f,did:plc:e5y74ehsyym65lxx2s5xkmla,Iowa 2,List of posters that live in Iowa.,2026-02-06T00:16:33Z
at://did:plc:e5y74ehsyym65lxx2s5xkmla/app.bsky.graph.starterpack/3lk2uj3kjye2u,did:plc:e5y74ehsyym65lxx2s5xkmla,Iowa 3,People in iowa.  If you want in @ me “add me to Iowa “ and say what city or area you’re from. Please first check that you aren’t already in the first 2 packs. Let me know if ive accidentally listed you twice or if you do not live in Iowa.,2026-02-06T00:16:33Z
at://did:plc:fm5ae2huzo25llwmny5sv2pe/app.bsky.graph.starterpack/3lkr3nbvjkw2q,did:plc:fm5ae2huzo25llwmny5sv2pe,@‪zinnkortenchomsky.bsky.…'s Starter Pack,,2026-02-06T00:16:42Z
at://did:plc:jvb5sfyofkdzgt53dvqgr45r/app.bsky.graph.starterpack/3ljzobsptww2l,did:plc:jvb5sfyofkdzgt53dvqgr45r,Archival Resources,Accounts and Websites that work toward archiving climate data and education,2026-02-06T00:17:28Z
at://did:plc:k33vfygdmtjwqjqekcdgujbj/app.bsky.graph.starterpack/3mch6wn2wom2n,did:plc:k33vfygdmtjwqjqekcdgujbj,favorite artists,"i follow a lot of artists on here, and these are my favorites. you should follow them, too! heads up for nsfw",2026-02-06T00:16:55Z
at://did:plc:k4ygxco5hestlipl4dfvlenl/app.bsky.graph.starterpack/3ljyhhk7zpc2y,did:plc:k4ygxco5hestlipl4dfvlenl,pack 1  full (150),true blue,2026-02-06T00:17:25Z
at://did:plc:k4ygxco5hestlipl4dfvlenl/app.bsky.graph.starterpack/3lk2h5ty4x626,did:plc:k4ygxco5hestlipl4dfvlenl,informative and no non-sense  (full 150),informative accounts (they don't kiss orange ass or any elected asses),2026-02-06T00:17:25Z
at://did:plc:k4ygxco5hestlipl4dfvlenl/app.bsky.graph.starterpack/3lkgnlldpk326,did:plc:k4ygxco5hestlipl4dfvlenl,pack 2  full (150),true blue accounts,2026-02-06T00:17:25Z
at://did:plc:k4ygxco5hestlipl4dfvlenl/app.bsky.graph.starterpack/3lklc4lwopo27,did:plc:k4ygxco5hestlipl4dfvlenl,pack 3 full (150),blue democracy fighters,2026-02-06T00:17:24Z
at://did:plc:k4ygxco5hestlipl4dfvlenl/app.bsky.graph.starterpack/3lkw76mfe6f2a,did:plc:k4ygxco5hestlipl4dfvlenl,pack 4  full (150),"blue, fight for democracy.",2026-02-06T00:17:24Z
at://did:plc:k4ygxco5hestlipl4dfvlenl/app.bsky.graph.starterpack/3ll4ursxmwe2f,did:plc:k4ygxco5hestlipl4dfvlenl,pack 5 full (150),blue democracy,2026-02-06T00:17:24Z
at://did:plc:k4ygxco5hestlipl4dfvlenl/app.bsky.graph.starterpack/3ll7wr43zcb2g,did:plc:k4ygxco5hestlipl4dfvlenl,pack 6 full (150),"blue, democracy fighters",2026-02-06T00:17:24Z
at://did:plc:k4ygxco5hestlipl4dfvlenl/app.bsky.graph.starterpack/3llgzfpkfv527,did:plc:k4ygxco5hestlipl4dfvlenl,pack 7 full (150),"blue resisters, fighting for democracy.",2026-02-06T00:17:24Z
at://did:plc:k4ygxco5hestlipl4dfvlenl/app.bsky.graph.starterpack/3llhysr7zck2n,did:plc:k4ygxco5hestlipl4dfvlenl,pack 8 full (150),blue fight to save democracy,2026-02-06T00:17:23Z
at://did:plc:k4ygxco5hestlipl4dfvlenl/app.bsky.graph.starterpack/3lln77qwc2i2i,did:plc:k4ygxco5hestlipl4dfvlenl,pack 9 full (150),blue fight for democracy,2026-02-06T00:17:23Z
at://did:plc:k4ygxco5hestlipl4dfvlenl/app.bsky.graph.starterpack/3llrhzwzxhr2g,did:plc:k4ygxco5hestlipl4dfvlenl,pack 10 full (150),"blue ...we are not going back, fight for democracy
I do add a few photography, flowers, animals accounts.
the way the world is now, we need to take a break even if only for a few minutes.",2026-02-06T00:17:23Z
at://did:plc:k4ygxco5hestlipl4dfvlenl/app.bsky.graph.starterpack/3llugjcj7xh2s,did:plc:k4ygxco5hestlipl4dfvlenl,pack 11 full (150),democracy,2026-02-06T00:17:23Z
at://did:plc:k4ygxco5hestlipl4dfvlenl/app.bsky.graph.starterpack/3llw7am6n4k2q,did:plc:k4ygxco5hestlipl4dfvlenl,pack 12 full (150),"fight for democracy, our rights.",2026-02-06T00:17:22Z
at://did:plc:k4ygxco5hestlipl4dfvlenl/app.bsky.graph.starterpack/3llwpdyw64h2q,did:plc:k4ygxco5hestlipl4dfvlenl,pack 13 full (150),"blue, fighting for our rights, democracy, we won't be silent.",2026-02-06T00:17:22Z
at://did:plc:k4ygxco5hestlipl4dfvlenl/app.bsky.graph.starterpack/3llyujwa7dt2q,did:plc:k4ygxco5hestlipl4dfvlenl,pack 14 full (150),"blue, keep our voices strong, resisters",2026-02-06T00:17:22Z
at://did:plc:k4ygxco5hestlipl4dfvlenl/app.bsky.graph.starterpack/3llzp2n4qpo2q,did:plc:k4ygxco5hestlipl4dfvlenl,pack 15 full (150),blue resisters,2026-02-06T00:17:22Z
at://did:plc:k4ygxco5hestlipl4dfvlenl/app.bsky.graph.starterpack/3lm6iq3fjzx2s,did:plc:k4ygxco5hestlipl4dfvlenl,pack 16 full (150),"blue, democracy fighters, not going back.",2026-02-06T00:17:22Z
at://did:plc:k4ygxco5hestlipl4dfvlenl/app.bsky.graph.starterpack/3lmatantsqv2z,did:plc:k4ygxco5hestlipl4dfvlenl,pack 17 full (150),democracy fighters.,2026-02-06T00:17:21Z
at://did:plc:k4ygxco5hestlipl4dfvlenl/app.bsky.graph.starterpack/3lmdhzhbtkj2g,did:plc:k4ygxco5hestlipl4dfvlenl,pack 18 full (150),"blue, democracy fighters",2026-02-06T00:17:21Z
at://did:plc:k4ygxco5hestlipl4dfvlenl/app.bsky.graph.starterpack/3lmiatlnnea2g,did:plc:k4ygxco5hestlipl4dfvlenl,pack 19 full (150),"let's fight for our rights, democracy.",2026-02-06T00:17:21Z
at://did:plc:k4ygxco5hestlipl4dfvlenl/app.bsky.graph.starterpack/3lmkpmmwmjz2z,did:plc:k4ygxco5hestlipl4dfvlenl,pack 20 full (150),"blue, democracy, rights fighters",2026-02-06T00:17:21Z
at://did:plc:k4ygxco5hestlipl4dfvlenl/app.bsky.graph.starterpack/3lml4kcdjnq2s,did:plc:k4ygxco5hestlipl4dfvlenl,pack 21 full (150),blue fighters for democracy and our rights,2026-02-06T00:17:21Z
at://did:plc:k4ygxco5hestlipl4dfvlenl/app.bsky.graph.starterpack/3lmpxctkdel2e,did:plc:k4ygxco5hestlipl4dfvlenl,pack 22 full (150),"blue, democracy fighters, resisters.",2026-02-06T00:17:21Z
at://did:plc:k4ygxco5hestlipl4dfvlenl/app.bsky.graph.starterpack/3lmqhnbk3ns2f,did:plc:k4ygxco5hestlipl4dfvlenl,pack 23 full (150),"democracy fighters, resisters, treat others as you would want to be treated, kindness matters. healthcare and equal rights for all.",2026-02-06T00:17:20Z
at://did:plc:k4ygxco5hestlipl4dfvlenl/app.bsky.graph.starterpack/3lmsfcmuuiu2c,did:plc:k4ygxco5hestlipl4dfvlenl,pack 24 full (150),"blue resisters, fighters for our rights, fair and equal treatment for all.",2026-02-06T00:17:20Z
at://did:plc:k4ygxco5hestlipl4dfvlenl/app.bsky.graph.starterpack/3lmsxrlhtau2l,did:plc:k4ygxco5hestlipl4dfvlenl,pack 25 full (150),"democracy fighters, resisters, equal rights, health care for all.",2026-02-06T00:17:20Z
at://did:plc:k4ygxco5hestlipl4dfvlenl/app.bsky.graph.starterpack/3lmvbinhq7n2d,did:plc:k4ygxco5hestlipl4dfvlenl,pack 26 full (150),"resisters, democracy fighters, equal rights and health care for all.
don't stop fighting.  (will also include animal rescue & conservation, music, photography, flowers, books, things to help you unwind if you start feeling stressed in any of my starter packs)",2026-02-06T00:17:20Z
at://did:plc:k4ygxco5hestlipl4dfvlenl/app.bsky.graph.starterpack/3lmxmsiamo42f,did:plc:k4ygxco5hestlipl4dfvlenl,pack 27 full (150),"don't stop fighting for our rights, democracy.",2026-02-06T00:17:20Z
at://did:plc:k4ygxco5hestlipl4dfvlenl/app.bsky.graph.starterpack/3lmzrp235pu2y,did:plc:k4ygxco5hestlipl4dfvlenl,pack 28 full (150),"equal rights, health care for everyone. resisters, fighters, LBGQT supporters. must be anti orange.  we are all in this fight together.",2026-02-06T00:17:19Z
at://did:plc:k4ygxco5hestlipl4dfvlenl/app.bsky.graph.starterpack/3lnaxbxjxna2s,did:plc:k4ygxco5hestlipl4dfvlenl,pack 29 full (150),"blue resisters, fighting for democracy, equal rights, health care for all. 
don't give up, keep fighting.",2026-02-06T00:17:19Z
at://did:plc:k4ygxco5hestlipl4dfvlenl/app.bsky.graph.starterpack/3lnbjurlzt22q,did:plc:k4ygxco5hestlipl4dfvlenl,pack 30 full (150),"equal rights, health care for all, defenders of democracy, resisters.
anti orange.",2026-02-06T00:17:19Z
at://did:plc:k4ygxco5hestlipl4dfvlenl/app.bsky.graph.starterpack/3lng74qag5q2c,did:plc:k4ygxco5hestlipl4dfvlenl,pack 31 full (150),"resisters, health care for all, equal rights for all, democracy fighters.",2026-02-06T00:17:19Z
at://did:plc:k4ygxco5hestlipl4dfvlenl/app.bsky.graph.starterpack/3lngxu6b5bs2a,did:plc:k4ygxco5hestlipl4dfvlenl,pack 32 full (150),"equal rights for all, support lbgtq, animal rights, health care for all, resisters, fighters for democracy.",2026-02-06T00:17:19Z
at://did:plc:k4ygxco5hestlipl4dfvlenl/app.bsky.graph.starterpack/3lniutijsb52s,did:plc:k4ygxco5hestlipl4dfvlenl,pack 33 full (150),"equal rights, lbgqt, healthcare, animal/wildlife conservation. no haters,
anti-orange muskrat, democracy, freedom. we are not going back.",2026-02-06T00:17:18Z
at://did:plc:k4ygxco5hestlipl4dfvlenl/app.bsky.graph.starterpack/3lnlc7lwfup2f,did:plc:k4ygxco5hestlipl4dfvlenl,pack 34 full (150),"healthcare, equal rights, suport lbgtq, democracy, resisters.  stronger together. don't stop fighting. speak up for those who can not.",2026-02-06T00:17:18Z
at://did:plc:k4ygxco5hestlipl4dfvlenl/app.bsky.graph.starterpack/3lnnror7nae2e,did:plc:k4ygxco5hestlipl4dfvlenl,pack 35 full (150),"blue, democracy, equal rights, healthcare, support lbgqt, stronger together.",2026-02-06T00:17:18Z
at://did:plc:k4ygxco5hestlipl4dfvlenl/app.bsky.graph.starterpack/3lnogcpkqp32d,did:plc:k4ygxco5hestlipl4dfvlenl,pack 36 full (150),"democracy, equal rights and healthcare for all, support lbgqt.  don't stop fighting.",2026-02-06T00:17:18Z
at://did:plc:k4ygxco5hestlipl4dfvlenl/app.bsky.graph.starterpack/3lnq4r7psxe2k,did:plc:k4ygxco5hestlipl4dfvlenl,pack 37 full (150),"equal rights and healthcare for all, resisters, wildlife, photography, support lbgqt, music, books.  anti orange, democracy fighters.",2026-02-06T00:17:17Z
at://did:plc:k4ygxco5hestlipl4dfvlenl/app.bsky.graph.starterpack/3lnv5ae6yzr2c,did:plc:k4ygxco5hestlipl4dfvlenl,pack 38 full (150),"blue resisters, democracy fighters, equal rights and healthcare for all.  
hands off our soc. sec. don't stop fighting.",2026-02-06T00:17:17Z
at://did:plc:k4ygxco5hestlipl4dfvlenl/app.bsky.graph.starterpack/3lnvxb5sglt2c,did:plc:k4ygxco5hestlipl4dfvlenl,pack 39 full (150),"don't stop fighting. stronger together.  blue, democracy fighters, equal rights, healthcare for all, support lbgqt.",2026-02-06T00:17:17Z
at://did:plc:k4ygxco5hestlipl4dfvlenl/app.bsky.graph.starterpack/3lnxz7guyrp2f,did:plc:k4ygxco5hestlipl4dfvlenl,pack 40 full (150),"anti-orange. democracy fighter, resister, support lbgqt, equal rights & healthcare for all, support local rescues.",2026-02-06T00:17:17Z
at://did:plc:k4ygxco5hestlipl4dfvlenl/app.bsky.graph.starterpack/3lo2dqtbevh22,did:plc:k4ygxco5hestlipl4dfvlenl,pack 41 full (150),"democracy fighters, blue resisters, support lbgqt, animal rights,  anti-orange idiot. stay strong, we are all in this together.",2026-02-06T00:17:17Z
at://did:plc:k4ygxco5hestlipl4dfvlenl/app.bsky.graph.starterpack/3lo532vga362d,did:plc:k4ygxco5hestlipl4dfvlenl,pack 42 full (150),"keepers of the flame, democracy fighters, blue resisters, support lbgqt, animal rescue, equal rights, healthcare for all",2026-02-06T00:17:17Z
at://did:plc:k4ygxco5hestlipl4dfvlenl/app.bsky.graph.starterpack/3lo7qgejtzl2h,did:plc:k4ygxco5hestlipl4dfvlenl,pack 43 full (150),"equal rights and health care for all, democracy fighters, support lbgqt, animal rights,  not going back, anti-orange. keep fighting. no stopping us.",2026-02-06T00:17:16Z
at://did:plc:k4ygxco5hestlipl4dfvlenl/app.bsky.graph.starterpack/3lobslnmeei2a,did:plc:k4ygxco5hestlipl4dfvlenl,pack 43 full (150),"never give up, equal rights, healthcare, democracy, freedome, support lbgqt, animal rescues.  anti-orange.",2026-02-06T00:17:16Z
at://did:plc:k4ygxco5hestlipl4dfvlenl/app.bsky.graph.starterpack/3local5mt5z2y,did:plc:k4ygxco5hestlipl4dfvlenl,pack 44 full (150),"democracy fighters, resisters, support lbgqt, animal rights, health care, equal rights for all.  stronger together.",2026-02-06T00:17:16Z
at://did:plc:k4ygxco5hestlipl4dfvlenl/app.bsky.graph.starterpack/3loeeykrtpt2a,did:plc:k4ygxco5hestlipl4dfvlenl,pack 45 full (150),"blue resisters, democracy fighters, support lbgqt, animal rights, conservation, equal rights, healthcare for all, anti-orange.",2026-02-06T00:17:15Z
at://did:plc:k4ygxco5hestlipl4dfvlenl/app.bsky.graph.starterpack/3loejybskiw2a,did:plc:k4ygxco5hestlipl4dfvlenl,pack 46  full (150),"resisters, democracy fighters, support lbgqt, animal rights, health care for all , equal rights for all,  anti-orange",2026-02-06T00:17:15Z
at://did:plc:k4ygxco5hestlipl4dfvlenl/app.bsky.graph.starterpack/3logna6qw6f2i,did:plc:k4ygxco5hestlipl4dfvlenl,pack 47 full (150),"democracy, equal rights and health care for all, support lbgqt, animal rights, conservation.  anti-orange.",2026-02-06T00:17:15Z
at://did:plc:k4ygxco5hestlipl4dfvlenl/app.bsky.graph.starterpack/3lohd6exefw2s,did:plc:k4ygxco5hestlipl4dfvlenl,pack 48 Full (150),"blue resisters, democracy fighters, support lbgqt, animal rights, equal rights and health care for all.",2026-02-06T00:17:15Z
at://did:plc:k4ygxco5hestlipl4dfvlenl/app.bsky.graph.starterpack/3lojh6eoiry24,did:plc:k4ygxco5hestlipl4dfvlenl,pack 49 full (150),stronger together. anti-orange.,2026-02-06T00:17:15Z
at://did:plc:k4ygxco5hestlipl4dfvlenl/app.bsky.graph.starterpack/3lok35n2diz2y,did:plc:k4ygxco5hestlipl4dfvlenl,"informative, no non-sense pack 2","don't bend the knee, informative, no non-sense news.

if you know of an account that would be a good fit, please let me know.",2026-02-06T00:17:15Z
at://did:plc:k4ygxco5hestlipl4dfvlenl/app.bsky.graph.starterpack/3looqgxl5zy24,did:plc:k4ygxco5hestlipl4dfvlenl,pack 50 full (150),"democracy fighters, resisters, support lbgqt, animal rights, equal rights and healthcare for all.  anti-orange.",2026-02-06T00:17:14Z
at://did:plc:k4ygxco5hestlipl4dfvlenl/app.bsky.graph.starterpack/3loqybgpxug24,did:plc:k4ygxco5hestlipl4dfvlenl,pack 51 full (150),"equal rights and healthcare for all, democracy,support lbgqt, animal rights, resisters, don't bend the knee.",2026-02-06T00:17:14Z
at://did:plc:k4ygxco5hestlipl4dfvlenl/app.bsky.graph.starterpack/3lorjondels22,did:plc:k4ygxco5hestlipl4dfvlenl,pack 52 full (150),"anti-orange, blue resisters, democracy fighters, equal rights, health care for all, support lbgqt, animal rights, conservation.",2026-02-06T00:17:14Z
at://did:plc:k4ygxco5hestlipl4dfvlenl/app.bsky.graph.starterpack/3lotr35z7x62s,did:plc:k4ygxco5hestlipl4dfvlenl,pack 53 full (150),"resisters, support lbgqt, animal rights, support local animal rescue, equal rights and healthcare for all.
will also include, photography, flowers, music.",2026-02-06T00:17:14Z
at://did:plc:k4ygxco5hestlipl4dfvlenl/app.bsky.graph.starterpack/3lovydonqwa2s,did:plc:k4ygxco5hestlipl4dfvlenl,pack 54 full(150),"resisters, democracy fighters, supporters of lbgqt, animal rights, equal rights and healthcare for all.",2026-02-06T00:17:13Z
at://did:plc:k4ygxco5hestlipl4dfvlenl/app.bsky.graph.starterpack/3lowbpxf5jk2h,did:plc:k4ygxco5hestlipl4dfvlenl,pack 55 full (150),"democracy fights, resisters, supporters of lbgqt, equal rights, healthcare for all, animal rescues, anti-orange",2026-02-06T00:17:13Z
at://did:plc:k4ygxco5hestlipl4dfvlenl/app.bsky.graph.starterpack/3loyif6wesw2a,did:plc:k4ygxco5hestlipl4dfvlenl,pack 56 full (150),"blue crew, resisters, democracy fighters, supporters of lbgqt, animal rescues, equal rights and healthcare for all,  anti-orange",2026-02-06T00:17:13Z
at://did:plc:k4ygxco5hestlipl4dfvlenl/app.bsky.graph.starterpack/3loywry7j4u24,did:plc:k4ygxco5hestlipl4dfvlenl,pack 57 full (150),"equal rights and health care for everyone, supporters of lbgqt, animal rescues, blue resisters, democracy fighters, hands off our social security. medicare, medicaid.",2026-02-06T00:17:13Z
at://did:plc:k4ygxco5hestlipl4dfvlenl/app.bsky.graph.starterpack/3lp2zn646at2u,did:plc:k4ygxco5hestlipl4dfvlenl,pack 58 full (150),"health care, equal rights for all, hands off our soc. sec, medicare, medicaid, blue resisters, democracy fighters, anti-orange",2026-02-06T00:17:13Z
at://did:plc:k4ygxco5hestlipl4dfvlenl/app.bsky.graph.starterpack/3lp3golfo2y2y,did:plc:k4ygxco5hestlipl4dfvlenl,pack 59 full (150),"blue resisters, equal rights and healthcare for all. support lbgqt, animal rescues, anti-orange.",2026-02-06T00:17:13Z
at://did:plc:k4ygxco5hestlipl4dfvlenl/app.bsky.graph.starterpack/3lpeuhyyz3p24,did:plc:k4ygxco5hestlipl4dfvlenl,pack 60 full (150),"don't stop fighting. stand up for those who can not.  blue resisters, democracy fighters, supporters lbgqt, animal rescues. hands off soc sec, medicaid, medicare. anti-orange",2026-02-06T00:17:12Z
at://did:plc:k4ygxco5hestlipl4dfvlenl/app.bsky.graph.starterpack/3lpevbll3up22,did:plc:k4ygxco5hestlipl4dfvlenl,pack 61 full (150),"resisters, democracy, anti-orange. support lbgqt, animal rescues, equal rights, healthcare for all, don't stop fighting. we are stronger together.",2026-02-06T00:17:12Z
at://did:plc:k4ygxco5hestlipl4dfvlenl/app.bsky.graph.starterpack/3lphgs3ndm222,did:plc:k4ygxco5hestlipl4dfvlenl,pack 62,"equal rights, healthcare for all, support lbgqt, animal rescues, blue resisters, democracy defenders, anti-orange.",2026-02-06T00:17:12Z
at://did:plc:k4ygxco5hestlipl4dfvlenl/app.bsky.graph.starterpack/3lphxpskln42e,did:plc:k4ygxco5hestlipl4dfvlenl,pack 63 full (150),"resisters, democracy defenders, supporters of animal rights, lbgqt.
photography, music, writers.",2026-02-06T00:17:12Z
at://did:plc:k4ygxco5hestlipl4dfvlenl/app.bsky.graph.starterpack/3lpi5wzuv3z2o,did:plc:k4ygxco5hestlipl4dfvlenl,pack 64 full (150),"blue resisters, democracy defenders, supporters of lbgqt, animal rescues. equal rights and healthcare for all.",2026-02-06T00:17:11Z
at://did:plc:k4ygxco5hestlipl4dfvlenl/app.bsky.graph.starterpack/3lpjskkulxh23,did:plc:k4ygxco5hestlipl4dfvlenl,pack 65 full (150),"resisters, defenders of democracy, equal rights and healthcare for all. support lbgqt, animal rescues. anti-orange.",2026-02-06T00:17:11Z
at://did:plc:k4ygxco5hestlipl4dfvlenl/app.bsky.graph.starterpack/3lpjwnaco2b2s,did:plc:k4ygxco5hestlipl4dfvlenl,pack 66 full (150),"blue resisters, democracy defenders, healthcare, equal rights for all, support lbgqt, animal rescues.  anti-orange.",2026-02-06T00:17:11Z
at://did:plc:k4ygxco5hestlipl4dfvlenl/app.bsky.graph.starterpack/3lpk63z7i2t2h,did:plc:k4ygxco5hestlipl4dfvlenl,pack 67 full (150),"democracy defenders, blue resisters, anti-orange, equal rights and healthcare for all.  support lbgqt, animal rescues",2026-02-06T00:17:11Z
at://did:plc:k4ygxco5hestlipl4dfvlenl/app.bsky.graph.starterpack/3lpkojrfbvn2d,did:plc:k4ygxco5hestlipl4dfvlenl,pack 68 full (150),"blue resisters, democracy defenders, support lbgqt, animal rights
equal rights and healthcare for all.",2026-02-06T00:17:11Z
at://did:plc:k4ygxco5hestlipl4dfvlenl/app.bsky.graph.starterpack/3lpmouzkfjk2h,did:plc:k4ygxco5hestlipl4dfvlenl,pack 69 full (150),"resisters, democracy defenders, equal rights, health care for all, support lbgqt, animal rescues.",2026-02-06T00:17:10Z
at://did:plc:k4ygxco5hestlipl4dfvlenl/app.bsky.graph.starterpack/3lprla4ggsw2s,did:plc:k4ygxco5hestlipl4dfvlenl,pack 70 full (150),"resisters, democracy defenders, equal rights, health care for all, support lbgqt, animal rescues, hands off our soc. sec., medicare, medicaid. 
anti-orange",2026-02-06T00:17:10Z
at://did:plc:k4ygxco5hestlipl4dfvlenl/app.bsky.graph.starterpack/3lpwn2pisib26,did:plc:k4ygxco5hestlipl4dfvlenl,pack 71 full (150),"blue resisters, democracy defenders, support lbgqt, animal rights, equal rights and healthcare for all.  anti-orange",2026-02-06T00:17:10Z
at://did:plc:k4ygxco5hestlipl4dfvlenl/app.bsky.graph.starterpack/3lpzntlvufy23,did:plc:k4ygxco5hestlipl4dfvlenl,pack 72 full (150),"blue resisters, democracy defenders, support lbgqt, animal rescues, equal rights, healthcare for all. anti-orange.",2026-02-06T00:17:10Z
at://did:plc:k4ygxco5hestlipl4dfvlenl/app.bsky.graph.starterpack/3lq46lg6rb62p,did:plc:k4ygxco5hestlipl4dfvlenl,pack 73 full (150),"democracy defenders, equal rights, health care for all, support lbgqt, animal rescues, resisters, hands off our soc. sec., medicare, medicaid. 
anti-orange.",2026-02-06T00:17:10Z
at://did:plc:k4ygxco5hestlipl4dfvlenl/app.bsky.graph.starterpack/3lqdbhdcz5h2d,did:plc:k4ygxco5hestlipl4dfvlenl,pack 74 full (150),"resisters, democracy defenders, support lbgqt, animal rescues, equal rights and health care for all.  anti-oranged deranged idiot.",2026-02-06T00:17:10Z
at://did:plc:k4ygxco5hestlipl4dfvlenl/app.bsky.graph.starterpack/3lqdbr32rgd27,did:plc:k4ygxco5hestlipl4dfvlenl,pack 75 full (150),"blue resisters, equal rights and healthcare for all, democracy defenders, support lbgqt, animal rescues  anti-orange",2026-02-06T00:17:10Z
at://did:plc:k4ygxco5hestlipl4dfvlenl/app.bsky.graph.starterpack/3lqgazp6ucp23,did:plc:k4ygxco5hestlipl4dfvlenl,pack 76 full (150),"blue resisters, democracy defenders, supporters of lbgqt, animal rescues, equal rights & healthcare for all.  anti-orange ...",2026-02-06T00:17:09Z
at://did:plc:k4ygxco5hestlipl4dfvlenl/app.bsky.graph.starterpack/3lqibf6tse72s,did:plc:k4ygxco5hestlipl4dfvlenl,pack 77 full (150),"blue resisters, democracy defenders, equal rights and healthcare for all, support lbgqt, animal rescues.  anti-orange. don't stop fighting.",2026-02-06T00:17:09Z
at://did:plc:k4ygxco5hestlipl4dfvlenl/app.bsky.graph.starterpack/3lqiivca24r2a,did:plc:k4ygxco5hestlipl4dfvlenl,pack 78 full (150),"democracy defenders, resisters, support lbgqt, animal rescues, equal rights, health care for all.   anti-orange.",2026-02-06T00:17:09Z
at://did:plc:k4ygxco5hestlipl4dfvlenl/app.bsky.graph.starterpack/3lqiryx7trd2p,did:plc:k4ygxco5hestlipl4dfvlenl,pack 79 full (150),"resisters, democracy defenders, support lbgqt, animal rescues, equal rights and health care for all.  anti-orange",2026-02-06T00:17:08Z
at://did:plc:k4ygxco5hestlipl4dfvlenl/app.bsky.graph.starterpack/3lqptp4vqbp22,did:plc:k4ygxco5hestlipl4dfvlenl,pack 80 full (150),"blue resisters, democracy defenders, support lbgqt, animal rescues, equal rights, health care for all.  anti - orange",2026-02-06T00:17:08Z
at://did:plc:k4ygxco5hestlipl4dfvlenl/app.bsky.graph.starterpack/3lquzffnzcg2l,did:plc:k4ygxco5hestlipl4dfvlenl,pack 81 full (150),"resisters, democracy defenders, equal rights, health care for all, support lbgqt, animal rescues, anti-orange",2026-02-06T00:17:08Z
at://did:plc:k4ygxco5hestlipl4dfvlenl/app.bsky.graph.starterpack/3lqxoln4qnd2b,did:plc:k4ygxco5hestlipl4dfvlenl,pack 82 full (150),"resisters, democracy defenders, support lbgqt, animal rescues, equal rights and health care for all.   anti- orange taco baby.",2026-02-06T00:17:08Z
at://did:plc:k4ygxco5hestlipl4dfvlenl/app.bsky.graph.starterpack/3lqxp5oegxz27,did:plc:k4ygxco5hestlipl4dfvlenl,pack 83 full (150),"resisters, democracy defenders, support lbgqt, animal rescues, health care and equal rights for all.  anti-orange",2026-02-06T00:17:08Z
at://did:plc:k4ygxco5hestlipl4dfvlenl/app.bsky.graph.starterpack/3lr4wkx5tjt27,did:plc:k4ygxco5hestlipl4dfvlenl,pack 84 full (150),"resisters, democracy defenders, equal rights, health care for all,  support lbgqt, animal rescues, anti-orange",2026-02-06T00:17:08Z
at://did:plc:k4ygxco5hestlipl4dfvlenl/app.bsky.graph.starterpack/3lr76jisw742j,did:plc:k4ygxco5hestlipl4dfvlenl,pack 85 full (150),"equal rights, health care for all, support lbgqt, animal rescues, defend democracy, resisters, anti-orange.",2026-02-06T00:17:07Z
at://did:plc:k4ygxco5hestlipl4dfvlenl/app.bsky.graph.starterpack/3lr76xjdqam2j,did:plc:k4ygxco5hestlipl4dfvlenl,pack 86 full (150),"democracy defenders, resisters, equal rights, health care, animal rescues, lbgqt rights.  anti-orange",2026-02-06T00:17:07Z
at://did:plc:k4ygxco5hestlipl4dfvlenl/app.bsky.graph.starterpack/3lrc6yp2oh323,did:plc:k4ygxco5hestlipl4dfvlenl,pack 87 full (150),"resisters, democracy defenders, equal rights, health care for all, support lbgqt, animal rescues.   anti - orange.",2026-02-06T00:17:07Z
at://did:plc:k4ygxco5hestlipl4dfvlenl/app.bsky.graph.starterpack/3lrgra6a2fs2b,did:plc:k4ygxco5hestlipl4dfvlenl,pack 88,"anti orange, democracy defenders, blue resisters, equal rights, health care for all. support lbgqt, animal rescues.",2026-02-06T00:17:07Z
at://did:plc:k4ygxco5hestlipl4dfvlenl/app.bsky.graph.starterpack/3lrgsqnv7rp2f,did:plc:k4ygxco5hestlipl4dfvlenl,pack 89 full (150),"no kings, anti-orange,  democracy defenders, true blue resisters, equal rights, health care for all, support lbgqt, animal rescues,.",2026-02-06T00:17:07Z
at://did:plc:k4ygxco5hestlipl4dfvlenl/app.bsky.graph.starterpack/3lrjcbl3x7z2d,did:plc:k4ygxco5hestlipl4dfvlenl,pack 90 full  (150),"no kings, blue resisters, democracy defenders, equal rights and healthcare for all, support lbgqt, animal rescues.  anti-orange",2026-02-06T00:17:06Z
at://did:plc:k4ygxco5hestlipl4dfvlenl/app.bsky.graph.starterpack/3lrlshocjgo2o,did:plc:k4ygxco5hestlipl4dfvlenl,pack 91 full (150),"resisters, democracy defenders, support lbgqt, animal rescues, equal rights and health care for all.  no kings, anti-orange",2026-02-06T00:17:06Z
at://did:plc:k4ygxco5hestlipl4dfvlenl/app.bsky.graph.starterpack/3lrltbuuunm2p,did:plc:k4ygxco5hestlipl4dfvlenl,pack 92 full (150),"democracy fighters, blue resisters, anti-orange,no kings,   equal rights for all, health care for all, lbgqt supporters, animal rescues.",2026-02-06T00:17:06Z
at://did:plc:k4ygxco5hestlipl4dfvlenl/app.bsky.graph.starterpack/3lrnqsmwhqi2d,did:plc:k4ygxco5hestlipl4dfvlenl,pack 93 full (150),"no kings! anti-orange! we are resisters, democracy defenders, support lbgqt, animal rescues, equal rights and health care for everyone. also will have some photography, flowers, wildlife, poets, as we all need to take a break and regroup.",2026-02-06T00:17:06Z
at://did:plc:k4ygxco5hestlipl4dfvlenl/app.bsky.graph.starterpack/3lroctk6btm2r,did:plc:k4ygxco5hestlipl4dfvlenl,pack 94 full (150),"no kings! anti-orange!  blue resisters, democracy defenders, support lbgqt, animal rescues, equal rights and health care for all.",2026-02-06T00:17:06Z
at://did:plc:k4ygxco5hestlipl4dfvlenl/app.bsky.graph.starterpack/3lrodbjtfr62j,did:plc:k4ygxco5hestlipl4dfvlenl,pack 95 full (150),"anti-orange! no kings!  blue resisters, democracy defenders, support lbgqt, animal rescues, equal rights, healthcare for all",2026-02-06T00:17:05Z
at://did:plc:k4ygxco5hestlipl4dfvlenl/app.bsky.graph.starterpack/3lrqpna7dgk27,did:plc:k4ygxco5hestlipl4dfvlenl,pack 96,no kings! anti-orange! resisters!,2026-02-06T00:17:05Z
at://did:plc:k4ygxco5hestlipl4dfvlenl/app.bsky.graph.starterpack/3lrqqvvlhdn2p,did:plc:k4ygxco5hestlipl4dfvlenl,pack 97 full (150),"no kings! resisters, equal rights, healthcare for all, support lbgqt, animal rescues, democracy defenders!",2026-02-06T00:17:05Z
at://did:plc:k4ygxco5hestlipl4dfvlenl/app.bsky.graph.starterpack/3lry2wssvps2s,did:plc:k4ygxco5hestlipl4dfvlenl,pack 98,"resisters, democracy defenders, not going back, anti-orange, no kings.
equal rights, health care for all, support lbgqt, animal rescues",2026-02-06T00:17:05Z
at://did:plc:k4ygxco5hestlipl4dfvlenl/app.bsky.graph.starterpack/3lry3bjudg423,did:plc:k4ygxco5hestlipl4dfvlenl,pack 99 full (150),"no kings, anti-orange.  blue resisters, democracy defenders, equal rights, health care for all, not going back! support lbgqt, animal rescues.",2026-02-06T00:17:04Z
at://did:plc:k4ygxco5hestlipl4dfvlenl/app.bsky.graph.starterpack/3lrycvlzrwi23,did:plc:k4ygxco5hestlipl4dfvlenl,pack 100 full (150),"anti-orange, no kings!!!  blue resisters, democracy defenders, support lbgqt, animal rescues, equal rights, health care for all.  not going back!!!",2026-02-06T00:17:04Z
at://did:plc:k4ygxco5hestlipl4dfvlenl/app.bsky.graph.starterpack/3lrym6qzcp32r,did:plc:k4ygxco5hestlipl4dfvlenl,pack 101,"democracy defenders, blue resisters.  no kings, anti-orange. support lbgqt, animal rescues, equal rights, health care for all. we are not going back.",2026-02-06T00:17:04Z
at://did:plc:k4ygxco5hestlipl4dfvlenl/app.bsky.graph.starterpack/3ls4yqnbtfz2a,did:plc:k4ygxco5hestlipl4dfvlenl,pack 102 full (150),"no kings! blue resisters, democracy defenders, equal rights and health care for all.  support lbgqt, animal rescues. not going back.",2026-02-06T00:17:04Z
at://did:plc:k4ygxco5hestlipl4dfvlenl/app.bsky.graph.starterpack/3ls5lcdtv3u2s,did:plc:k4ygxco5hestlipl4dfvlenl,pack 103 full (150),"no kings.democracy defenders, support lbgqt, animal rescues. blue resisters. stronger together.",2026-02-06T00:17:04Z
at://did:plc:k4ygxco5hestlipl4dfvlenl/app.bsky.graph.starterpack/3ls5vn2okho2a,did:plc:k4ygxco5hestlipl4dfvlenl,pack 104 full (150),"democracy defenders, blue resisters, anti-orange, no kings, support lbgqt, animal rescues.",2026-02-06T00:17:04Z
at://did:plc:k4ygxco5hestlipl4dfvlenl/app.bsky.graph.starterpack/3ls7hs5r6xl2z,did:plc:k4ygxco5hestlipl4dfvlenl,pack 105 full (150),"No KIngs!!! Anti-orange felon!!!  blue resisters, democracy defenders, support lbgqt, animal rescues. equal rights, health care for all.",2026-02-06T00:17:03Z
at://did:plc:k4ygxco5hestlipl4dfvlenl/app.bsky.graph.starterpack/3lscbxyek5l2r,did:plc:k4ygxco5hestlipl4dfvlenl,pack 106,"no kings, anti-orange!!! blue resisters, democracy defenders, equal rights and health care for all.  support lbgqt, animal rescues.",2026-02-06T00:17:03Z
at://did:plc:k4ygxco5hestlipl4dfvlenl/app.bsky.graph.starterpack/3lscgaidsef2m,did:plc:k4ygxco5hestlipl4dfvlenl,pack 107 full (150),"no kings, anti-orange.  resisters, democracy defenders, support lbgqt, animal rescues. equal rights, health care for all.",2026-02-06T00:17:03Z
at://did:plc:k4ygxco5hestlipl4dfvlenl/app.bsky.graph.starterpack/3lsfb4xb6jq2j,did:plc:k4ygxco5hestlipl4dfvlenl,pack 108 full (150),"no kings! anti-orange! impeach!  blue resisters, democracy defenders, support lbgqt, animal rescues.",2026-02-06T00:17:03Z
at://did:plc:k4ygxco5hestlipl4dfvlenl/app.bsky.graph.starterpack/3lsjij2gww624,did:plc:k4ygxco5hestlipl4dfvlenl,pack 109 full (150),"resisters, democracy defenders, no kings, anti-orange. support lbgqt, animal rescues. not going back.",2026-02-06T00:17:03Z
at://did:plc:k4ygxco5hestlipl4dfvlenl/app.bsky.graph.starterpack/3lsjitaeaxr2y,did:plc:k4ygxco5hestlipl4dfvlenl,pack 110 full (150),"blue resisters, democracy defenders, support lbgqt, animal rescues, equal rights, health care for all.   anti-orange, no kings!",2026-02-06T00:17:02Z
at://did:plc:k4ygxco5hestlipl4dfvlenl/app.bsky.graph.starterpack/3lsoiyrdvns2e,did:plc:k4ygxco5hestlipl4dfvlenl,pack 111 full (150),"democracy defenders, resisters, equal rights and health care for all. support lbgqt, animal rescues.  no kings! anti-orange!",2026-02-06T00:17:02Z
at://did:plc:k4ygxco5hestlipl4dfvlenl/app.bsky.graph.starterpack/3lsojamu5vp24,did:plc:k4ygxco5hestlipl4dfvlenl,pack 112 full (150),"resisters, democracy defenders, equal rights, healthcare for all.  support lbgqt, animal rescues.  no kings, anti-orange.",2026-02-06T00:17:02Z
at://did:plc:k4ygxco5hestlipl4dfvlenl/app.bsky.graph.starterpack/3lsp6zobqnh23,did:plc:k4ygxco5hestlipl4dfvlenl,pack 113 full (150),"no kings, anti-orange.  resisters, democracy fighters. support lbgqt, animal rescues, equal rights, health care for all.  never stop fighting.",2026-02-06T00:17:02Z
at://did:plc:k4ygxco5hestlipl4dfvlenl/app.bsky.graph.starterpack/3lsr4uwzqjh24,did:plc:k4ygxco5hestlipl4dfvlenl,pack 114 full (150),"support lbgqt, animal rescues, resisters, democracy defenders.. anti-orange no kings!!! equal rights, health care for all.",2026-02-06T00:17:01Z
at://did:plc:k4ygxco5hestlipl4dfvlenl/app.bsky.graph.starterpack/3lsrc4z7x7h2s,did:plc:k4ygxco5hestlipl4dfvlenl,pack 115 full  (150),"no kings, anti-orange!!!  resisters, democracy defenders, not going back, support animal rescues, lbgqt, equal rights and health care for all !!!",2026-02-06T00:17:01Z
at://did:plc:k4ygxco5hestlipl4dfvlenl/app.bsky.graph.starterpack/3lstkaex67f2z,did:plc:k4ygxco5hestlipl4dfvlenl,pack 116 full (150),"democracy defends, resisters, equal rights health care for all, support lbgqt, animal rescues, be kind.  no kings, anti-orange!",2026-02-06T00:17:01Z
at://did:plc:k4ygxco5hestlipl4dfvlenl/app.bsky.graph.starterpack/3lstqhnxc7p2m,did:plc:k4ygxco5hestlipl4dfvlenl,pack 117 full (150),"resisters, democracy defenders, support lbgqt, animal rescues, equal rights & health care for all. kindness matters ! no kings, anti-orange!",2026-02-06T00:17:01Z
at://did:plc:k4ygxco5hestlipl4dfvlenl/app.bsky.graph.starterpack/3lsulhfer7q2r,did:plc:k4ygxco5hestlipl4dfvlenl,pack 118 full (150),"blue resisters, democracy defenders, support lbgqt, animal rescues, equal rights health care for all. no kings, anti-orange!",2026-02-06T00:17:01Z
at://did:plc:k4ygxco5hestlipl4dfvlenl/app.bsky.graph.starterpack/3lswcctpmyj22,did:plc:k4ygxco5hestlipl4dfvlenl,pack 119 full (150),"no kings, anti-orange. blue resisters, democracy defenders. support lbgqt, animal rescues.  stronger together.",2026-02-06T00:17:00Z
at://did:plc:k4ygxco5hestlipl4dfvlenl/app.bsky.graph.starterpack/3lszmvejzfy2u,did:plc:k4ygxco5hestlipl4dfvlenl,pack 120 full (150),"democracy defenders, no kings!!!",2026-02-06T00:17:00Z
at://did:plc:k4ygxco5hestlipl4dfvlenl/app.bsky.graph.starterpack/3ltavng2ewh24,did:plc:k4ygxco5hestlipl4dfvlenl,pack 121 full (150),democracy defenders! resisters! no kings! stronger together!,2026-02-06T00:17:00Z
at://did:plc:k4ygxco5hestlipl4dfvlenl/app.bsky.graph.starterpack/3ltaw66w4bt23,did:plc:k4ygxco5hestlipl4dfvlenl,pack 123,"democracy, resisters.  no kings! support lbgqt, animal rescues. equal rights and healthcare for all.",2026-02-06T00:17:00Z
at://did:plc:k4ygxco5hestlipl4dfvlenl/app.bsky.graph.starterpack/3ltdd2almib2p,did:plc:k4ygxco5hestlipl4dfvlenl,pack 122 full (150),"resisters, democracy defenders, equal rights, health care for everyone. support lbgqt, animal rescues.  no kings!",2026-02-06T00:17:00Z
at://did:plc:k4ygxco5hestlipl4dfvlenl/app.bsky.graph.starterpack/3ltddjpwmzw24,did:plc:k4ygxco5hestlipl4dfvlenl,pack 124 full (150),"democracy defenders, resisters, never give up, support lbgqt, animal rescues, equal rights & health care for everyone. No Kings!! Anti-Orange!!",2026-02-06T00:17:00Z
at://did:plc:k4ygxco5hestlipl4dfvlenl/app.bsky.graph.starterpack/3ltn3gijapx2b,did:plc:k4ygxco5hestlipl4dfvlenl,pack 125,"democracy defenders, resisters, equal rights health care for all, support lbgqt, animal rescues. never stop fighting.",2026-02-06T00:16:59Z
at://did:plc:k4ygxco5hestlipl4dfvlenl/app.bsky.graph.starterpack/3ltn63tl2be2g,did:plc:k4ygxco5hestlipl4dfvlenl,pack 126,"resisters, democracy defenders, support lbgqt, animal rescues, equal rights, health care for all. anti-orange",2026-02-06T00:16:59Z
at://did:plc:k4ygxco5hestlipl4dfvlenl/app.bsky.graph.starterpack/3ltuqjttc4r2e,did:plc:k4ygxco5hestlipl4dfvlenl,pack 127 full (150),"don't stop fighting, never give up!!  resisters, democracy defenders, support lbgqt, animal rescues, equal rights and health care for all !!!",2026-02-06T00:16:59Z
at://did:plc:k4ygxco5hestlipl4dfvlenl/app.bsky.graph.starterpack/3lu3z56i6d52e,did:plc:k4ygxco5hestlipl4dfvlenl,pack 128,"democracy defenders, resisters, supporters of lbgqt, animal rescues, equal rights and health care for all, anti-orange.",2026-02-06T00:16:59Z
at://did:plc:k4ygxco5hestlipl4dfvlenl/app.bsky.graph.starterpack/3lu47plthik2e,did:plc:k4ygxco5hestlipl4dfvlenl,pack 129 full (150),"democracy defenders, resisters, equal rights & healthcare for all, support lbgqt, animal rescues.  anti-orange and his minions.",2026-02-06T00:16:58Z
at://did:plc:k4ygxco5hestlipl4dfvlenl/app.bsky.graph.starterpack/3lu4tp6rjet2p,did:plc:k4ygxco5hestlipl4dfvlenl,pack 130 full (150),"democracy defenders, resisters, equal rights & healthcare for all.
support lbgqt, animal rescues. kindness matters. anti-orange",2026-02-06T00:16:58Z
at://did:plc:k4ygxco5hestlipl4dfvlenl/app.bsky.graph.starterpack/3lufy5nf4372e,did:plc:k4ygxco5hestlipl4dfvlenl,pack 131,"democracy defenders, resisters, support lbgqt, animal rescues, equal rights, health care for all.  anti-orange",2026-02-06T00:16:58Z
at://did:plc:k4ygxco5hestlipl4dfvlenl/app.bsky.graph.starterpack/3luikbgeilr2f,did:plc:k4ygxco5hestlipl4dfvlenl,pack 132,"equal rights & health care for all, resisters, democracy defenders, support lbgqt, animal rescues.  anti-orange",2026-02-06T00:16:58Z
at://did:plc:k4ygxco5hestlipl4dfvlenl/app.bsky.graph.starterpack/3luqdc7penv24,did:plc:k4ygxco5hestlipl4dfvlenl,pack 133 full (150),"democracy defenders, support lbgqt, animal rescues, equal rights for all, health care for all..   anti-orange",2026-02-06T00:16:58Z
at://did:plc:k4ygxco5hestlipl4dfvlenl/app.bsky.graph.starterpack/3luqj35aens2c,did:plc:k4ygxco5hestlipl4dfvlenl,pack 134 full (150),"democracy defenders, resisters, support lbgqt, animal rescues, equal rights & health care for all..  anti-orange",2026-02-06T00:16:58Z
at://did:plc:k4ygxco5hestlipl4dfvlenl/app.bsky.graph.starterpack/3luxxiu23sn2a,did:plc:k4ygxco5hestlipl4dfvlenl,pack 135 full (150),"democracy defenders, support lbgqt, animal rescue, resisters. anti-orange",2026-02-06T00:16:57Z
at://did:plc:k4ygxco5hestlipl4dfvlenl/app.bsky.graph.starterpack/3luydmn533324,did:plc:k4ygxco5hestlipl4dfvlenl,pack 136 full (150),"anti-orange, democracy defenders, resisters, support lbgqt, animal rescues, equal rights & health care for all.",2026-02-06T00:16:57Z
at://did:plc:k4ygxco5hestlipl4dfvlenl/app.bsky.graph.starterpack/3lv7nsxwzhv2a,did:plc:k4ygxco5hestlipl4dfvlenl,pack 137 full (150),"democracy defenders, resisters, equal rights, healthcare for all, support lbgqt, animal rescues.  anti-orange.",2026-02-06T00:16:57Z
at://did:plc:k4ygxco5hestlipl4dfvlenl/app.bsky.graph.starterpack/3lw5xqo2yuw27,did:plc:k4ygxco5hestlipl4dfvlenl,pack 138,"democracy defenders, resisters, anti-orange, support lbgqt, animal rescues. never stop fighting",2026-02-06T00:16:57Z
at://did:plc:k4ygxco5hestlipl4dfvlenl/app.bsky.graph.starterpack/3lwajzfkqto2o,did:plc:k4ygxco5hestlipl4dfvlenl,pack 139,"resisters, support lbgqt, animal rescues, democracy defenders, equal rights & healthcare for all.  anti-orange",2026-02-06T00:16:56Z
at://did:plc:k4ygxco5hestlipl4dfvlenl/app.bsky.graph.starterpack/3lwfeokhnm52o,did:plc:k4ygxco5hestlipl4dfvlenl,pack 140,"keep fighting, don't give up. democracy defenders, resisters, equal rights, healthcare for all, support lbgqt, animal rescues.  anti-orange",2026-02-06T00:16:56Z
at://did:plc:k4ygxco5hestlipl4dfvlenl/app.bsky.graph.starterpack/3lwrnwsetzx2l,did:plc:k4ygxco5hestlipl4dfvlenl,pack 141,"democracy defenders, equal rights & health care for all.  support lbgqt, animal rescues.  anti-orange",2026-02-06T00:16:56Z
at://did:plc:k4ygxco5hestlipl4dfvlenl/app.bsky.graph.starterpack/3m6g6hedcju2j,did:plc:k4ygxco5hestlipl4dfvlenl,pack 143,"democracy defenders,",2026-02-06T00:16:56Z
at://did:plc:lpytnyksno2ful2ogavv5bfh/app.bsky.graph.starterpack/3lkr3sok75p2k,did:plc:lpytnyksno2ful2ogavv5bfh,Startpaket von Lars,,2026-02-06T00:16:48Z
at://did:plc:n6ma2tteb5cz47qlnxsglejh/app.bsky.graph.starterpack/3lhgipgkpmm2a,did:plc:n6ma2tteb5cz47qlnxsglejh,Starter Pack WirSindMehr 2,"Große Demokraten Accounts  - 
""THE MUST FOLLOWS""",2026-02-06T00:16:29Z
at://did:plc:n6ma2tteb5cz47qlnxsglejh/app.bsky.graph.starterpack/3lhlksudciv2q,did:plc:n6ma2tteb5cz47qlnxsglejh,Starter Pack WirSindMehr 7,"Vernetzt Euch!
>Allen folgen und zurückfolgen
>Teilen, URL kopieren, RT
>bitte PM falls jemand nicht hineingehört!",2026-02-06T00:16:29Z
at://did:plc:n6ma2tteb5cz47qlnxsglejh/app.bsky.graph.starterpack/3li7n6n3tqr2a,did:plc:n6ma2tteb5cz47qlnxsglejh,Starter Pack WirSindMehr 8,"Starterpaket mit noch mehr DemokratInnen 

Bitte 
> Allen Folgen
> Retweeten
> am 23.2. Demokratische Parteien Wählen gehen! 

Dankeschön!",2026-02-06T00:16:29Z
at://did:plc:n6ma2tteb5cz47qlnxsglejh/app.bsky.graph.starterpack/3lif2itlvmn2e,did:plc:n6ma2tteb5cz47qlnxsglejh,Starter Pack WirSindMehr 9,"Noch mehr DemokratInnen -
Vernetzt Euch, auch ausserhalb des Internets!
>Allen folgen und zurückfolgen
>Teilen, URL kopieren, RT
>bitte PM falls jemand nicht hineingehört!",2026-02-06T00:16:29Z
at://did:plc:n6ma2tteb5cz47qlnxsglejh/app.bsky.graph.starterpack/3lifmwlvpyz2t,did:plc:n6ma2tteb5cz47qlnxsglejh,Starter Pack WirSindMehr 10,"Noch mehr DemokratInnen -
Vernetzt Euch!
>Allen folgen und zurückfolgen
>Teilen, URL kopieren, retweeten!
>bitte PM falls jemand nich t hineingehört!
>Geht raus und vernetzt Euch auch im reellen Leben",2026-02-06T00:16:28Z
at://did:plc:n6ma2tteb5cz47qlnxsglejh/app.bsky.graph.starterpack/3lirqb37dam2b,did:plc:n6ma2tteb5cz47qlnxsglejh,Starterpack ULTRA WirSindMehr 11 - Demokratie pur,"Zum Wahlwochenende sich mit den  Großen vernetzen - und Wählen gehen! 
Bleibt so stabil, und führt den Wandel mit Experise, Ihr Lieben DemokratInnen!

Schaut auch bei 
@zivilgesellschaft.bsky.social und
@behoerden.bsky.social vorbei!l",2026-02-06T00:16:28Z
at://did:plc:n6ma2tteb5cz47qlnxsglejh/app.bsky.graph.starterpack/3lj4f6hyagc2f,did:plc:n6ma2tteb5cz47qlnxsglejh,Starterpack WirSindMehr 12 - Historiker,"Historische Institute, Organisationen, Gedenkstätten an Holocaust, Naziterror und T4, sowie natürlich Wissenschaftler, die sich mit der Faschismusgeschichte, insbesondere der Deutschen, beschäftigen. 

Empfehlung auch das Paket von moritz-hoffmann.de mit Historikern!
https://go.bsky.app/7RmjZri",2026-02-06T00:16:28Z
at://did:plc:n6ma2tteb5cz47qlnxsglejh/app.bsky.graph.starterpack/3lj5znrigam26,did:plc:n6ma2tteb5cz47qlnxsglejh,Starterpack WirSindMehr 13 -Journalist Schriftst 1,"Journalisten und Bloggende Wissenschaftler gegen rechte Machenschaften als vierte Kraft der Republik sowie Forschende und Lehrende zu Wissenschaftskommunikation

Ich empfehle darüber hinaus die Startpakete von @journalismusauf.bsky.social
Gr Britannien https://go.bsky.app/2YymAYu",2026-02-06T00:16:28Z
at://did:plc:n6ma2tteb5cz47qlnxsglejh/app.bsky.graph.starterpack/3lj63ddqhay2d,did:plc:n6ma2tteb5cz47qlnxsglejh,Starterpack WirSindMehr 14 - gegen Neofaschismus,"Nicht Regierungsorganisationen, Forschungsinstitute und Stiftungen die sich aktiv gegen Rechtsrad ikale, für Asyl, gegen Ausgrenzung und für Demokratie und  Menschenrechte einsetzen. 

Bitte auch einen Blick in das Starterpack 11 werfen, dort sind ganz viele NGOs. Es ist bunt.",2026-02-06T00:16:28Z
at://did:plc:n6ma2tteb5cz47qlnxsglejh/app.bsky.graph.starterpack/3ljckgxsr2a25,did:plc:n6ma2tteb5cz47qlnxsglejh,Starterpack WirSindMehr 15 - Politik eimonokÖ &,"Soziologen,  Politologen, Ökonomen, Institute, Verbände und Gewerkschaften - dieser fünfzehn Pack ist bunt, kontrovers, verzeiht.
Parteien und Parlamentarier finden sich unter @abgeordnete.bsky.social
Behörden unter @behoerden.bsky.social

Bitte Vorschläge an @demokratievernetzt.bsky.socialOP",2026-02-06T00:16:27Z
at://did:plc:n6ma2tteb5cz47qlnxsglejh/app.bsky.graph.starterpack/3ll7oyfslpu2e,did:plc:n6ma2tteb5cz47qlnxsglejh,Starterpack 16  WirSindMehr - Medizin,"Gesundheitswesen:
- Mitarbeiter (Ärzte, Pflegewissenschaftler, Medizinwissenschaftler, Apotheker angelehnte Berufe) 
- Verbände, Institutionen

Wichtig ist, dass Ihr DemokratInnen seid und Euch politisch äußert*. 

*(Sorry @cdrosten, bist hier dabei. Und danke,  für das was Du für uns getan hast.)",2026-02-06T00:16:27Z
at://did:plc:n6ma2tteb5cz47qlnxsglejh/app.bsky.graph.starterpack/3llcjtm7luu2d,did:plc:n6ma2tteb5cz47qlnxsglejh,Starterpack 17 WirSindMehr - Jura u Polizei,"Nur komplett, wenn es darauf ankommt. Ist aber nicht alles egal! #WirSindMehr💪",2026-02-06T00:16:27Z
at://did:plc:n6ma2tteb5cz47qlnxsglejh/app.bsky.graph.starterpack/3llcjyrc7cc2q,did:plc:n6ma2tteb5cz47qlnxsglejh,Starterpack 18 WirSindMehr - noPlanet B 1,"Klima Umweltschutz Nachhaltigkeit Energie/Verkehrswende Forst Agrar Meere eintreten, in diesem Bereich publizieren bzw zuständig sind - usw. Deutsch Journalisten SP @vmischitz.bsky.social
Englisch Klima SP https://go.bsky.app/DTPHeZ6 auch SPs von akrotelm.bsky.social",2026-02-06T00:16:27Z
at://did:plc:n6ma2tteb5cz47qlnxsglejh/app.bsky.graph.starterpack/3llcka6725i2p,did:plc:n6ma2tteb5cz47qlnxsglejh,Starterpack 19 WirSindMehr - Medien,"unabhängige oder linke Medienportale, Medien- und Informationswissenschaftler, Bibliotheken 

Ich appelliere an Euch kritisch mit diesen Portalen auseinanderzusetzen und nicht einfach ""allen folgen"" zu drücken. 

Englisch: https://go.bsky.app/SMBFkU2",2026-02-06T00:16:27Z
at://did:plc:n6ma2tteb5cz47qlnxsglejh/app.bsky.graph.starterpack/3losi62rp4d2r,did:plc:n6ma2tteb5cz47qlnxsglejh,Starterpack WirSindMehr 20 Gewerkschaften,"Gewerkschaften und Betrieb sräte, Mieten und Wohnpolitik, Arbeiterverbände

Under Construction (=noch sehr bescheidenes SP, Vorschläge gerne per PN)",2026-02-06T00:16:27Z
at://did:plc:n6ma2tteb5cz47qlnxsglejh/app.bsky.graph.starterpack/3luxuwphamf2c,did:plc:n6ma2tteb5cz47qlnxsglejh,Starterpack WirSindMehr 21 Kunst,"Kunst- Schaffende, Tuende und Denkende gegen Rechts

-under construction - ⚠️",2026-02-06T00:16:26Z
at://did:plc:nnqqnqt7wohobqte7flrowhx/app.bsky.graph.starterpack/3ldbbrjwoye2i,did:plc:nnqqnqt7wohobqte7flrowhx,VOITACO's Starter Pack,,2026-02-06T00:16:41Z
at://did:plc:ntcpvxp2x4wvc6womlag6fam/app.bsky.graph.starterpack/3liqhojatdl2y,did:plc:ntcpvxp2x4wvc6womlag6fam,BlueSky Blue Army,"Blue voices and hearts from around the world. Vetted, trusted, Loud and proud defenders of democracy.",2026-02-06T00:16:32Z
at://did:plc:ntcpvxp2x4wvc6womlag6fam/app.bsky.graph.starterpack/3ljyjhk7tgx2x,did:plc:ntcpvxp2x4wvc6womlag6fam,Blue Soup!,"Coming at you from New Zealand, Australia, Canada, Europe, the UK and allllll over the USA, I give you some fan favourites and a bunch of smaller accounts who have been vetted for their wit and dedication to fighting tyranny and fascism.

FOLLOW ALL & get followed back.",2026-02-06T00:16:31Z
at://did:plc:ntcpvxp2x4wvc6womlag6fam/app.bsky.graph.starterpack/3lkqrjbuzvs2j,did:plc:ntcpvxp2x4wvc6womlag6fam,Blue Soup 2!,"This global blue soup is coming atcha from NZ, OZ, Scottland, Ireland, England, Canada and all over the USA. We have vets, IRL friends, big accounts, tiny new accounts, resisters all. Enjoy!",2026-02-06T00:16:31Z
at://did:plc:ntcpvxp2x4wvc6womlag6fam/app.bsky.graph.starterpack/3llk4mvgsb72q,did:plc:ntcpvxp2x4wvc6womlag6fam,Blue Soup 3!,"This Soup is coming atcha from NZ by way of Italy, Switzerland, the Uk, Peru, Japan, Canada and allll over the USA. It includes doctors, veterans, artists, writers, dancers, beautiful LGBTQ folks and organisers. All vetted.",2026-02-06T00:16:31Z
at://did:plc:ntcpvxp2x4wvc6womlag6fam/app.bsky.graph.starterpack/3lmfz3ufw7b25,did:plc:ntcpvxp2x4wvc6womlag6fam,Blue Soup 4!,This recipe blends select herbs from NZ with delicious spices from the USA. It is blue and beautiful! Lots of smaller (vetted) accounts and some favourite big ones - a tasty combo. Enjoy!,2026-02-06T00:16:31Z
at://did:plc:nubjnimkaontsl5thydrvsiz/app.bsky.graph.starterpack/3lcj3u35vwj2t,did:plc:nubjnimkaontsl5thydrvsiz,Resisters! 👑#1,Resisters!!,2026-02-06T00:17:51Z
at://did:plc:nubjnimkaontsl5thydrvsiz/app.bsky.graph.starterpack/3lcj4yboqk22q,did:plc:nubjnimkaontsl5thydrvsiz,Blue Crew!👑 #2,Blue Team!,2026-02-06T00:17:51Z
at://did:plc:nubjnimkaontsl5thydrvsiz/app.bsky.graph.starterpack/3leppuhsxfl2e,did:plc:nubjnimkaontsl5thydrvsiz,Blue Crew!👑 #3,Blue Team!,2026-02-06T00:17:51Z
at://did:plc:nubjnimkaontsl5thydrvsiz/app.bsky.graph.starterpack/3lews2656q62l,did:plc:nubjnimkaontsl5thydrvsiz,Blue Crew!👑 #4,Blue Team!,2026-02-06T00:17:51Z
at://did:plc:nubjnimkaontsl5thydrvsiz/app.bsky.graph.starterpack/3lez6rmwh5k2h,did:plc:nubjnimkaontsl5thydrvsiz,Blue Crew! 👑 #5,Blue Team!,2026-02-06T00:17:51Z
at://did:plc:nubjnimkaontsl5thydrvsiz/app.bsky.graph.starterpack/3lfit4pwbqx2e,did:plc:nubjnimkaontsl5thydrvsiz,Blue Crew! 👑 #6,Blue Team!,2026-02-06T00:17:50Z
at://did:plc:nubjnimkaontsl5thydrvsiz/app.bsky.graph.starterpack/3lg24ljsazy2r,did:plc:nubjnimkaontsl5thydrvsiz,Blue Crew! 👑 #7,Blue Team!,2026-02-06T00:17:50Z
at://did:plc:nubjnimkaontsl5thydrvsiz/app.bsky.graph.starterpack/3lgbdaiigad23,did:plc:nubjnimkaontsl5thydrvsiz,Blue Crew! 👑 #8,Blue Team!,2026-02-06T00:17:50Z
at://did:plc:nubjnimkaontsl5thydrvsiz/app.bsky.graph.starterpack/3lgglytnf642a,did:plc:nubjnimkaontsl5thydrvsiz,Blue Crew! 👑 #9,Blue Team!,2026-02-06T00:17:50Z
at://did:plc:nubjnimkaontsl5thydrvsiz/app.bsky.graph.starterpack/3lglfc5isnf2c,did:plc:nubjnimkaontsl5thydrvsiz,Blue Crew! 👑 #10,Blue Team!,2026-02-06T00:17:50Z
at://did:plc:nubjnimkaontsl5thydrvsiz/app.bsky.graph.starterpack/3lgob2ekhig2n,did:plc:nubjnimkaontsl5thydrvsiz,Resisters! 👑 #2,Resisters!,2026-02-06T00:17:49Z
at://did:plc:nubjnimkaontsl5thydrvsiz/app.bsky.graph.starterpack/3lgoooq4gne2v,did:plc:nubjnimkaontsl5thydrvsiz,Resisters!👑 #3,Resisters!,2026-02-06T00:17:49Z
at://did:plc:nubjnimkaontsl5thydrvsiz/app.bsky.graph.starterpack/3lgqe2otath2l,did:plc:nubjnimkaontsl5thydrvsiz,Blue Crew! 👑 #11,Blue Team!,2026-02-06T00:17:49Z
at://did:plc:nubjnimkaontsl5thydrvsiz/app.bsky.graph.starterpack/3lgszzghr5a2c,did:plc:nubjnimkaontsl5thydrvsiz,Resisters! 👑 #4,Resisters!,2026-02-06T00:17:49Z
at://did:plc:nubjnimkaontsl5thydrvsiz/app.bsky.graph.starterpack/3lhcnf42jgg2v,did:plc:nubjnimkaontsl5thydrvsiz,Resisters! 👑 #5,Resisters!,2026-02-06T00:17:49Z
at://did:plc:nubjnimkaontsl5thydrvsiz/app.bsky.graph.starterpack/3lhk5zaye2x2j,did:plc:nubjnimkaontsl5thydrvsiz,Resisters! 👑 #6,Resisters!,2026-02-06T00:17:48Z
at://did:plc:nubjnimkaontsl5thydrvsiz/app.bsky.graph.starterpack/3lhm6mhvaze2e,did:plc:nubjnimkaontsl5thydrvsiz,Resisters! 👑 #7,Resisters!,2026-02-06T00:17:48Z
at://did:plc:nubjnimkaontsl5thydrvsiz/app.bsky.graph.starterpack/3lhrl5yh7bs2b,did:plc:nubjnimkaontsl5thydrvsiz,Resisters! 👑 #8,Resisters!,2026-02-06T00:17:48Z
at://did:plc:nubjnimkaontsl5thydrvsiz/app.bsky.graph.starterpack/3li372a3ocr2t,did:plc:nubjnimkaontsl5thydrvsiz,Resisters! 👑 #9,Resisters!,2026-02-06T00:17:48Z
at://did:plc:nubjnimkaontsl5thydrvsiz/app.bsky.graph.starterpack/3lidfeh47ky2d,did:plc:nubjnimkaontsl5thydrvsiz,Blue Crew! 👑 #12,Blue Team!,2026-02-06T00:17:47Z
at://did:plc:nubjnimkaontsl5thydrvsiz/app.bsky.graph.starterpack/3limvcd4kxo2h,did:plc:nubjnimkaontsl5thydrvsiz,Blue Crew! 👑 #13,Blue Team!,2026-02-06T00:17:47Z
at://did:plc:nubjnimkaontsl5thydrvsiz/app.bsky.graph.starterpack/3lisc764bpu26,did:plc:nubjnimkaontsl5thydrvsiz,Blue Crew! 👑 #14,Blue Team!,2026-02-06T00:17:47Z
at://did:plc:nubjnimkaontsl5thydrvsiz/app.bsky.graph.starterpack/3liwynygc6d2t,did:plc:nubjnimkaontsl5thydrvsiz,Blue Crew! 👑 #15,Blue Team!,2026-02-06T00:17:47Z
at://did:plc:nubjnimkaontsl5thydrvsiz/app.bsky.graph.starterpack/3lj3vsydcs32p,did:plc:nubjnimkaontsl5thydrvsiz,Blue Crew! 👑 #16,Blue Team!,2026-02-06T00:17:47Z
at://did:plc:nubjnimkaontsl5thydrvsiz/app.bsky.graph.starterpack/3ljdkaraoyd2l,did:plc:nubjnimkaontsl5thydrvsiz,Blue Crew! 👑 #17,Blue Team!,2026-02-06T00:17:47Z
at://did:plc:nubjnimkaontsl5thydrvsiz/app.bsky.graph.starterpack/3ljxnyqq27222,did:plc:nubjnimkaontsl5thydrvsiz,Blue Crew! 👑 #18,Blue Team!,2026-02-06T00:17:46Z
at://did:plc:nubjnimkaontsl5thydrvsiz/app.bsky.graph.starterpack/3lkbuxo55ty2v,did:plc:nubjnimkaontsl5thydrvsiz,Blue Crew! 👑 #19,Blue Team!,2026-02-06T00:17:46Z
at://did:plc:nubjnimkaontsl5thydrvsiz/app.bsky.graph.starterpack/3lkj4w2rufz2v,did:plc:nubjnimkaontsl5thydrvsiz,Blue Crew! 👑 #20,Blue Team!,2026-02-06T00:17:46Z
at://did:plc:nubjnimkaontsl5thydrvsiz/app.bsky.graph.starterpack/3lkma6xkap72t,did:plc:nubjnimkaontsl5thydrvsiz,Blue Crew! 👑 #21,Blue Team!,2026-02-06T00:17:46Z
at://did:plc:nubjnimkaontsl5thydrvsiz/app.bsky.graph.starterpack/3lkr5aphtq42o,did:plc:nubjnimkaontsl5thydrvsiz,Blue Crew! 👑 #22,Blue Team!,2026-02-06T00:17:45Z
at://did:plc:nubjnimkaontsl5thydrvsiz/app.bsky.graph.starterpack/3lkwdz3ol5s22,did:plc:nubjnimkaontsl5thydrvsiz,Blue Crew! 👑 #23,Blue Team!,2026-02-06T00:17:45Z
at://did:plc:nubjnimkaontsl5thydrvsiz/app.bsky.graph.starterpack/3ll7u7lfuj52z,did:plc:nubjnimkaontsl5thydrvsiz,Blue Crew! 👑 #24,Blue Team!,2026-02-06T00:17:45Z
at://did:plc:nubjnimkaontsl5thydrvsiz/app.bsky.graph.starterpack/3llhtfmcum62v,did:plc:nubjnimkaontsl5thydrvsiz,Blue Crew! 👑 #25,Blue Team!,2026-02-06T00:17:45Z
at://did:plc:nubjnimkaontsl5thydrvsiz/app.bsky.graph.starterpack/3llp6n7bknh22,did:plc:nubjnimkaontsl5thydrvsiz,Blue Crew! 👑 #26,Blue Team,2026-02-06T00:17:45Z
at://did:plc:nubjnimkaontsl5thydrvsiz/app.bsky.graph.starterpack/3llyumpa5al26,did:plc:nubjnimkaontsl5thydrvsiz,Blue Crew! 👑 #27,Blue Team!,2026-02-06T00:17:45Z
at://did:plc:nubjnimkaontsl5thydrvsiz/app.bsky.graph.starterpack/3lmfx5qwqbl23,did:plc:nubjnimkaontsl5thydrvsiz,Blue Crew! 👑 #28,Blue Team!,2026-02-06T00:17:44Z
at://did:plc:nubjnimkaontsl5thydrvsiz/app.bsky.graph.starterpack/3lmsjsbbm2e2d,did:plc:nubjnimkaontsl5thydrvsiz,Blue Crew! 👑 #29,Blue Team!,2026-02-06T00:17:44Z
at://did:plc:nubjnimkaontsl5thydrvsiz/app.bsky.graph.starterpack/3lnioxb5crx2f,did:plc:nubjnimkaontsl5thydrvsiz,Blue Crew! 👑 #30,Blue Team!,2026-02-06T00:17:44Z
at://did:plc:nubjnimkaontsl5thydrvsiz/app.bsky.graph.starterpack/3lo4m2gangw23,did:plc:nubjnimkaontsl5thydrvsiz,Blue Crew! 👑 #31,Blue Team!,2026-02-06T00:17:44Z
at://did:plc:nubjnimkaontsl5thydrvsiz/app.bsky.graph.starterpack/3loy7bwufuy2d,did:plc:nubjnimkaontsl5thydrvsiz,Blue Crew! 👑 #32,Blue Team!,2026-02-06T00:17:43Z
at://did:plc:nubjnimkaontsl5thydrvsiz/app.bsky.graph.starterpack/3lpki6qgxjl2b,did:plc:nubjnimkaontsl5thydrvsiz,Blue Crew! 👑 #33,Blue Team!,2026-02-06T00:17:43Z
at://did:plc:nubjnimkaontsl5thydrvsiz/app.bsky.graph.starterpack/3lq626vyila24,did:plc:nubjnimkaontsl5thydrvsiz,Blue Crew! 👑 #34,Blue Team! 👑,2026-02-06T00:17:43Z
at://did:plc:nubjnimkaontsl5thydrvsiz/app.bsky.graph.starterpack/3lr23vdxj2u26,did:plc:nubjnimkaontsl5thydrvsiz,Blue Crew! 👑 #35,Blue Team!,2026-02-06T00:17:43Z
at://did:plc:nubjnimkaontsl5thydrvsiz/app.bsky.graph.starterpack/3lrsxvrhw4w2d,did:plc:nubjnimkaontsl5thydrvsiz,Blue Crew!👑 #36,Blue Team!,2026-02-06T00:17:43Z
at://did:plc:nubjnimkaontsl5thydrvsiz/app.bsky.graph.starterpack/3lt3s4ezlvc2g,did:plc:nubjnimkaontsl5thydrvsiz,Blue Crew! 👑 #37,Blue Team!,2026-02-06T00:17:42Z
at://did:plc:nubjnimkaontsl5thydrvsiz/app.bsky.graph.starterpack/3ltuiu27kfh2d,did:plc:nubjnimkaontsl5thydrvsiz,Blue Crew! 👑 #38,Blue Team!,2026-02-06T00:17:42Z
at://did:plc:nubjnimkaontsl5thydrvsiz/app.bsky.graph.starterpack/3luxihrs5342i,did:plc:nubjnimkaontsl5thydrvsiz,Blue Crew! 👑 #39,Blue Team!,2026-02-06T00:17:42Z
at://did:plc:nubjnimkaontsl5thydrvsiz/app.bsky.graph.starterpack/3lvr43eaz6k27,did:plc:nubjnimkaontsl5thydrvsiz,Blue Crew! 👑 #40,Blue Team!,2026-02-06T00:17:42Z
at://did:plc:nubjnimkaontsl5thydrvsiz/app.bsky.graph.starterpack/3lwp4wrjg3c2s,did:plc:nubjnimkaontsl5thydrvsiz,Blue Crew! 👑 #41,Blue Team!,2026-02-06T00:17:42Z
at://did:plc:nubjnimkaontsl5thydrvsiz/app.bsky.graph.starterpack/3lxd4yamkhp24,did:plc:nubjnimkaontsl5thydrvsiz,Blue Crew! 👑 #42,Blue Team!,2026-02-06T00:17:41Z
at://did:plc:nubjnimkaontsl5thydrvsiz/app.bsky.graph.starterpack/3ly47eey7yf2h,did:plc:nubjnimkaontsl5thydrvsiz,Blue Crew! 👑 #43,Blue Team!,2026-02-06T00:17:41Z
at://did:plc:nubjnimkaontsl5thydrvsiz/app.bsky.graph.starterpack/3lyq4mcouvd26,did:plc:nubjnimkaontsl5thydrvsiz,Blue Crew! 👑 #44,Blue Team!,2026-02-06T00:17:41Z
at://did:plc:nubjnimkaontsl5thydrvsiz/app.bsky.graph.starterpack/3lzhfx6xud72r,did:plc:nubjnimkaontsl5thydrvsiz,Blew Crew! 👑 #45,Blue Team!,2026-02-06T00:17:41Z
at://did:plc:nubjnimkaontsl5thydrvsiz/app.bsky.graph.starterpack/3lzyipmazsz2u,did:plc:nubjnimkaontsl5thydrvsiz,Blue Crew! 👑 #46,Blue Team!,2026-02-06T00:17:41Z
at://did:plc:nubjnimkaontsl5thydrvsiz/app.bsky.graph.starterpack/3m2hv4lfzjo2j,did:plc:nubjnimkaontsl5thydrvsiz,Blue Crew! 👑 #47,Blue Team!,2026-02-06T00:17:41Z
at://did:plc:nubjnimkaontsl5thydrvsiz/app.bsky.graph.starterpack/3m363idxpff2u,did:plc:nubjnimkaontsl5thydrvsiz,Blue Crew! 👑 #48,Blue Team!,2026-02-06T00:17:40Z
at://did:plc:nubjnimkaontsl5thydrvsiz/app.bsky.graph.starterpack/3m3zzj34ura2v,did:plc:nubjnimkaontsl5thydrvsiz,Blue Crew! 👑 #49,Blue Team!,2026-02-06T00:17:40Z
at://did:plc:nubjnimkaontsl5thydrvsiz/app.bsky.graph.starterpack/3m556houjpc2b,did:plc:nubjnimkaontsl5thydrvsiz,Blue Crew! 👑 #50,Blue Team!,2026-02-06T00:17:40Z
at://did:plc:nubjnimkaontsl5thydrvsiz/app.bsky.graph.starterpack/3m5wtfwm35625,did:plc:nubjnimkaontsl5thydrvsiz,Blue Crew! ✊ #51,Blue Team!,2026-02-06T00:17:40Z
at://did:plc:nubjnimkaontsl5thydrvsiz/app.bsky.graph.starterpack/3m6kaccpbqy2n,did:plc:nubjnimkaontsl5thydrvsiz,Blue Crew! ✊ #52,Blue Team!,2026-02-06T00:17:39Z
at://did:plc:nubjnimkaontsl5thydrvsiz/app.bsky.graph.starterpack/3m6pf2bud472q,did:plc:nubjnimkaontsl5thydrvsiz,Blue Crew! ✊ #53,Blue Team!,2026-02-06T00:17:39Z
at://did:plc:nubjnimkaontsl5thydrvsiz/app.bsky.graph.starterpack/3m7dwf47ggd24,did:plc:nubjnimkaontsl5thydrvsiz,Blue Crew! ✊ #54,Blue Team!,2026-02-06T00:17:39Z
at://did:plc:nubjnimkaontsl5thydrvsiz/app.bsky.graph.starterpack/3m7v65bjg7g2b,did:plc:nubjnimkaontsl5thydrvsiz,Blue Crew! ✊ #55,Blue Team!,2026-02-06T00:17:39Z
at://did:plc:nubjnimkaontsl5thydrvsiz/app.bsky.graph.starterpack/3m7y4xyy5g72f,did:plc:nubjnimkaontsl5thydrvsiz,Resisters! ✊ #10,Blue Warriors! 💙,2026-02-06T00:17:39Z
at://did:plc:nubjnimkaontsl5thydrvsiz/app.bsky.graph.starterpack/3ma4sp5ogxa2s,did:plc:nubjnimkaontsl5thydrvsiz,Blue Crew! ✊ #56,Blue Team!,2026-02-06T00:17:39Z
at://did:plc:nubjnimkaontsl5thydrvsiz/app.bsky.graph.starterpack/3ma7pntwvru2t,did:plc:nubjnimkaontsl5thydrvsiz,Blue Crew! ✊ #57,Blue Team!,2026-02-06T00:17:38Z
at://did:plc:nubjnimkaontsl5thydrvsiz/app.bsky.graph.starterpack/3mahdwwnywk2k,did:plc:nubjnimkaontsl5thydrvsiz,Blue Crew! ✊ #58,Blue Team!,2026-02-06T00:17:38Z
at://did:plc:nubjnimkaontsl5thydrvsiz/app.bsky.graph.starterpack/3maohlyfkv22b,did:plc:nubjnimkaontsl5thydrvsiz,Blue Crew! ✊ #59,Blue Team!,2026-02-06T00:17:38Z
at://did:plc:nubjnimkaontsl5thydrvsiz/app.bsky.graph.starterpack/3mayhrpz55y2z,did:plc:nubjnimkaontsl5thydrvsiz,Blue Crew! ✊ #60,Blue Crew!,2026-02-06T00:17:38Z
at://did:plc:nubjnimkaontsl5thydrvsiz/app.bsky.graph.starterpack/3mbcxfov7pb26,did:plc:nubjnimkaontsl5thydrvsiz,Blue Crew! ✊ #61,Blue Team!,2026-02-06T00:17:38Z
at://did:plc:nubjnimkaontsl5thydrvsiz/app.bsky.graph.starterpack/3mbrttvukhv23,did:plc:nubjnimkaontsl5thydrvsiz,Blue Crew! ✊ #62,Blue Team!,2026-02-06T00:17:37Z
at://did:plc:nubjnimkaontsl5thydrvsiz/app.bsky.graph.starterpack/3mcncuxbp2r2x,did:plc:nubjnimkaontsl5thydrvsiz,Blue Crew! ✊ #63,Blue Team!,2026-02-06T00:17:37Z
at://did:plc:nubjnimkaontsl5thydrvsiz/app.bsky.graph.starterpack/3md4lggsmvl2x,did:plc:nubjnimkaontsl5thydrvsiz,Blue Crew! ✊ #64,Blue Team!,2026-02-06T00:17:37Z
at://did:plc:nubjnimkaontsl5thydrvsiz/app.bsky.graph.starterpack/3mdlu72prvw2l,did:plc:nubjnimkaontsl5thydrvsiz,Blue Crew! ✊ #65,Blue Team!,2026-02-06T00:17:37Z
at://did:plc:nubjnimkaontsl5thydrvsiz/app.bsky.graph.starterpack/3mdxzdynzfe2a,did:plc:nubjnimkaontsl5thydrvsiz,Blue Crew! ✊ #66,Blue Team!,2026-02-06T00:17:36Z
at://did:plc:o6pv4ailjgnlut5lbtsutas5/app.bsky.graph.starterpack/3lbfjjyeqdf2h,did:plc:o6pv4ailjgnlut5lbtsutas5,Wildlife Art and Scientific Illustration,"A starter pack of 150 artists who post their nature art! I've tried to give a sense of the wide range of styles, subjects, and mediums used in these amazing genres. 
No AI.",2026-02-06T00:16:52Z
at://did:plc:o6pv4ailjgnlut5lbtsutas5/app.bsky.graph.starterpack/3lcudhq4tz627,did:plc:o6pv4ailjgnlut5lbtsutas5,Wildlife Art and Scientific Illustration Vol. 2,"Even more artists who post their nature art! I've tried to give a sense of the wide range of styles, subjects, and mediums used in these amazing genres. 
No AI.",2026-02-06T00:16:51Z
at://did:plc:psxxrgf6ae2tbc7t4d6haxv2/app.bsky.graph.starterpack/3lkf6ebmefa2a,did:plc:psxxrgf6ae2tbc7t4d6haxv2,BoosMom's Starter Pack,,2026-02-06T00:16:30Z
at://did:plc:psxxrgf6ae2tbc7t4d6haxv2/app.bsky.graph.starterpack/3lkr2xahijv2b,did:plc:psxxrgf6ae2tbc7t4d6haxv2,BoosMom's Starter Pack,,2026-02-06T00:16:30Z
at://did:plc:pzbl34vmr6qmr6v2qfs4kxyd/app.bsky.graph.starterpack/3lkr5bu6wrf2a,did:plc:pzbl34vmr6qmr6v2qfs4kxyd,Starter pack,,2026-02-06T00:17:52Z
at://did:plc:qme7pahhiipcejekzpfmd2sc/app.bsky.graph.starterpack/3likgpef3vz22,did:plc:qme7pahhiipcejekzpfmd2sc,ʚ Sweet Lovely Creators ɞ,"A collection of streamers and creators who have shown themselves to uphold growth, learning, supporting human rights, and intersectionality.

Those I simply feel comfortable supporting due to them upholding a lot of wonderful ideals and putting that into action (•ω• ) 🌱",2026-02-06T00:16:52Z
at://did:plc:reg67pporbwxg6o7wxwexk7f/app.bsky.graph.starterpack/3lb53rgqj4626,did:plc:reg67pporbwxg6o7wxwexk7f,Видавництва & Книгарні України🇺🇦UA Book Publishe,Зручна добірка для любителів книг,2026-02-06T00:16:50Z
at://did:plc:reg67pporbwxg6o7wxwexk7f/app.bsky.graph.starterpack/3lcixjly6kq2o,did:plc:reg67pporbwxg6o7wxwexk7f,Putsan's start pack for friends,"🇺🇦 Добірка стрічок та профілів за якими варто/раджу слідкувати
🇺🇸 A selection of feeds and profiles that are worth following or I recommend following",2026-02-06T00:16:50Z
at://did:plc:reg67pporbwxg6o7wxwexk7f/app.bsky.graph.starterpack/3lkr4tl2qau2m,did:plc:reg67pporbwxg6o7wxwexk7f,UA Military starter pack🔹Військо наше ЗСУ&НГУ,"Стартпак профілів бригад, підрозділів та самих військових, спецпризначенців тощо

Створений щоб голос військовий звучав гучніше й був почутий💪",2026-02-06T00:16:50Z
at://did:plc:rmhv3gcffiur2q4ptrluvtcp/app.bsky.graph.starterpack/3lbnhxazcci2d,did:plc:rmhv3gcffiur2q4ptrluvtcp,Favorites,,2026-02-06T00:16:53Z
at://did:plc:ryrymvmy6pv3qoatne7xxvnw/app.bsky.graph.starterpack/3m343rk3udy26,did:plc:ryrymvmy6pv3qoatne7xxvnw,Patawan-One is back 🐸,Gearing up for the #NoKings Protests this coming weekend. Be sure to take photos 📸 and vids 📹 of your participation and flood SM with what you witness! #StopICE #NoKings #Protest,2026-02-06T00:31:40Z
at://did:plc:ryrymvmy6pv3qoatne7xxvnw/app.bsky.graph.starterpack/3m3ak4n24kd2b,did:plc:ryrymvmy6pv3qoatne7xxvnw,P1 #NoKings #FrogSquad 🐸 Pk2,"Gear up for #NoKings day 🦋🐸🦋 as Froggers & Unicorns take to the streets. #NonViolent #Protests #FUKICE 🚫👑🖕🍊🤡 Viva la Resistance 🦋🌈🦄🦋🐸 
Repost ♻️💙💯",2026-02-06T00:31:40Z
at://did:plc:ryrymvmy6pv3qoatne7xxvnw/app.bsky.graph.starterpack/3m3naxsw5gy2b,did:plc:ryrymvmy6pv3qoatne7xxvnw,P1 ~ Beyond #NoKings #FrogSquad Pk3,"Dedicated to my #Fierce friends, democracy defenders, #ResisterSisters & advocates, #MichiganWomenForDemocracy, local 50501, Indivisible, & #NoKings orgs.

🦋🐸🦋 Follow & Share 🦋♻️🦋 to help others grow their networks, reach, & community to #Resist the #P25Regime",2026-02-06T00:31:40Z
at://did:plc:ryrymvmy6pv3qoatne7xxvnw/app.bsky.graph.starterpack/3m3nifxitkf25,did:plc:ryrymvmy6pv3qoatne7xxvnw,P1 ~ Beyond #NoKings #FrogSquad Pk4,"Dedicated to my #Fierce friends, democracy defenders, #ResisterSisters & advocates, #MichiganWomenForDemocracy, local 50501, Indivisible, & #NoKings orgs.

🦋🐸🦋 Follow & Share 🦋♻️🦋 to help others grow their networks, reach, & community to #Resist the #P25Regime",2026-02-06T00:31:40Z
at://did:plc:ryrymvmy6pv3qoatne7xxvnw/app.bsky.graph.starterpack/3m3uam4ugoa2h,did:plc:ryrymvmy6pv3qoatne7xxvnw,P1 #FrogSquad Appreciation Pk5,"Appreciation pack to celebrate 🥳 🎉 🎊 the #Ribbistance ✌️🐸💚 of friends, followers, & the global #Ribbity Engagement 🌐💚🌐 we've seen over the last few weeks.",2026-02-06T00:31:40Z
at://did:plc:ryrymvmy6pv3qoatne7xxvnw/app.bsky.graph.starterpack/3m3v75p5gjz2f,did:plc:ryrymvmy6pv3qoatne7xxvnw,P1 #FrogSquad Pk6,"Appreciation pack to celebrate 🥳 🎉 🎊 the #Ribbistance ✌️🐸💚 of friends, followers, & the global #Ribbity Engagement 🌐💚🌐 we've seen over the last few weeks - get jiggity 🐸💚🐸",2026-02-06T00:31:39Z
at://did:plc:ryrymvmy6pv3qoatne7xxvnw/app.bsky.graph.starterpack/3m4qtfxqkbd2t,did:plc:ryrymvmy6pv3qoatne7xxvnw,P1 #FrogSquad Pk7,"Appreciation pack to celebrate 🥳 🎉 🎊 the #Ribbistance ✌️🐸💚 of friends, followers, & the global #Ribbity Engagement 🌐💚🌐 we've seen over the last few weeks - let's get jiggity 🐸💚🐸

Follow, Repost & ENGAGE for more great content & connections 🐢💚🐸♻️🔆",2026-02-06T00:31:39Z
at://did:plc:ryrymvmy6pv3qoatne7xxvnw/app.bsky.graph.starterpack/3m4smhxwdyj2u,did:plc:ryrymvmy6pv3qoatne7xxvnw,P1 #FrogSquad Pk8,"Appreciation pack to celebrate 🥳 🎉 🎊 the #Ribbistance ✌️🐸💚 of friends, followers, & the global #Ribbity Engagement 🌐💚🌐 we've seen over the last few weeks - let's get jiggity 🐸💚🐸

Follow, Repost & ENGAGE for more great content & connections 🐢💚🐸♻️🔆",2026-02-06T00:31:39Z
at://did:plc:ryrymvmy6pv3qoatne7xxvnw/app.bsky.graph.starterpack/3m4t67o6rtn2i,did:plc:ryrymvmy6pv3qoatne7xxvnw,P1 #FrogSquad Pk9,"The #packers who help build the BS 🦋 community 🐸

Many have multiple packs, and it's always an honor to be a part of them. 

Cheers 🥳 🎉 🪅 🎊 🥂 to all who help grow our 🐸🦋🐸 #Ribbity #Ribbistance #FrogSquad",2026-02-06T00:31:39Z
at://did:plc:s7jbsbguxyhytyjn5etos7iv/app.bsky.graph.starterpack/3lkr54puwq42f,did:plc:s7jbsbguxyhytyjn5etos7iv,Kit de démarrage de ‪pierrotlalune2.bsky.social‬,,2026-02-06T00:17:35Z
at://did:plc:seuxa6nq26ixwez7j74gsboe/app.bsky.graph.starterpack/3lkr2zphyhr2n,did:plc:seuxa6nq26ixwez7j74gsboe,Hiro's FutureFunk - Music Friends,"Future Funk is a dazzling fusion of retro disco and funk, electrified by modern beats and bold rhythms. It’s a genre that reimagines vintage vibes into something irresistibly fresh & vibrant, sparking energy & style with every note.",2026-02-06T00:16:32Z
at://did:plc:t3g6wi2737uvbfmhzawdug2q/app.bsky.graph.starterpack/3lawbjsi2wf2v,did:plc:t3g6wi2737uvbfmhzawdug2q,OTF,All of OTF in one place,2026-02-06T00:16:39Z
at://did:plc:t3g6wi2737uvbfmhzawdug2q/app.bsky.graph.starterpack/3lb6fmoexm52m,did:plc:t3g6wi2737uvbfmhzawdug2q,Bilingual and Multilingual Educators 1,"A starter pack of educators who teach or are interested in EAL, EAL/D, ELL, MLL, EFL, ESL,  bilingualism and multilingualism. 
Please tag others so that I can add to this list.
Please DM me if you wish to be removed.",2026-02-06T00:16:39Z
at://did:plc:t3g6wi2737uvbfmhzawdug2q/app.bsky.graph.starterpack/3lbcmxwl6462f,did:plc:t3g6wi2737uvbfmhzawdug2q,Bilingual and Multilingual Educators 2,"A starter pack of educators who teach or are interested in EAL, EAL/D, ELL, MLL, EFL, ESL,  bilingualism and multilingualism. 
Please tag others so that I can add to this list.
Please DM me if you wish to be removed.",2026-02-06T00:16:38Z
at://did:plc:t3g6wi2737uvbfmhzawdug2q/app.bsky.graph.starterpack/3lccxbee62q2g,did:plc:t3g6wi2737uvbfmhzawdug2q,Bilingual and Multilingual Educators 3,"A starter pack of educators who teach or are interested in EAL, EAL/D, ELL, MLL, EFL, ESL,  bilingualism and multilingualism. 
Please tag others so that I can add to this list.
Please DM me if you wish to be removed.",2026-02-06T00:16:38Z
at://did:plc:t3g6wi2737uvbfmhzawdug2q/app.bsky.graph.starterpack/3lcdeqwr6at22,did:plc:t3g6wi2737uvbfmhzawdug2q,Bilingual and Multilingual Educators 4,"A starter pack of educators who teach or are interested in EAL, EAL/D, ELL, MLL, EFL, ESL,  bilingualism and multilingualism. 
Please tag others so that I can add to this list.
Please DM me if you wish to be removed.",2026-02-06T00:16:38Z
at://did:plc:t3g6wi2737uvbfmhzawdug2q/app.bsky.graph.starterpack/3lcichjcsxt2n,did:plc:t3g6wi2737uvbfmhzawdug2q,Bilingual and Multilingual Educators 5,"A starter pack of educators who teach or are interested in EAL, EAL/D, ELL, MLL, EFL, ESL,  bilingualism and multilingualism. 
Please tag others so that I can add to this list.
Please DM me if you wish to be removed.",2026-02-06T00:16:38Z
at://did:plc:t3g6wi2737uvbfmhzawdug2q/app.bsky.graph.starterpack/3ldg264uzi42h,did:plc:t3g6wi2737uvbfmhzawdug2q,Bilingual and Multilingual Educators 6,"A starter pack of educators who teach or are interested in EAL, EAL/D, ELL, MLL, EFL, ESL,  bilingualism and multilingualism. 
Please tag others so that I can add to this list.
Please DM me if you wish to be removed.",2026-02-06T00:16:38Z
at://did:plc:tihggv2lcgqpw5fu4ilri5cq/app.bsky.graph.starterpack/3l4euh3vyka2d,did:plc:tihggv2lcgqpw5fu4ilri5cq,PDX Bikes,People + orgs who share BikeLoud's passion for growing Portland into a city where riding a bike makes the world go round.,2026-02-06T00:16:50Z
at://did:plc:tihggv2lcgqpw5fu4ilri5cq/app.bsky.graph.starterpack/3l5aqpg727v2h,did:plc:tihggv2lcgqpw5fu4ilri5cq,Worldwide Bike Advocacy Groups 1.0,"It’s a movement. We want to see it grow on #bsky! 
Also a Feed: https://bsky.app/profile/did:plc:tihggv2lcgqpw5fu4ilri5cq/feed/aaaahfo4bv5lm
Fiets, bicycle, bakfiets, cargobike, Fahrrad, bicicleta, vélo, велосипед, 🚲sykkel, 자전거, 自転車, polkupyörä, bicikl, jízdní kolo",2026-02-06T00:16:49Z
at://did:plc:tihggv2lcgqpw5fu4ilri5cq/app.bsky.graph.starterpack/3lb3ta7ztko24,did:plc:tihggv2lcgqpw5fu4ilri5cq,PDX Government,"Government people & institutions. Elected officials, public staff, and agencies in and around Portland & the larger Oregon Metro Region who represent us.

If you prefer a Feed: https://bsky.app/profile/bikeloudpdx.bsky.social/feed/aaajnfczhmq2g",2026-02-06T00:16:49Z
at://did:plc:tihggv2lcgqpw5fu4ilri5cq/app.bsky.graph.starterpack/3ldgzsq6fj722,did:plc:tihggv2lcgqpw5fu4ilri5cq,Worldwide Bike Advocacy Groups 2.0,"It’s a movement. We want to see it grow on #bsky! 
Also a Feed: https://bsky.app/profile/did:plc:tihggv2lcgqpw5fu4ilri5cq/feed/aaaahfo4bv5lm
Fiets, bicycle, bakfiets, cargobike, Fahrrad, bicicleta, vélo, велосипед, 🚲sykkel, 자전거, 自転車, polkupyörä, bicikl, jízdní kolo",2026-02-06T00:16:49Z
at://did:plc:tihggv2lcgqpw5fu4ilri5cq/app.bsky.graph.starterpack/3lksmkcl5ma24,did:plc:tihggv2lcgqpw5fu4ilri5cq,America Bikes,"We're stronger when bike together. Here are the American groups on Bluesky that support biking as an important part of our transportation system.

We need to hold on to our bike lanes — the time to act is now!",2026-02-06T00:16:49Z
at://did:plc:tihggv2lcgqpw5fu4ilri5cq/app.bsky.graph.starterpack/3lyt2md5cw32l,did:plc:tihggv2lcgqpw5fu4ilri5cq,BikeLoudPDX Local Partners,Local non-profits that BikeLoud counts on. We're always stronger together.,2026-02-06T00:16:49Z
at://did:plc:tihggv2lcgqpw5fu4ilri5cq/app.bsky.graph.starterpack/3mayehqyzgr2z,did:plc:tihggv2lcgqpw5fu4ilri5cq,BikeLoudPDX Leadership,People who have served on BikeLoud's Board of Directors and/or been in a leadership role at BikeLoud. Thank you!,2026-02-06T00:16:48Z
at://did:plc:u22htakgtv54i2gct7udjjt3/app.bsky.graph.starterpack/3lkqxspahed2g,did:plc:u22htakgtv54i2gct7udjjt3,Starter pack for Newbs,Publicly known folks who you may be interested in as you begin with Bluesky! 🦋 💕,2026-02-06T00:16:33Z
at://did:plc:uhm6cnf6nwoufcx3xm7ib3ji/app.bsky.graph.starterpack/3lkr4htmtim2u,did:plc:uhm6cnf6nwoufcx3xm7ib3ji,NEEDLEDICKRICK's Starter Pack,I love white women who fuck black men and cuck whitebois I love whitebois being humiliated and expose,2026-02-06T00:16:54Z
at://did:plc:vg37o7v7oxo7537z623u3qgq/app.bsky.graph.starterpack/3lkq73mcudr2t,did:plc:vg37o7v7oxo7537z623u3qgq,Women in Horror,"In celebration of WiHM, I’ve put together a list of women horror authors to follow!

This list will likely be expanded. 
This list is all-inclusive.",2026-02-06T00:16:51Z
at://did:plc:vxauyrfqvqkskxyhtyme63vx/app.bsky.graph.starterpack/3laooqmcemy2a,did:plc:vxauyrfqvqkskxyhtyme63vx,"🗽Pro-Democracy Leaders, Journalists, & Creators","🇺🇸 Follow these pro-democracy accounts for news & insights. Mostly US politics and legal analysis, with history, science, satire, and the arts as well. Knowledge is power. 
🌊💙🩵⚖️🌞💙🩵🗽",2026-02-06T00:16:26Z
at://did:plc:vxauyrfqvqkskxyhtyme63vx/app.bsky.graph.starterpack/3lbwproft3z22,did:plc:vxauyrfqvqkskxyhtyme63vx,💎#Blue Starter Pack,"💎2026 and 2028 will be here before we know it! We have a lot of GOOD WORK to do! This pack is based on my pro-democracy Threads friends 💙🩵 Many of these friends, like me, volunteered for Harris/Walz 2024. I’ll add more as they come over. 🇺🇸🗽💙",2026-02-06T00:16:26Z
at://did:plc:vxauyrfqvqkskxyhtyme63vx/app.bsky.graph.starterpack/3lgdq66vvhy2q,did:plc:vxauyrfqvqkskxyhtyme63vx,"📡 📰📍Local Publications, TV, Radio","We must focus on our local communities as well as national politics. AOC said in a recent TikTok video how crucial it is that we get to know our neighbors and strengthen our ties to community. This starter pack focuses on local US publications, TV/Radio stations and journalists.",2026-02-06T00:16:26Z
at://did:plc:vxauyrfqvqkskxyhtyme63vx/app.bsky.graph.starterpack/3lgusoqnka425,did:plc:vxauyrfqvqkskxyhtyme63vx,🧢🦋🌊 Dem Leaders Across the US,"Local, State & National Democrats, Dems running for office, Dem Committees & organizations",2026-02-06T00:16:25Z
at://did:plc:vxauyrfqvqkskxyhtyme63vx/app.bsky.graph.starterpack/3lh7mshjm5a2w,did:plc:vxauyrfqvqkskxyhtyme63vx,🏥 Public Health & 🩺 Medical Accounts,"Without a functioning federal public health agency, it’s up to us to find other sources for health news/info. Here’s a starter pack of accounts on medicine & public health.",2026-02-06T00:16:25Z
at://did:plc:vxauyrfqvqkskxyhtyme63vx/app.bsky.graph.starterpack/3logdfoh67n2g,did:plc:vxauyrfqvqkskxyhtyme63vx,🔵 Blue Dots,Let’s support Blue dots in Red areas! Follow and connect the dots! 💙🌊🌊 Together we are stronger 💪,2026-02-06T00:16:25Z
at://did:plc:vxauyrfqvqkskxyhtyme63vx/app.bsky.graph.starterpack/3loxw5kzo7i2x,did:plc:vxauyrfqvqkskxyhtyme63vx,Dem Leaders Pack #2,"Pack #2 of local, state, and national Democratic leaders, Dem groups and pro-Democracy organizations.",2026-02-06T00:16:25Z
at://did:plc:vxauyrfqvqkskxyhtyme63vx/app.bsky.graph.starterpack/3lryiqwun4n2f,did:plc:vxauyrfqvqkskxyhtyme63vx,BostonCatherine’s Humor Pack,"Follow these accounts for insights, satire, and laughs. Laughter is medicine 😄",2026-02-06T00:16:25Z
at://did:plc:vxauyrfqvqkskxyhtyme63vx/app.bsky.graph.starterpack/3lu2p5g2yro2s,did:plc:vxauyrfqvqkskxyhtyme63vx,Lawyers and the Law Pack,Lawyers and law-related accounts ⚖️📜📚,2026-02-06T00:16:24Z
at://did:plc:vxauyrfqvqkskxyhtyme63vx/app.bsky.graph.starterpack/3lyiewc7hwq26,did:plc:vxauyrfqvqkskxyhtyme63vx,"Journalists, reporters, writers",,2026-02-06T00:16:24Z
at://did:plc:vxauyrfqvqkskxyhtyme63vx/app.bsky.graph.starterpack/3lzw6qgb2pj2m,did:plc:vxauyrfqvqkskxyhtyme63vx,Professors,"College and University Professors, because we value education and we never want to stop learning, and PS what is happening and WHY",2026-02-06T00:16:24Z
at://did:plc:wswcgmey4x3qy7ptiwwct3et/app.bsky.graph.starterpack/3lkr4hdn3pf2f,did:plc:wswcgmey4x3qy7ptiwwct3et,sezayi's Starter Pack,,2026-02-06T00:16:53Z
at://did:plc:ybqpgar7mamupzczgfjs2uah/app.bsky.graph.starterpack/3lk2aja5eay2n,did:plc:ybqpgar7mamupzczgfjs2uah,Hot stuff,,2026-02-06T00:17:26Z
at://did:plc:ybqpgar7mamupzczgfjs2uah/app.bsky.graph.starterpack/3llzidkci762i,did:plc:ybqpgar7mamupzczgfjs2uah,Great artists,,2026-02-06T00:17:26Z
at://did:plc:ybqpgar7mamupzczgfjs2uah/app.bsky.graph.starterpack/3lmemokdb4x2w,did:plc:ybqpgar7mamupzczgfjs2uah,Hot stuff (VR edition),,2026-02-06T00:17:26Z
at://did:plc:ybqpgar7mamupzczgfjs2uah/app.bsky.graph.starterpack/3lnrfkfan4v2j,did:plc:ybqpgar7mamupzczgfjs2uah,Great music,"Musicians/bands I like. Game devs that also compose their music not included (check the Cool Game Dev starter pack). If their account is empty, try looking them up",2026-02-06T00:17:26Z
at://did:plc:ybqpgar7mamupzczgfjs2uah/app.bsky.graph.starterpack/3lnrg3obhn527,did:plc:ybqpgar7mamupzczgfjs2uah,Cool Game Devs,People who worked on games/mods I love (save for composers/musicians. See my music starter pack for that,2026-02-06T00:17:26Z
at://did:plc:ybqpgar7mamupzczgfjs2uah/app.bsky.graph.starterpack/3lpwmunrcm32t,did:plc:ybqpgar7mamupzczgfjs2uah,Hot stuff 2,Original pack got too long,2026-02-06T00:17:25Z
at://did:plc:yd7bt53qrinin34jasvkthvs/app.bsky.graph.starterpack/3lgyeilcocb2k,did:plc:yd7bt53qrinin34jasvkthvs,T-Shirtnshorts Favs,Mostly those who I have had the pleasure of speaking with. Some kindly added me to a pack when I was tiny. Let’s support #Blue,2026-02-06T00:16:30Z
at://did:plc:yd7bt53qrinin34jasvkthvs/app.bsky.graph.starterpack/3lkqxzrpg2v2m,did:plc:yd7bt53qrinin34jasvkthvs,🚀😂 Engagement Fun,"Follow
Like multiple posts
Comment with words on a post",2026-02-06T00:16:30Z
at://did:plc:yqbisn7r44sillyxya5mkgi4/app.bsky.graph.starterpack/3lkr32w5xbs2k,did:plc:yqbisn7r44sillyxya5mkgi4,Immunization Coalitions,A list of nonprofits around the US that work to promote vaccines and vaccine confidence.,2026-02-06T00:16:32Z
at://did:plc:yuuvmn6bkq3venl5gjsy5j6j/app.bsky.graph.starterpack/3lkr4nnmvbe2q,did:plc:yuuvmn6bkq3venl5gjsy5j6j,@‪mycheck.bsky.social‬'s Starter Pack,,2026-02-06T00:17:27Z
