feed_uri,inclusion_count,slot_count,inclusion_rank
at://did:plc:z72i7hdynmk6r22z27h6tvur/app.bsky.feed.generator/with-friends,148,148,1
at://did:plc:z72i7hdynmk6r22z27h6tvur/app.bsky.feed.generator/bsky-team,145,145,2
at://did:plc:z72i7hdynmk6r22z27h6tvur/app.bsky.feed.generator/hot-classic,143,143,3
at://did:plc:geoqe3qls5mwezckxxsewys2/app.bsky.feed.generator/aaabrbjcg4hmk,21,21,4
at://did:plc:abv47bjgzjgoh3yrygwoi36x/app.bsky.feed.generator/aaagt6amuur5e,10,10,5
at://did:plc:abv47bjgzjgoh3yrygwoi36x/app.bsky.feed.generator/aaai4f7awwzkc,8,8,6
at://did:plc:odqmsar3ikz5ubokya4sempk/app.bsky.feed.generator/aaabfn4o34jdi,5,5,7
at://did:plc:q6gjnaw2blty4crticxkmujt/app.bsky.feed.generator/cv:cat,5,5,8
at://did:plc:5rw2on4i56btlcajojaxwcat/app.bsky.feed.generator/aaao6g552b33o,4,4,9
at://did:plc:y7crv2yh74s7qhmtx3mvbgv5/app.bsky.feed.generator/art-new,4,4,10
at://did:plc:o4s55v3tsfph6whswxccpsia/app.bsky.feed.generator/aaaieye3ez2ws,3,3,11
at://did:plc:5evg2o47kepgquxi6ku4az4m/app.bsky.feed.generator/aaaih6wopc2da,2,2,12
at://did:plc:dvgliotey33vix3wlltybgkd/app.bsky.feed.generator/ukrainian-view,2,2,13
at://did:plc:ffkgesg3jsv2j7aagkzrtcvt/app.bsky.feed.generator/aaagllxbcbsje,2,2,14
at://did:plc:q6gjnaw2blty4crticxkmujt/app.bsky.feed.generator/cv:dog,2,2,15
at://did:plc:vig5txmvxugry3h5x36mcva2/app.bsky.feed.generator/aaac76qrfism2,2,2,16
at://did:plc:2gx2noukxzwmj6dkxbmh3qt5/app.bsky.feed.generator/aaahcxau33dt4,1,1,17
at://did:plc:4frf5rejem4acajnat3nvp3i/app.bsky.feed.generator/aaab2w7qzvirw,1,1,18
at://did:plc:4jrld6fwpnwqehtce56qshzv/app.bsky.feed.generator/game-dev,1,1,19
at://did:plc:4vjdrhro4bxoawbyjgixesij/app.bsky.feed.generator/aaadepeaxdboc,1,1,20
at://did:plc:5ogcuyqdjfbnp7upl5ylvhms/app.bsky.feed.generator/aaag4fp3ik4ls,1,1,21
at://did:plc:64rbg6zoljfju3lb6ednvokb/app.bsky.feed.generator/aaakwm273mwum,1,1,22
at://did:plc:6qswqt6prj5ch3jwjyqedexs/app.bsky.feed.generator/aaafcf5orer4q,1,1,23
at://did:plc:bfuck3vwwacatltdmnilloym/app.bsky.feed.generator/mutuals-ad,1,1,24
at://did:plc:bh5nvxcuy7nf356e2luizpxx/app.bsky.feed.generator/aaaay7hebu23w,1,1,25
at://did:plc:dvgliotey33vix3wlltybgkd/app.bsky.feed.generator/art,1,1,26
at://did:plc:dvgliotey33vix3wlltybgkd/app.bsky.feed.generator/newcomers,1,1,27
at://did:plc:dvgliotey33vix3wlltybgkd/app.bsky.feed.generator/threads,1,1,28
at://did:plc:fl67s5eg6pugdspdhnhqexww/app.bsky.feed.generator/iowa,1,1,29
at://did:plc:geoqe3qls5mwezckxxsewys2/app.bsky.feed.generator/aaai43yetqshu,1,1,30
at://did:plc:jdkvwye2lf4mingzk7qdebzc/app.bsky.feed.generator/art-clean,1,1,31
at://did:plc:jfhpnnst6flqway4eaeqzj2a/app.bsky.feed.generator/for-science,1,1,32
at://did:plc:kfzwlje6igopcdc76gejhpmj/app.bsky.feed.generator/aaambhmiazap2,1,1,33
at://did:plc:kkf4naxqmweop7dv4l2iqqf5/app.bsky.feed.generator/verified-news,1,1,34
at://did:plc:kzh2ze4pntcg5jtcdoce6bjr/app.bsky.feed.generator/bluecrew,1,1,35
at://did:plc:l32leysyum6sa6q2z77ha4da/app.bsky.feed.generator/aaamvjfwhxczs,1,1,36
at://did:plc:lyrmsmhhg7vzz4ghj44y5xzq/app.bsky.feed.generator/2e275eb3ed72,1,1,37
at://did:plc:lyrmsmhhg7vzz4ghj44y5xzq/app.bsky.feed.generator/edcfac0b68f2,1,1,38
at://did:plc:mtw7bfxqppedkursd6zlb537/app.bsky.feed.generator/spicyvrc,1,1,39
at://did:plc:nmm26ltnxjx4oskwzdue4xvq/app.bsky.feed.generator/aaacoviie4ygo,1,1,40
at://did:plc:odqmsar3ikz5ubokya4sempk/app.bsky.feed.generator/aaabhy3bowhbo,1,1,41
at://did:plc:odqmsar3ikz5ubokya4sempk/app.bsky.feed.generator/aaahvpkfdo5qo,1,1,42
at://did:plc:opfdtdh53uoqo45r4v3y43eb/app.bsky.feed.generator/aaaivj4ygtc6c,1,1,43
at://did:plc:qja3ay4iwnowsyjgbn552kbu/app.bsky.feed.generator/aaapwao33ugzi,1,1,44
at://did:plc:tazrmeme4dzahimsykusrwrk/app.bsky.feed.generator/anime-en-new,1,1,45
at://did:plc:tenurhgjptubkk5zf5qhi3og/app.bsky.feed.generator/mutuals,1,1,46
at://did:plc:thklxkv36gnt7oesds423tl3/app.bsky.feed.generator/aaacfoh4arvky,1,1,47
at://did:plc:tihggv2lcgqpw5fu4ilri5cq/app.bsky.feed.generator/aaaahezwhk2wc,1,1,48
at://did:plc:vpkhqolt662uhesyj6nxm7ys/app.bsky.feed.generator/infreq,1,1,49
at://did:plc:w4xbfzo7kqfes5zb7r6qv3rw/app.bsky.feed.generator/blacksky,1,1,50
at://did:plc:ylm5bw5b3wspfxulgzzty65e/app.bsky.feed.generator/aaac7r6pj6bdq,1,1,51
at://did:plc:z42jlhnp575qnuzzruy7kfoq/app.bsky.feed.generator/aaafetekjdqjg,1,1,52
