cluster_text,cluster_posts,cluster_authors_n,cluster_total_weighted_exposure,post_uri,author,appearances,windows_seen,weighted_exposure,share_in_cluster
"cats are such graceful, majestic creatures",30,29,128.989501,at://did:plc:jisd4xvazujoqnbg3zwljgzq/app.bsky.feed.post/3mhf4rz2emc24,monicarooney.bsky.social,88,1,21.657785,0.167903
"cats are such graceful, majestic creatures",30,29,128.989501,at://did:plc:ndt2b5guc5kqmddydiwg5vrp/app.bsky.feed.post/3mhfenembe727,omegamom.bsky.social,74,1,21.514573,0.166793
"cats are such graceful, majestic creatures",30,29,128.989501,at://did:plc:nguwdpd2ba6m6zt4tgxwkmhy/app.bsky.feed.post/3mhfkederes2k,mrnotmoro.bsky.social,58,1,18.591167,0.144129
"cats are such graceful, majestic creatures",30,29,128.989501,at://did:plc:zdsfrnukjpuyiy2w35bei7ay/app.bsky.feed.post/3mheutiqh6c25,lsepper.bsky.social,80,1,17.081181,0.132423
"cats are such graceful, majestic creatures",30,29,128.989501,at://did:plc:vvxnmiedggov7wbc64dk5iq2/app.bsky.feed.post/3mhfb566oes27,ninnny.bsky.social,22,1,5.12349,0.03972
"cats are such graceful, majestic creatures",30,29,128.989501,at://did:plc:nrjvetkf4nsosk4vililozku/app.bsky.feed.post/3mhfbnoto4s2o,elakdawalla.bsky.social,16,1,4.780551,0.037062
"cats are such graceful, majestic creatures",30,29,128.989501,at://did:plc:a4nmlwegrxcucgs7o7vslo7v/app.bsky.feed.post/3mhfgurn2dk2x,dragpoeta.bsky.social,10,1,3.956877,0.030676
"cats are such graceful, majestic creatures",30,29,128.989501,at://did:plc:piebji6w656eyg6ezgtm67rn/app.bsky.feed.post/3mhfnwampqs2r,mariannefajstrup.bsky.social,10,1,3.675927,0.028498
"cats are such graceful, majestic creatures",30,29,128.989501,at://did:plc:cah2xwjpg6fe7bpkirl7ijyw/app.bsky.feed.post/3mhforblfjk2r,mamagaylor.bsky.social,13,1,2.757169,0.021375
"cats are such graceful, majestic creatures",30,29,128.989501,at://did:plc:qnkwwbfbt54ltwejyg4dtg37/app.bsky.feed.post/3mhfg2qeris27,koldsmed.eurosky.social,11,1,2.671337,0.02071
"cats are such graceful, majestic creatures",30,29,128.989501,at://did:plc:wb63u7mximrkemlzxnix7jus/app.bsky.feed.post/3mhferzjw3c2y,kennethjorgensen.eurosky.social,11,1,2.583942,0.020032
"cats are such graceful, majestic creatures",30,29,128.989501,at://did:plc:ztjzdvh4yqaei3hv6imj23by/app.bsky.feed.post/3mhfhy4oaxc2o,kirstinedk.eurosky.social,11,1,2.393003,0.018552
"cats are such graceful, majestic creatures",30,29,128.989501,at://did:plc:lckw7hywcin576ukcgqspqoa/app.bsky.feed.post/3mhf4fss7jc2h,shannaleehorvik.com,12,1,2.285255,0.017717
"cats are such graceful, majestic creatures",30,29,128.989501,at://did:plc:q4gdotnt2bld3kgkkvbstntl/app.bsky.feed.post/3mhfnmjyqnk2s,megthewriter.bsky.social,6,1,2.054656,0.015929
"cats are such graceful, majestic creatures",30,29,128.989501,at://did:plc:ijc7hzjylcv76q4ovu45ori6/app.bsky.feed.post/3mhfhldwwuk2z,lilachysteria.bsky.social,8,1,1.932913,0.014985
"cats are such graceful, majestic creatures",30,29,128.989501,at://did:plc:yii5ssm7wtcdhbvi4ssxeezs/app.bsky.feed.post/3mhfeczopuk2s,cozythoughts.bsky.social,4,1,1.657237,0.012848
"cats are such graceful, majestic creatures",30,29,128.989501,at://did:plc:c2epjoqwbuvrqtjrlaji2uao/app.bsky.feed.post/3mhfosnjnjk2f,willgoose.bsky.social,6,1,1.635132,0.012676
"cats are such graceful, majestic creatures",30,29,128.989501,at://did:plc:fuafth2zer4x6ghw76nhidll/app.bsky.feed.post/3mhfrq7c4r22m,phenakistoscopic.bsky.social,4,1,1.265051,0.009807
"cats are such graceful, majestic creatures",30,29,128.989501,at://did:plc:5b57qxqygb747r26jbp7far2/app.bsky.feed.post/3mhfs4oou5s2z,philipbak.bsky.social,6,1,1.235021,0.009575
"cats are such graceful, majestic creatures",30,29,128.989501,at://did:plc:yii5ssm7wtcdhbvi4ssxeezs/app.bsky.feed.post/3mhfcqs5ye22o,cozythoughts.bsky.social,5,1,1.226822,0.009511
"cats are such graceful, majestic creatures",30,29,128.989501,at://did:plc:wmxdqux6pxfnay27xau2uyzs/app.bsky.feed.post/3mhfb2v4acc2j,sistercity.bsky.social,5,1,1.121156,0.008692
"cats are such graceful, majestic creatures",30,29,128.989501,at://did:plc:ouxbieoqeak6h4zjqjdowqr5/app.bsky.feed.post/3mhfdhb73ek27,mishacopyninja.bsky.social,4,1,1.041453,0.008074
"cats are such graceful, majestic creatures",30,29,128.989501,at://did:plc:gvblcoq2r2spxyh5edqypt3v/app.bsky.feed.post/3mhfdfo2ahk2s,composeyrself.bsky.social,4,1,1.011647,0.007843
"cats are such graceful, majestic creatures",30,29,128.989501,at://did:plc:7sqmhxzfntw4uhuibzlbfk2v/app.bsky.feed.post/3mhfcys27s22d,beastmstrgeneral.bsky.social,5,1,1.002508,0.007772
"cats are such graceful, majestic creatures",30,29,128.989501,at://did:plc:lc2gudk6dfxuhyavh7lvxty7/app.bsky.feed.post/3mhfkqtwiek26,pfhave.bsky.social,4,1,0.965476,0.007485
"cats are such graceful, majestic creatures",30,29,128.989501,at://did:plc:5ahy7ucigncv5sjkndrdla7z/app.bsky.feed.post/3mhffdc4a2s22,calmerfuture.bsky.social,4,1,0.954046,0.007396
"cats are such graceful, majestic creatures",30,29,128.989501,at://did:plc:ja247m4etuaddmqepovupcfg/app.bsky.feed.post/3mhfsxzz6ac2v,lf279.bsky.social,4,1,0.938989,0.00728
"cats are such graceful, majestic creatures",30,29,128.989501,at://did:plc:w65dnbcbd2zh7zahfcoekr35/app.bsky.feed.post/3mhfsmsants2y,groancusack.bsky.social,4,1,0.815403,0.006321
"cats are such graceful, majestic creatures",30,29,128.989501,at://did:plc:javxfrgrgnh6xqts5llqsxmp/app.bsky.feed.post/3mhfehh2z7k25,carolinempagh.bsky.social,3,1,0.693396,0.005376
"cats are such graceful, majestic creatures",30,29,128.989501,at://did:plc:jdywmofbf257id5hjdg5o2nl/app.bsky.feed.post/3mhf2oq2pi222,danicahere.bsky.social,2,1,0.366339,0.00284
post a gif of who you wanted to be as a kid,25,25,49.182127,at://did:plc:pq2i44w42ujuvyex7pu3jtze/app.bsky.feed.post/3mhed6eoznk2z,gregwtravels.bsky.social,80,1,16.893203,0.343483
post a gif of who you wanted to be as a kid,25,25,49.182127,at://did:plc:r2bldrk4tu54ngnwclbnpv53/app.bsky.feed.post/3mhfc2rppss2u,nerdy70.bsky.social,45,1,11.097042,0.225632
post a gif of who you wanted to be as a kid,25,25,49.182127,at://did:plc:t2t3ndlvicozvov7emnsjqv7/app.bsky.feed.post/3mhf75mwrhc2t,reinamwilliams.bsky.social,33,1,6.721771,0.136671
post a gif of who you wanted to be as a kid,25,25,49.182127,at://did:plc:tbqqrnm2bgoimtmqlcxxbag7/app.bsky.feed.post/3mheschwl222n,inmara.sunspot.world,12,1,2.249237,0.045733
post a gif of who you wanted to be as a kid,25,25,49.182127,at://did:plc:24qmsfyl4bp5rtzif6itjjl2/app.bsky.feed.post/3mhf4qdizhk2k,jilanne.bsky.social,11,1,2.059748,0.04188
post a gif of who you wanted to be as a kid,25,25,49.182127,at://did:plc:z3ko7ts76ugm2hxhujs25fe3/app.bsky.feed.post/3mhfbmeom7c26,zach-rust.bsky.social,3,1,1.36058,0.027664
post a gif of who you wanted to be as a kid,25,25,49.182127,at://did:plc:upptkhfloujholkqytzxgw5h/app.bsky.feed.post/3mhfkh2ydak2s,vojdo.bsky.social,6,1,1.143308,0.023246
post a gif of who you wanted to be as a kid,25,25,49.182127,at://did:plc:6r3mptjtgbnjcz6pioq2hkxj/app.bsky.feed.post/3mhfi4m7dhs2p,julianj.blacksky.app,2,1,0.886853,0.018032
post a gif of who you wanted to be as a kid,25,25,49.182127,at://did:plc:rbznsnmhh5zgqth47mcagovo/app.bsky.feed.post/3mhfcauv4e22m,christopherxci.blacksky.app,2,1,0.671672,0.013657
post a gif of who you wanted to be as a kid,25,25,49.182127,at://did:plc:2jpnj466zl2fzd3raq4hw6ji/app.bsky.feed.post/3mhfcsuoxck2w,legoversum.bsky.social,3,1,0.635372,0.012919
post a gif of who you wanted to be as a kid,25,25,49.182127,at://did:plc:dm7z7ods6b57zlvqyamlkijo/app.bsky.feed.post/3mhfyhnbbhs2s,badkitty93.bsky.social,2,1,0.545681,0.011095
post a gif of who you wanted to be as a kid,25,25,49.182127,at://did:plc:v2zokqmhtb4trssgokog5342/app.bsky.feed.post/3mhfvotkjec2c,drkalyncoghill.blacksky.team,2,1,0.530803,0.010793
post a gif of who you wanted to be as a kid,25,25,49.182127,at://did:plc:haektugojsceluqsumxa2paj/app.bsky.feed.post/3mhfosyqezc2a,serdarcevher.com,2,1,0.488342,0.009929
post a gif of who you wanted to be as a kid,25,25,49.182127,at://did:plc:kmuy53gqnyr7ewu4eisvjjlb/app.bsky.feed.post/3mhfclz2j5k2l,d0wj0nes.blacksky.app,2,1,0.450122,0.009152
post a gif of who you wanted to be as a kid,25,25,49.182127,at://did:plc:3anwtang5xtczyahrxkc27ou/app.bsky.feed.post/3mhfvmixvc22i,jextorx.bsky.social,2,1,0.436374,0.008873
post a gif of who you wanted to be as a kid,25,25,49.182127,at://did:plc:rmgn7aravvt5xydpicz3ihry/app.bsky.feed.post/3mhfd3bwfnc2c,hbjaycut.blacksky.app,2,1,0.432258,0.008789
post a gif of who you wanted to be as a kid,25,25,49.182127,at://did:plc:6tff2msd3ujvsyk7kg63a5tb/app.bsky.feed.post/3mhfjs6gth22z,annaleighmaria.bsky.social,2,1,0.420942,0.008559
post a gif of who you wanted to be as a kid,25,25,49.182127,at://did:plc:sfzyaii2skgaiafdgs4eu2pn/app.bsky.feed.post/3mhfcyhjmck2x,lorderica.bsky.social,2,1,0.390551,0.007941
post a gif of who you wanted to be as a kid,25,25,49.182127,at://did:plc:ja5wl5cbiniwo6563eydwhnc/app.bsky.feed.post/3mhfhf43bqc2y,sydscripts.bsky.social,2,1,0.355287,0.007224
post a gif of who you wanted to be as a kid,25,25,49.182127,at://did:plc:xp6nakdtvcigj4ytlznhvtp7/app.bsky.feed.post/3mhfegby4qk2t,unallowedclown.bsky.social,1,1,0.333333,0.006778
post a gif of who you wanted to be as a kid,25,25,49.182127,at://did:plc:gcdpx46toin6ocawztatjup2/app.bsky.feed.post/3mhfwwz3sw22b,kwt0420928.blacksky.app,1,1,0.270238,0.005495
post a gif of who you wanted to be as a kid,25,25,49.182127,at://did:plc:y367myt2i2kcklareb6b5yth/app.bsky.feed.post/3mhfxfwh2js27,kingparappa.blacksky.app,1,1,0.221065,0.004495
post a gif of who you wanted to be as a kid,25,25,49.182127,at://did:plc:pldvtptg4zbrxq6ap2cgubbo/app.bsky.feed.post/3mhfcg46jwc2a,teganoneil5000.bsky.social,1,1,0.208015,0.004229
post a gif of who you wanted to be as a kid,25,25,49.182127,at://did:plc:lywgfzfo7lhvkidfhd5fijf6/app.bsky.feed.post/3mhfcvti3u22s,victorperfecto.bsky.social,1,1,0.19824,0.004031
post a gif of who you wanted to be as a kid,25,25,49.182127,at://did:plc:ab6uxqcqw72zkgna7pm2arys/app.bsky.feed.post/3mhfvgg2ses2w,clarkishakent.blacksky.app,1,1,0.182088,0.003702
post a gif of who you wanted to be as a kid.,12,12,14.547534,at://did:plc:3o5vqnfikx2iv6f7rukijrg2/app.bsky.feed.post/3mhfisapihs2q,achoti0.bsky.social,9,1,9.0,0.618662
post a gif of who you wanted to be as a kid.,12,12,14.547534,at://did:plc:xw4z2tgldiosoa5onpfkdyg2/app.bsky.feed.post/3mhfm3rvdt226,stillpixie.bsky.social,6,1,1.160558,0.079777
post a gif of who you wanted to be as a kid.,12,12,14.547534,at://did:plc:jlbmlypk4epm45o2nzk2ftje/app.bsky.feed.post/3mhfn7ktxek2e,redlamp.org,2,1,0.930677,0.063975
post a gif of who you wanted to be as a kid.,12,12,14.547534,at://did:plc:3wowmcc6qebz22b73bp65ilg/app.bsky.feed.post/3mhffulr6h22m,teddy-bare.bsky.social,2,1,0.636523,0.043755
post a gif of who you wanted to be as a kid.,12,12,14.547534,at://did:plc:dbhahp2jvntbchj7fxwz3ibr/app.bsky.feed.post/3mhfuycdh3k2f,teggert.bsky.social,3,1,0.531551,0.036539
post a gif of who you wanted to be as a kid.,12,12,14.547534,at://did:plc:f442fntp4vtpnm2kp5rghmtr/app.bsky.feed.post/3mhftg4izu22d,bpacey77.bsky.social,1,1,0.5,0.03437
post a gif of who you wanted to be as a kid.,12,12,14.547534,at://did:plc:sdaokwwvdpilbmo4clwenqg3/app.bsky.feed.post/3mhfocj56d22n,queencarolinamt.bsky.social,2,1,0.461805,0.031745
post a gif of who you wanted to be as a kid.,12,12,14.547534,at://did:plc:aydqdb7ekxundwaaduimjstb/app.bsky.feed.post/3mhfk7fz7ok2i,sarahijackson.bsky.social,2,1,0.383937,0.026392
post a gif of who you wanted to be as a kid.,12,12,14.547534,at://did:plc:ef77bqgnm6pk2eit3r5u3yix/app.bsky.feed.post/3mhewdsldm22j,marsheilarockwell.bsky.social,2,1,0.358104,0.024616
post a gif of who you wanted to be as a kid.,12,12,14.547534,at://did:plc:ymfqois3qa6fr3utlup4nxs6/app.bsky.feed.post/3mhfls7tcnc2j,ciaraarmstrong.bsky.social,1,1,0.201849,0.013875
post a gif of who you wanted to be as a kid.,12,12,14.547534,at://did:plc:vkqo6eqje24qptl34litphk3/app.bsky.feed.post/3mhffxqgx4s2j,gregathus88.bsky.social,1,1,0.19824,0.013627
post a gif of who you wanted to be as a kid.,12,12,14.547534,at://did:plc:tbams6fztuoygrijmsxlrfw3/app.bsky.feed.post/3mhfctxwcis2y,tavdy.bsky.social,1,1,0.184289,0.012668
www.theguardian.com/commentisfre...,13,12,9.776243,at://did:plc:xemkhmtgrccuo6u2djr7igsi/app.bsky.feed.post/3mhfldhrd222m,scienceandfacts.bsky.social,3,1,1.29203,0.13216
www.theguardian.com/commentisfre...,13,12,9.776243,at://did:plc:umx3zykvrxchg4q7zjiuqqxw/app.bsky.feed.post/3mhfm7n2zmc25,lubottom.bsky.social,5,1,1.25,0.127861
www.theguardian.com/commentisfre...,13,12,9.776243,at://did:plc:mjlu2cklte5vn6lrib4w4agt/app.bsky.feed.post/3mhfj5ininc2p,debaser99.bsky.social,4,1,1.0,0.102289
www.theguardian.com/commentisfre...,13,12,9.776243,at://did:plc:ehie43z6a2gh3wojsmq4qlpl/app.bsky.feed.post/3mhfyb6bbp22q,columbojones2.bsky.social,4,1,0.910681,0.093152
www.theguardian.com/commentisfre...,13,12,9.776243,at://did:plc:rl4iho6oiluxcu4hiht7isdf/app.bsky.feed.post/3mhfhc4rgz22q,fledg.bsky.social,4,1,0.823387,0.084223
www.theguardian.com/commentisfre...,13,12,9.776243,at://did:plc:ru55eyk6bq5uyrq7ggvckgs2/app.bsky.feed.post/3mhfkateda22o,anna26458.bsky.social,4,1,0.792959,0.081111
www.theguardian.com/commentisfre...,13,12,9.776243,at://did:plc:ru55eyk6bq5uyrq7ggvckgs2/app.bsky.feed.post/3mhfk7oq2js2o,anna26458.bsky.social,4,1,0.737155,0.075403
www.theguardian.com/commentisfre...,13,12,9.776243,at://did:plc:xfd26ojzcyu346rtrt3lqfrh/app.bsky.feed.post/3mhfdpsm7zk2y,bartlojo.bsky.social,4,1,0.708735,0.072496
www.theguardian.com/commentisfre...,13,12,9.776243,at://did:plc:5suwfkaqvypaj35ohkpozmtt/app.bsky.feed.post/3mhfatmz4dc2f,masfabiani.bsky.social,3,1,0.646015,0.06608
www.theguardian.com/commentisfre...,13,12,9.776243,at://did:plc:zu6omxy4il2pjnymnfirhguh/app.bsky.feed.post/3mhfkjudmcs2p,estherjvdb.bsky.social,2,1,0.436209,0.044619
www.theguardian.com/commentisfre...,13,12,9.776243,at://did:plc:47lngbh3tuzhttlus6b7bqid/app.bsky.feed.post/3mhfiihltks2g,mykomment.bsky.social,2,1,0.411694,0.042112
www.theguardian.com/commentisfre...,13,12,9.776243,at://did:plc:jflkzyfv5go4psmsgarmsgx6/app.bsky.feed.post/3mhfgn2y2622t,funsoph.bsky.social,2,1,0.39648,0.040555
www.theguardian.com/commentisfre...,13,12,9.776243,at://did:plc:azncucjynvcd2ie7uqkglmr3/app.bsky.feed.post/3mhfxijy6l22z,lilyandpop.bsky.social,2,1,0.370898,0.037939
www.theguardian.com/world/2026/m...,17,10,13.505059,at://did:plc:xfd26ojzcyu346rtrt3lqfrh/app.bsky.feed.post/3mhfbp6r5g22y,bartlojo.bsky.social,7,1,1.489222,0.110271
www.theguardian.com/world/2026/m...,17,10,13.505059,at://did:plc:gudaflztwlufiqgolrp4jjab/app.bsky.feed.post/3mhfqnmm6o22m,natty4bumpo.bsky.social,6,1,1.438875,0.106543
www.theguardian.com/world/2026/m...,17,10,13.505059,at://did:plc:gudaflztwlufiqgolrp4jjab/app.bsky.feed.post/3mhfqm3cdhc2m,natty4bumpo.bsky.social,6,1,1.151752,0.085283
www.theguardian.com/world/2026/m...,17,10,13.505059,at://did:plc:6ooho4knnmfcsompzr4fj7b5/app.bsky.feed.post/3mhfybebzo22u,statelyplumpbuck.bsky.social,4,1,0.95925,0.071029
www.theguardian.com/world/2026/m...,17,10,13.505059,at://did:plc:37vkvbfklza7kaiqtbxtjr4v/app.bsky.feed.post/3mhfcrdqo7k2i,arielma.bsky.social,3,1,0.946395,0.070077
www.theguardian.com/world/2026/m...,17,10,13.505059,at://did:plc:raxjzl2n6qtgvazsw5yj3rw7/app.bsky.feed.post/3mhfpdye4422g,suereeve.bsky.social,4,1,0.896975,0.066418
www.theguardian.com/world/2026/m...,17,10,13.505059,at://did:plc:ru55eyk6bq5uyrq7ggvckgs2/app.bsky.feed.post/3mhfkblj7nk2o,anna26458.bsky.social,4,1,0.84124,0.062291
www.theguardian.com/world/2026/m...,17,10,13.505059,at://did:plc:6i3r2asy2y5dvb7pomiqe5in/app.bsky.feed.post/3mhful6ns2s2j,egrettt.bsky.social,3,1,0.836829,0.061964
www.theguardian.com/world/2026/m...,17,10,13.505059,at://did:plc:gudaflztwlufiqgolrp4jjab/app.bsky.feed.post/3mhfrlspavc2m,natty4bumpo.bsky.social,4,1,0.784644,0.0581
www.theguardian.com/world/2026/m...,17,10,13.505059,at://did:plc:raxjzl2n6qtgvazsw5yj3rw7/app.bsky.feed.post/3mhfpcpyovs2g,suereeve.bsky.social,4,1,0.779836,0.057744
www.theguardian.com/world/2026/m...,17,10,13.505059,at://did:plc:ru55eyk6bq5uyrq7ggvckgs2/app.bsky.feed.post/3mhflans6a22o,anna26458.bsky.social,3,1,0.59472,0.044037
www.theguardian.com/world/2026/m...,17,10,13.505059,at://did:plc:zpyjp5kggl7dfsnx4oqtgazo/app.bsky.feed.post/3mhfl7wdyek2i,freereed59.net,3,1,0.571654,0.042329
www.theguardian.com/world/2026/m...,17,10,13.505059,at://did:plc:xfd26ojzcyu346rtrt3lqfrh/app.bsky.feed.post/3mhfchy2kgc2y,bartlojo.bsky.social,3,1,0.537157,0.039774
www.theguardian.com/world/2026/m...,17,10,13.505059,at://did:plc:ijwhffc5um5uhpgrlxnt3ik5/app.bsky.feed.post/3mhfgoy7jc22b,calliz.eurosky.social,2,1,0.511916,0.037906
www.theguardian.com/world/2026/m...,17,10,13.505059,at://did:plc:z3f2ubxdtfkx3m7kufbe7kbq/app.bsky.feed.post/3mhfnj2qgxk27,roaringmeg.bsky.social,2,1,0.436209,0.0323
www.theguardian.com/world/2026/m...,17,10,13.505059,at://did:plc:raxjzl2n6qtgvazsw5yj3rw7/app.bsky.feed.post/3mhfrsziwos25,suereeve.bsky.social,2,1,0.375804,0.027827
www.theguardian.com/world/2026/m...,17,10,13.505059,at://did:plc:raxjzl2n6qtgvazsw5yj3rw7/app.bsky.feed.post/3mhfrrhu4vc25,suereeve.bsky.social,2,1,0.352583,0.026107
www.theguardian.com/us-news/2026...,12,10,10.503984,at://did:plc:hs6lj3t527ppb7xwho5j6osh/app.bsky.feed.post/3mhfscrzlls2m,hapkidogal.bsky.social,6,1,2.321117,0.220975
www.theguardian.com/us-news/2026...,12,10,10.503984,at://did:plc:ru55eyk6bq5uyrq7ggvckgs2/app.bsky.feed.post/3mhfkczleis2o,anna26458.bsky.social,4,1,1.333333,0.126936
www.theguardian.com/us-news/2026...,12,10,10.503984,at://did:plc:hgwn64go5gxert5tkdhcklau/app.bsky.feed.post/3mhfqm5s46s2j,utwit-udrive.bsky.social,6,1,1.160558,0.110487
www.theguardian.com/us-news/2026...,12,10,10.503984,at://did:plc:xkxknvepenpknbpwvk6afvd6/app.bsky.feed.post/3mhfhd2lkb22x,drugdesigns.bsky.social,4,1,0.941636,0.089646
www.theguardian.com/us-news/2026...,12,10,10.503984,at://did:plc:wt34zovfu7apoi5c5jxnt7tq/app.bsky.feed.post/3mhfmqmgpuc2z,happyjim.bsky.social,4,1,0.767835,0.073099
www.theguardian.com/us-news/2026...,12,10,10.503984,at://did:plc:ehie43z6a2gh3wojsmq4qlpl/app.bsky.feed.post/3mhfsqnanyk2v,columbojones2.bsky.social,2,1,0.712414,0.067823
www.theguardian.com/us-news/2026...,12,10,10.503984,at://did:plc:4btm52qjhp25a3kiwf2oo7un/app.bsky.feed.post/3mhfcnq7eqc2n,kaiodan.bsky.social,3,1,0.672731,0.064045
www.theguardian.com/us-news/2026...,12,10,10.503984,at://did:plc:twcukqcyhnptfs54dnostbb2/app.bsky.feed.post/3mhfslnredc2l,nattydreadwolfe.bsky.social,3,1,0.638238,0.060762
www.theguardian.com/us-news/2026...,12,10,10.503984,at://did:plc:ru55eyk6bq5uyrq7ggvckgs2/app.bsky.feed.post/3mhfl7vkvn22o,anna26458.bsky.social,3,1,0.563705,0.053666
www.theguardian.com/us-news/2026...,12,10,10.503984,at://did:plc:ru55eyk6bq5uyrq7ggvckgs2/app.bsky.feed.post/3mhfl72wic22o,anna26458.bsky.social,3,1,0.534311,0.050867
www.theguardian.com/us-news/2026...,12,10,10.503984,at://did:plc:qo3zhbwc3qb5nbpibxplwxzr/app.bsky.feed.post/3mhfgoww34k22,anaideia.bsky.social,2,1,0.5,0.047601
www.theguardian.com/us-news/2026...,12,10,10.503984,at://did:plc:uh7eks4tydafogflkn2lrnle/app.bsky.feed.post/3mhfrrrn4jc2u,scottwoods01.bsky.social,2,1,0.358104,0.034092
"i just signed a @fuelpovertyaction.bsky.social: #makegreenfair. demand our fair share of our wind and sun to guarantee cheap, clean #energyfor all. sign here: actionnetwork.org/pet",10,10,9.81771,at://did:plc:dumjcve2qzb2oziefprf2fyu/app.bsky.feed.post/3mhfkecgdqk25,nigelorgano.bsky.social,16,1,5.997075,0.610843
"i just signed a @fuelpovertyaction.bsky.social: #makegreenfair. demand our fair share of our wind and sun to guarantee cheap, clean #energyfor all. sign here: actionnetwork.org/pet",10,10,9.81771,at://did:plc:rdykehpu54ungol2pcxtn7cj/app.bsky.feed.post/3mhfodv5vgc2u,spinytoo.bsky.social,2,1,0.773706,0.078807
"i just signed a @fuelpovertyaction.bsky.social: #makegreenfair. demand our fair share of our wind and sun to guarantee cheap, clean #energyfor all. sign here: actionnetwork.org/pet",10,10,9.81771,at://did:plc:3h45jadl6vziykx5z6yqy3rh/app.bsky.feed.post/3mhfmfqydrk2y,heatherdirtyknees.bsky.social,3,1,0.706227,0.071934
"i just signed a @fuelpovertyaction.bsky.social: #makegreenfair. demand our fair share of our wind and sun to guarantee cheap, clean #energyfor all. sign here: actionnetwork.org/pet",10,10,9.81771,at://did:plc:vwgger7wxbp5e3gh76tx33af/app.bsky.feed.post/3mhfteg6pus2z,san-andre1.bsky.social,1,1,0.63093,0.064264
"i just signed a @fuelpovertyaction.bsky.social: #makegreenfair. demand our fair share of our wind and sun to guarantee cheap, clean #energyfor all. sign here: actionnetwork.org/pet",10,10,9.81771,at://did:plc:cvqkqff7tud7fa2xrn4gu7w7/app.bsky.feed.post/3mhfrwowczc2o,rosken120.bsky.social,1,1,0.386853,0.039404
"i just signed a @fuelpovertyaction.bsky.social: #makegreenfair. demand our fair share of our wind and sun to guarantee cheap, clean #energyfor all. sign here: actionnetwork.org/pet",10,10,9.81771,at://did:plc:latfqixo6ore3l2b5yx74yf3/app.bsky.feed.post/3mhfpxm242k2g,communitydave.bsky.social,1,1,0.386853,0.039404
"i just signed a @fuelpovertyaction.bsky.social: #makegreenfair. demand our fair share of our wind and sun to guarantee cheap, clean #energyfor all. sign here: actionnetwork.org/pet",10,10,9.81771,at://did:plc:ztparpe47avhghkjqnbnnufy/app.bsky.feed.post/3mhfkejig4k24,albertin.bsky.social,1,1,0.333333,0.033952
"i just signed a @fuelpovertyaction.bsky.social: #makegreenfair. demand our fair share of our wind and sun to guarantee cheap, clean #energyfor all. sign here: actionnetwork.org/pet",10,10,9.81771,at://did:plc:w5cgjufgqizhnl6i4gpovm6a/app.bsky.feed.post/3mhfusvdip224,pmather.bsky.social,1,1,0.212746,0.02167
"i just signed a @fuelpovertyaction.bsky.social: #makegreenfair. demand our fair share of our wind and sun to guarantee cheap, clean #energyfor all. sign here: actionnetwork.org/pet",10,10,9.81771,at://did:plc:35pbsm4skgs3noe5znasdegg/app.bsky.feed.post/3mhfqdb57ss2v,scarlethood.bsky.social,1,1,0.196562,0.020021
"i just signed a @fuelpovertyaction.bsky.social: #makegreenfair. demand our fair share of our wind and sun to guarantee cheap, clean #energyfor all. sign here: actionnetwork.org/pet",10,10,9.81771,at://did:plc:g26j2tnqha35x4q4waozpjqu/app.bsky.feed.post/3mhfqxsbj3k2c,grandad46.bsky.social,1,1,0.193426,0.019702
substack.com/@50501/note/...,9,8,53.341052,at://did:plc:vqria5njfxvfgj6sc5nnbnt2/app.bsky.feed.post/3mhf5alk25s22,golfnutzm.bsky.social,56,1,12.185406,0.228443
substack.com/@50501/note/...,9,8,53.341052,at://did:plc:vqria5njfxvfgj6sc5nnbnt2/app.bsky.feed.post/3mhf2boicsc2g,golfnutzm.bsky.social,43,1,8.342928,0.156407
substack.com/@50501/note/...,9,8,53.341052,at://did:plc:wizbbtrjbhytf6uxrbbezb33/app.bsky.feed.post/3mhf24vbdc22l,htina.bsky.social,43,1,8.277184,0.155175
substack.com/@50501/note/...,9,8,53.341052,at://did:plc:f7cetxnfpazbcazf36ykirwt/app.bsky.feed.post/3mhfor6blrs26,ajr68.bsky.social,23,1,7.54618,0.14147
substack.com/@50501/note/...,9,8,53.341052,at://did:plc:xlsdxnqzoeyvnferhhewdc6r/app.bsky.feed.post/3mhex2y6k222z,meethemoment.bsky.social,27,1,4.845939,0.090848
substack.com/@50501/note/...,9,8,53.341052,at://did:plc:gxdlzypksrycroeznj367kqp/app.bsky.feed.post/3mhft7vdaw22o,coastalgypsy.bsky.social,14,1,4.609981,0.086425
substack.com/@50501/note/...,9,8,53.341052,at://did:plc:m5zybn5xe45sv45a2wkbfkqh/app.bsky.feed.post/3mhfsks3vek2c,piwow1.bsky.social,16,1,4.246776,0.079616
substack.com/@50501/note/...,9,8,53.341052,at://did:plc:5cbiyw3ekl2ulzaifdzhn4fa/app.bsky.feed.post/3mhfuienadc23,emlogan.bsky.social,8,1,2.087597,0.039137
substack.com/@50501/note/...,9,8,53.341052,at://did:plc:qfxtjyz4k3sqocgjtyp6kczl/app.bsky.feed.post/3mhfwtkmrt22f,margarethess.bsky.social,5,1,1.199062,0.022479
www.theguardian.com/australia-ne...,12,8,21.257758,at://did:plc:gudaflztwlufiqgolrp4jjab/app.bsky.feed.post/3mhfr7wb5m22m,natty4bumpo.bsky.social,18,1,5.351424,0.25174
www.theguardian.com/australia-ne...,12,8,21.257758,at://did:plc:gudaflztwlufiqgolrp4jjab/app.bsky.feed.post/3mhfrc47kj22m,natty4bumpo.bsky.social,18,1,4.696595,0.220936
www.theguardian.com/australia-ne...,12,8,21.257758,at://did:plc:kf7hmvgn777h44wesoxpbnda/app.bsky.feed.post/3mhfuffy3pk2j,richardingerstad.bsky.social,12,1,3.610665,0.169852
www.theguardian.com/australia-ne...,12,8,21.257758,at://did:plc:xuemqxr2ddetamkekhpst3wg/app.bsky.feed.post/3mhf7kfcw4k2q,pauleric70.bsky.social,12,1,2.636736,0.124036
www.theguardian.com/australia-ne...,12,8,21.257758,at://did:plc:gudaflztwlufiqgolrp4jjab/app.bsky.feed.post/3mhfrrevnhc2m,natty4bumpo.bsky.social,4,1,0.941636,0.044296
www.theguardian.com/australia-ne...,12,8,21.257758,at://did:plc:sjeeejtg5zkulcoblbo42snf/app.bsky.feed.post/3mhfdqzpj222x,syn377.bsky.social,4,1,0.756801,0.035601
www.theguardian.com/australia-ne...,12,8,21.257758,at://did:plc:ehie43z6a2gh3wojsmq4qlpl/app.bsky.feed.post/3mhftide2rk2v,columbojones2.bsky.social,4,1,0.751607,0.035357
www.theguardian.com/australia-ne...,12,8,21.257758,at://did:plc:4etiket333bl6yxy353rzxsx/app.bsky.feed.post/3mhfo2ggie22z,artbookreview.bsky.social,4,1,0.737155,0.034677
www.theguardian.com/australia-ne...,12,8,21.257758,at://did:plc:raxjzl2n6qtgvazsw5yj3rw7/app.bsky.feed.post/3mhfrv5l2v225,suereeve.bsky.social,2,1,0.511916,0.024081
www.theguardian.com/australia-ne...,12,8,21.257758,at://did:plc:ispsjc3i57tpxjzxcmluwntj/app.bsky.feed.post/3mhfyxwlsc22v,annpatrice49.bsky.social,1,1,0.5,0.023521
www.theguardian.com/australia-ne...,12,8,21.257758,at://did:plc:gudaflztwlufiqgolrp4jjab/app.bsky.feed.post/3mhfrtbvt6k2m,natty4bumpo.bsky.social,2,1,0.389918,0.018342
www.theguardian.com/australia-ne...,12,8,21.257758,at://did:plc:gudaflztwlufiqgolrp4jjab/app.bsky.feed.post/3mhfrsqs6rc2m,natty4bumpo.bsky.social,2,1,0.373305,0.017561
www.nytimes.com/2026/03/19/u...,8,8,11.117533,at://did:plc:kghqipvgpyktyorkwo3qy5lk/app.bsky.feed.post/3mhfxwhorvc2i,jsanbonmatsu.bsky.social,5,1,3.154649,0.283754
www.nytimes.com/2026/03/19/u...,8,8,11.117533,at://did:plc:zlflkou3sjplx2hmlnj7jpdw/app.bsky.feed.post/3mhfvhxhbl22c,pauladams29.bsky.social,12,1,2.57875,0.231953
www.nytimes.com/2026/03/19/u...,8,8,11.117533,at://did:plc:hm3eaqrleddcn7o3jilwsifs/app.bsky.feed.post/3mhftrjan2s2q,grayjeans.bsky.social,9,1,2.061774,0.185452
www.nytimes.com/2026/03/19/u...,8,8,11.117533,at://did:plc:byuidwr7irx6p2srpucw2jin/app.bsky.feed.post/3mhfxx3uzlc2b,frogentp.bsky.social,4,1,1.087287,0.097799
www.nytimes.com/2026/03/19/u...,8,8,11.117533,at://did:plc:nzhaggjit7rglrwktvc3t2ai/app.bsky.feed.post/3mhfulnh7i22f,statler25.bsky.social,3,1,1.0,0.089948
www.nytimes.com/2026/03/19/u...,8,8,11.117533,at://did:plc:jrawlyfdimtw7bubz5rpmod3/app.bsky.feed.post/3mhfyd65sis22,dansoderberg.bsky.social,2,1,0.5,0.044974
www.nytimes.com/2026/03/19/u...,8,8,11.117533,at://did:plc:ednczod5iha6cydqacbgidpt/app.bsky.feed.post/3mhfx5myehc2g,ann2222.bsky.social,2,1,0.370898,0.033362
www.nytimes.com/2026/03/19/u...,8,8,11.117533,at://did:plc:4yko5qrkfgjhqhoncyurbm5b/app.bsky.feed.post/3mhfxid5y5k2x,flintsteve.bsky.social,2,1,0.364176,0.032757
qtp with a ship that's not from star wars or star trek 🚀,7,7,19.683959,at://did:plc:bmwnnj2ish57pe55l7uia4qh/app.bsky.feed.post/3mhfinkfvak2d,phadasus.bsky.social,43,1,10.573868,0.537182
qtp with a ship that's not from star wars or star trek 🚀,7,7,19.683959,at://did:plc:6asiy6ft6iv7gz6vdv2rwlci/app.bsky.feed.post/3mhfup5mzis2z,flyincasual.bsky.social,13,1,3.664998,0.186192
qtp with a ship that's not from star wars or star trek 🚀,7,7,19.683959,at://did:plc:w7ognwi2pqs4d2fegrsioxdz/app.bsky.feed.post/3mhfx56wxls2z,pokentomologist.bsky.social,5,1,1.548246,0.078655
qtp with a ship that's not from star wars or star trek 🚀,7,7,19.683959,at://did:plc:inisohgnccep7z6frrdlky35/app.bsky.feed.post/3mhexvlpewk25,unclejeet.bsky.social,8,1,1.4631,0.07433
qtp with a ship that's not from star wars or star trek 🚀,7,7,19.683959,at://did:plc:5bb2nwyq7i6uqztzm3tf4es7/app.bsky.feed.post/3mhexb7lcmc2q,that1cozymaiden.bsky.social,6,1,1.06957,0.054337
qtp with a ship that's not from star wars or star trek 🚀,7,7,19.683959,at://did:plc:fuuaoi5ce7b7s6ji3qi7qtcp/app.bsky.feed.post/3mhfyx42bps2o,tropicalstorm.bsky.social,1,1,1.0,0.050803
qtp with a ship that's not from star wars or star trek 🚀,7,7,19.683959,at://did:plc:g5tcjadcqtaan5c3p4djcpch/app.bsky.feed.post/3mheyp7f5hs2y,daveflynn.bsky.social,2,1,0.364176,0.018501
ee. uu. e israel siembran la muerte y la destrucción en irán y nuestros gobiernos no hacen nada. todos los países europeos y la propia ue deben seguir el ejemplo de españa y decir ,8,7,3.551721,at://did:plc:ulnpjmd2zsyorehgs4al7mm3/app.bsky.feed.post/3mhfog6regc2n,aritznabarra.bsky.social,5,1,1.142454,0.321662
ee. uu. e israel siembran la muerte y la destrucción en irán y nuestros gobiernos no hacen nada. todos los países europeos y la propia ue deben seguir el ejemplo de españa y decir ,8,7,3.551721,at://did:plc:ulnpjmd2zsyorehgs4al7mm3/app.bsky.feed.post/3mhfphjr4z22i,aritznabarra.bsky.social,4,1,0.807396,0.227325
ee. uu. e israel siembran la muerte y la destrucción en irán y nuestros gobiernos no hacen nada. todos los países europeos y la propia ue deben seguir el ejemplo de españa y decir ,8,7,3.551721,at://did:plc:rldlucdtv5fchhs7zpkxtjhl/app.bsky.feed.post/3mhfu3ricas2t,maribel999.bsky.social,1,1,0.430677,0.121259
ee. uu. e israel siembran la muerte y la destrucción en irán y nuestros gobiernos no hacen nada. todos los países europeos y la propia ue deben seguir el ejemplo de españa y decir ,8,7,3.551721,at://did:plc:qmx2xwmhboulgnocj3jmp7ia/app.bsky.feed.post/3mhfnb5hhlk2g,immacali.bsky.social,2,1,0.398249,0.112128
ee. uu. e israel siembran la muerte y la destrucción en irán y nuestros gobiernos no hacen nada. todos los países europeos y la propia ue deben seguir el ejemplo de españa y decir ,8,7,3.551721,at://did:plc:kmbo3mnm7jgbb777zgphr66n/app.bsky.feed.post/3mhfu3jo2gs2s,judash.bsky.social,1,1,0.235409,0.06628
ee. uu. e israel siembran la muerte y la destrucción en irán y nuestros gobiernos no hacen nada. todos los países europeos y la propia ue deben seguir el ejemplo de españa y decir ,8,7,3.551721,at://did:plc:cesw23675k3qxlpjppzppvdf/app.bsky.feed.post/3mhfibdxxlc2b,florin1952.bsky.social,1,1,0.183169,0.051572
ee. uu. e israel siembran la muerte y la destrucción en irán y nuestros gobiernos no hacen nada. todos los países europeos y la propia ue deben seguir el ejemplo de españa y decir ,8,7,3.551721,at://did:plc:it2bsbdngqkkzpdg72zwynk5/app.bsky.feed.post/3mhfib4yeck2i,alejonieto.bsky.social,1,1,0.177184,0.049887
ee. uu. e israel siembran la muerte y la destrucción en irán y nuestros gobiernos no hacen nada. todos los países europeos y la propia ue deben seguir el ejemplo de españa y decir ,8,7,3.551721,at://did:plc:np3y3fjqco53nblcfhxwlnis/app.bsky.feed.post/3mhfpiq3ebc2x,hatepasswords.bsky.social,1,1,0.177184,0.049887
"africa's highest court is about to hear something historic. for the first time, we're arguing that the climate crisis is a violation of african people's rights and that polluters m",6,6,19.583086,at://did:plc:ua2a7rjzhgowaeox6ycib6fn/app.bsky.feed.post/3mhfklwsyic2g,artist-at-law.bsky.social,27,1,6.55057,0.334501
"africa's highest court is about to hear something historic. for the first time, we're arguing that the climate crisis is a violation of african people's rights and that polluters m",6,6,19.583086,at://did:plc:jfgiguo7ab3ji2nf6wz2jpsr/app.bsky.feed.post/3mhfiytbrhs22,hannahcon.bsky.social,15,1,3.735238,0.190738
"africa's highest court is about to hear something historic. for the first time, we're arguing that the climate crisis is a violation of african people's rights and that polluters m",6,6,19.583086,at://did:plc:tqlmvm5awcnrntax5ufp4ahg/app.bsky.feed.post/3mhfetazllc25,zeeepee.bsky.social,13,1,3.246073,0.165759
"africa's highest court is about to hear something historic. for the first time, we're arguing that the climate crisis is a violation of african people's rights and that polluters m",6,6,19.583086,at://did:plc:cqxs6wzrer53m3smby5cdkk7/app.bsky.feed.post/3mhfn5bj3r22f,ianthegecko.bsky.social,10,1,2.353034,0.120156
"africa's highest court is about to hear something historic. for the first time, we're arguing that the climate crisis is a violation of african people's rights and that polluters m",6,6,19.583086,at://did:plc:x2gkty42tilzujuvee3pzfjm/app.bsky.feed.post/3mhfifiarrk2q,kaywit.bsky.social,10,1,2.208365,0.112769
"africa's highest court is about to hear something historic. for the first time, we're arguing that the climate crisis is a violation of african people's rights and that polluters m",6,6,19.583086,at://did:plc:fhp7l266yqcu24fs3hf5tiq7/app.bsky.feed.post/3mhfmkb4jmk2x,wally-bazoum.bsky.social,7,1,1.489806,0.076076
"cats are such graceful, majestic creatures.",5,5,28.28489,at://did:plc:h2pg4tgnbbedcqnktkavd5tn/app.bsky.feed.post/3mhfknsp3w22a,qrky.bsky.social,54,1,18.081851,0.639276
"cats are such graceful, majestic creatures.",5,5,28.28489,at://did:plc:p3xosa7kpsuqz6mmgls3si2m/app.bsky.feed.post/3mhfv4wcfnc2g,chellenator.bsky.social,15,1,5.23925,0.185231
"cats are such graceful, majestic creatures.",5,5,28.28489,at://did:plc:ec2dspqalie2c233mtpykcus/app.bsky.feed.post/3mhfc274gyc2j,necrotelicom.bsky.social,7,1,1.854816,0.065576
"cats are such graceful, majestic creatures.",5,5,28.28489,at://did:plc:l4gx2p4p5ovgn4hriavj6ack/app.bsky.feed.post/3mhfjdexojs2d,wiccewicker.bsky.social,6,1,1.660607,0.05871
"cats are such graceful, majestic creatures.",5,5,28.28489,at://did:plc:4aneca7pjqcrktuf6jdywjqi/app.bsky.feed.post/3mhfkwdpiek2t,rosiemund.bsky.social,6,1,1.448366,0.051206
‘go big and go loud’: inside the justice dept.’s push to prosecute protesters www.nytimes.com/2026/03/19/u...,5,5,20.548213,at://did:plc:owasym32475ohumf7bwkxn54/app.bsky.feed.post/3mhftecdz4k2u,patricklovellpresentsthecleannewdeal.com,19,1,6.807964,0.331317
‘go big and go loud’: inside the justice dept.’s push to prosecute protesters www.nytimes.com/2026/03/19/u...,5,5,20.548213,at://did:plc:bg4ijwmmgms7bcuv3emd3acy/app.bsky.feed.post/3mhfxwtlap22k,katefromkc.bsky.social,5,1,5.0,0.24333
‘go big and go loud’: inside the justice dept.’s push to prosecute protesters www.nytimes.com/2026/03/19/u...,5,5,20.548213,at://did:plc:kyvvwelbhtlncyo7j5de3org/app.bsky.feed.post/3mhft3mf7dc2n,newnarrative.bsky.social,14,1,4.17751,0.203303
‘go big and go loud’: inside the justice dept.’s push to prosecute protesters www.nytimes.com/2026/03/19/u...,5,5,20.548213,at://did:plc:5nndceidanh4jmmjpapvvvt5/app.bsky.feed.post/3mhfs3fuan22q,travisjnichols.bsky.social,11,1,2.807962,0.136652
‘go big and go loud’: inside the justice dept.’s push to prosecute protesters www.nytimes.com/2026/03/19/u...,5,5,20.548213,at://did:plc:yfbngthbhuxysuswccqt2fgc/app.bsky.feed.post/3mhfxi7c4bs23,daicing1636.bsky.social,7,1,1.754777,0.085398
www.nature.com/articles/s41...,9,5,15.608247,at://did:plc:zfnxlbfv55wnllu37x7ojsdn/app.bsky.feed.post/3mhfa6253cc2d,dennishuang.bsky.social,15,1,3.537315,0.226631
www.nature.com/articles/s41...,9,5,15.608247,at://did:plc:672lt7wfql3ukdbcm467bcxt/app.bsky.feed.post/3mhf34cbq422j,healthcare-global.bsky.social,10,1,1.899535,0.121701
www.nature.com/articles/s41...,9,5,15.608247,at://did:plc:qnxxtvn4ohizd5ejhfgsyuj5/app.bsky.feed.post/3mhfxc426os2o,josephwgordon.bsky.social,7,1,1.717436,0.110034
www.nature.com/articles/s41...,9,5,15.608247,at://did:plc:nlqc6rmtgnzqu6z5i7ufbuok/app.bsky.feed.post/3mhfpa3yw4k2f,nichemodelling.bsky.social,6,1,1.665255,0.106691
www.nature.com/articles/s41...,9,5,15.608247,at://did:plc:zw4f7wkr5267w67nyxizdbnc/app.bsky.feed.post/3mhfxjbowts2y,tonysouthall.bsky.social,6,1,1.48476,0.095127
www.nature.com/articles/s41...,9,5,15.608247,at://did:plc:nlqc6rmtgnzqu6z5i7ufbuok/app.bsky.feed.post/3mhfoxbjyys2f,nichemodelling.bsky.social,6,1,1.465566,0.093897
www.nature.com/articles/s41...,9,5,15.608247,at://did:plc:qnxxtvn4ohizd5ejhfgsyuj5/app.bsky.feed.post/3mhfxgedafk2o,josephwgordon.bsky.social,6,1,1.297573,0.083134
www.nature.com/articles/s41...,9,5,15.608247,at://did:plc:qnxxtvn4ohizd5ejhfgsyuj5/app.bsky.feed.post/3mhfx3sbdkc2o,josephwgordon.bsky.social,6,1,1.279205,0.081957
www.nature.com/articles/s41...,9,5,15.608247,at://did:plc:qnxxtvn4ohizd5ejhfgsyuj5/app.bsky.feed.post/3mhfwzmgqpk24,josephwgordon.bsky.social,6,1,1.261601,0.080829
your last saved meme is your moral philosophy.,5,5,13.697218,at://did:plc:wt4bfiwr7qve226cqxdbmceo/app.bsky.feed.post/3mhfhhuzsm22l,kuroganautpx.bsky.social,37,1,8.855165,0.646494
your last saved meme is your moral philosophy.,5,5,13.697218,at://did:plc:6jsvfycij3nlal6nkrzym6vb/app.bsky.feed.post/3mhfvagpstc2k,meatbag-hunter.bsky.social,11,1,2.544407,0.185761
your last saved meme is your moral philosophy.,5,5,13.697218,at://did:plc:hr25qe6gbpdosx6qim6csmde/app.bsky.feed.post/3mhf77vh6f225,jaywhangdoesstuff.com,8,1,1.746818,0.127531
your last saved meme is your moral philosophy.,5,5,13.697218,at://did:plc:pjpjhwdp2qdhtfycbavuf6m3/app.bsky.feed.post/3mhfmbzqt3s2f,primal89.bsky.social,2,1,0.364176,0.026588
your last saved meme is your moral philosophy.,5,5,13.697218,at://did:plc:jroopecdqsbuwshqyhm4vv7v/app.bsky.feed.post/3mhfd64u7vk2m,tampire.bsky.social,1,1,0.186652,0.013627
"if you see this, share a #randomshelfie #booksky",5,5,13.500458,at://did:plc:dx7ks4qnizgzje6o2dyvhiqw/app.bsky.feed.post/3mhfwmddmvs2m,gabrielandworms.bsky.social,13,1,4.134126,0.306221
"if you see this, share a #randomshelfie #booksky",5,5,13.500458,at://did:plc:6hskua74wbqliwlwkdrxghtw/app.bsky.feed.post/3mhfuw3dfz22u,miseryvulture.bsky.social,13,1,3.76266,0.278706
"if you see this, share a #randomshelfie #booksky",5,5,13.500458,at://did:plc:omkb4ov5w2bintbbbb47lile/app.bsky.feed.post/3mhfut6u7oc2u,dlbowman76.com,8,1,2.132163,0.157933
"if you see this, share a #randomshelfie #booksky",5,5,13.500458,at://did:plc:ttuujeq35byhnzibuzlqapfc/app.bsky.feed.post/3mhfv4qfolc2r,danhf.bsky.social,10,1,2.015255,0.149273
"if you see this, share a #randomshelfie #booksky",5,5,13.500458,at://did:plc:lwz3xuwezmx2tld56m2pby7t/app.bsky.feed.post/3mhfwo6yumc2w,fenken.bsky.social,6,1,1.456253,0.107867
www.theguardian.com/politics/202...,6,5,6.073739,at://did:plc:37vkvbfklza7kaiqtbxtjr4v/app.bsky.feed.post/3mhfdulmlmk2i,arielma.bsky.social,8,1,1.740808,0.286612
www.theguardian.com/politics/202...,6,5,6.073739,at://did:plc:li6txzo2wrl3iosmfavmgkpg/app.bsky.feed.post/3mhftdom6ek2f,instantnicky.bsky.social,5,1,1.223253,0.2014
