file_name,bytes,sha256,created_at_utc
authors.csv.gz,10230,95b0e310032ae912a837803f34a3db82a8fc161a0aff9a16eb840e9fcd768537,2026-02-06T00:46:23Z
data_dictionary.csv,9918,93e9297a4fe07e8ae0cfe37d05e8c40b99d02d6ed979604bebfdc26a7c4d5334,2026-02-06T00:46:23Z
discovery_feed_inclusions.csv,4327,deed1eb7cca5fd7e4efade05f87f7f0e065b2094683b87d7746572652ff3c069,2026-02-06T00:46:23Z
errors.csv,4057,656e7aadbc0a5960dc3272efa06ad2a1d949fc0279f904896940ed2e0cde4fad,2026-02-06T00:46:23Z
feed_generators_index.csv,2386779,8f13c1a40438ffc3df6e952e9428082c63fc55efb0b1258fb2d11f3c55c524a0,2026-02-06T00:46:23Z
feed_items.csv.gz,18435,e246aba688588527387a859e860ad2b617205da9128217f795134beac6a95307,2026-02-06T00:46:23Z
feed_panel.csv,3228,c612d3df6663d409c953a923628c233047a242aa97414a43070a3f41a59acab3,2026-02-06T00:46:23Z
feed_snapshot_status.csv,2684,92a08c0c04bea2fccbe30b156c0b4c7226b31a34d98a2dc7c4fd8ac089e810c3,2026-02-06T00:46:23Z
http_stats.csv,763,c6a9ed2f0581d3e66f4a59dd767a2b1f69e0e12fc14bf0c393a899b77fec72fc,2026-02-06T00:46:23Z
popular_feeds.csv,8376,ea557a4970274be79286e56de6fd9cc34167edbafd23f43b8631155f61684a70,2026-02-06T00:46:23Z
post_labels.csv.gz,314,f93c8be70f09cb8d866ce80cd180578123b96ffe22d2d0fec95740afe832a681,2026-02-06T00:46:23Z
posts.csv.gz,53099,253cdca1c0936af1354ed58733a0a68de54ac3a69ec128e10d20eb12b467abfc,2026-02-06T00:46:23Z
provider_stats.csv,3322,6511b0d5824a844471cdecc94683b07b21dc8ddcaad90f2e6259df87bd7e9b4c,2026-02-06T00:46:23Z
run_metadata.csv,301,17a8b357531574bb534105e109c577019a62ad1116cef5d0e1d1ad61b71d10cc,2026-02-06T00:46:23Z
run_summary.csv,643,ccec088203ad759f58f2ac4079865955faa91a903b835a697b16563cfe113fc0,2026-02-06T00:46:23Z
starterpack_feeds.csv,84514,294cde1ea9ed6586862a4e95e9cfa0826566d78071b5fa272993decc235abe9c,2026-02-06T00:46:23Z
starterpacks.csv,101267,161d24114790274e2a62fa947750f0336d3e7828fe284182194b4d397fed28c9,2026-02-06T00:46:23Z
validation_report.csv,1131,e5ceac9ae18651137da6a41d0bf1941607cb72b53ae183d29fd9c391173fb6d9,2026-02-06T00:46:23Z
