run_id,snapshot_hour_utc,captured_at_utc,viewer_mode,vantage_id,post_uri,like_count,repost_count,reply_count,quote_count
1d3ea8370ab24533adcb3805206cc4c8,2026-03-01T10:00:00Z,2026-03-01T10:19:35Z,auth,auth_enUS_labelerexp,at://did:plc:3sn6bogankaicebzdb7liro3/app.bsky.feed.post/3lcccbsl2mc2k,500,61,45,8
1d3ea8370ab24533adcb3805206cc4c8,2026-03-01T10:00:00Z,2026-03-01T10:19:35Z,auth,auth_enUS_labelerexp,at://did:plc:fkjmjwuwzd4ts3dkz4rzcdei/app.bsky.feed.post/3mfyhiwbmuz26,1,0,0,0
1d3ea8370ab24533adcb3805206cc4c8,2026-03-01T10:00:00Z,2026-03-01T10:19:35Z,auth,auth_enUS_labelerexp,at://did:plc:myua6knp7mhqkn4mensrilng/app.bsky.feed.post/3mfyhcnakqk2p,0,0,0,0
1d3ea8370ab24533adcb3805206cc4c8,2026-03-01T10:00:00Z,2026-03-01T10:19:35Z,auth,auth_enUS_labelerexp,at://did:plc:cb5tvjnnevm2qj6yjvhoyycz/app.bsky.feed.post/3mfyguea5u22w,1,1,0,0
1d3ea8370ab24533adcb3805206cc4c8,2026-03-01T10:00:00Z,2026-03-01T10:19:35Z,auth,auth_enUS_labelerexp,at://did:plc:ttdk3qxwqs6f4o4mjrmxggeo/app.bsky.feed.post/3mfygtbcnjs2u,0,0,0,0
1d3ea8370ab24533adcb3805206cc4c8,2026-03-01T10:00:00Z,2026-03-01T10:19:35Z,auth,auth_enUS_labelerexp,at://did:plc:kmtipdnvorhyhxxybae5k6dp/app.bsky.feed.post/3mfygrtyn5c2l,0,0,0,0
1d3ea8370ab24533adcb3805206cc4c8,2026-03-01T10:00:00Z,2026-03-01T10:19:35Z,auth,auth_enUS_labelerexp,at://did:plc:kmd3ofxk56mmj53nyark2jg3/app.bsky.feed.post/3mfygiyn4hj2u,1,0,0,0
1d3ea8370ab24533adcb3805206cc4c8,2026-03-01T10:00:00Z,2026-03-01T10:19:35Z,auth,auth_enUS_labelerexp,at://did:plc:hsed554e5xupfuh77ixcpxfa/app.bsky.feed.post/3mfyggvgijl2n,2,0,0,0
1d3ea8370ab24533adcb3805206cc4c8,2026-03-01T10:00:00Z,2026-03-01T10:19:35Z,auth,auth_enUS_labelerexp,at://did:plc:uuxjj4urkxzcajalzza3wq5y/app.bsky.feed.post/3mfyga7jphs2j,3,0,0,0
1d3ea8370ab24533adcb3805206cc4c8,2026-03-01T10:00:00Z,2026-03-01T10:19:35Z,auth,auth_enUS_labelerexp,at://did:plc:lzw5a7y3msuzdfeksmfa5mts/app.bsky.feed.post/3mfygio5pqf72,0,0,0,0
1d3ea8370ab24533adcb3805206cc4c8,2026-03-01T10:00:00Z,2026-03-01T10:19:35Z,auth,auth_enUS_labelerexp,at://did:plc:lzw5a7y3msuzdfeksmfa5mts/app.bsky.feed.post/3mfygblxcmh72,0,0,0,0
1d3ea8370ab24533adcb3805206cc4c8,2026-03-01T10:00:00Z,2026-03-01T10:19:35Z,auth,auth_enUS_labelerexp,at://did:plc:diw2fopsrbgqoekykpl4bja6/app.bsky.feed.post/3mfyfzdws4h2b,0,0,0,0
1d3ea8370ab24533adcb3805206cc4c8,2026-03-01T10:00:00Z,2026-03-01T10:19:35Z,auth,auth_enUS_labelerexp,at://did:plc:wmb2xu3vihhzftyxppn37qsc/app.bsky.feed.post/3mfyfx5uwr225,0,0,0,0
1d3ea8370ab24533adcb3805206cc4c8,2026-03-01T10:00:00Z,2026-03-01T10:19:35Z,auth,auth_enUS_labelerexp,at://did:plc:jawrehq26dr7v2jxtixcqiu5/app.bsky.feed.post/3mfyftabusd2g,0,0,1,0
1d3ea8370ab24533adcb3805206cc4c8,2026-03-01T10:00:00Z,2026-03-01T10:19:35Z,auth,auth_enUS_labelerexp,at://did:plc:25ajclcotqj7jj3ckhtatsms/app.bsky.feed.post/3mfyfkgo5js2g,1,0,0,0
1d3ea8370ab24533adcb3805206cc4c8,2026-03-01T10:00:00Z,2026-03-01T10:19:35Z,auth,auth_enUS_labelerexp,at://did:plc:25ajclcotqj7jj3ckhtatsms/app.bsky.feed.post/3mfyfhuktcs2g,2,0,1,0
1d3ea8370ab24533adcb3805206cc4c8,2026-03-01T10:00:00Z,2026-03-01T10:19:35Z,auth,auth_enUS_labelerexp,at://did:plc:ydwsd6at7t5kipkztm22nykz/app.bsky.feed.post/3mfyfgx4lx22i,0,0,0,0
1d3ea8370ab24533adcb3805206cc4c8,2026-03-01T10:00:00Z,2026-03-01T10:19:35Z,auth,auth_enUS_labelerexp,at://did:plc:lvoh6kgyhsm7s52ppqm2wgoq/app.bsky.feed.post/3mfyfiqggs2n2,0,0,0,0
1d3ea8370ab24533adcb3805206cc4c8,2026-03-01T10:00:00Z,2026-03-01T10:19:35Z,auth,auth_enUS_labelerexp,at://did:plc:m3l3uz2vfew6gsnc2mzerx7i/app.bsky.feed.post/3mfyffyof7l2m,0,0,0,0
1d3ea8370ab24533adcb3805206cc4c8,2026-03-01T10:00:00Z,2026-03-01T10:19:35Z,auth,auth_enUS_labelerexp,at://did:plc:lvoh6kgyhsm7s52ppqm2wgoq/app.bsky.feed.post/3mfyf4fzhqei2,0,0,0,0
1d3ea8370ab24533adcb3805206cc4c8,2026-03-01T10:00:00Z,2026-03-01T10:19:35Z,auth,auth_enUS_labelerexp,at://did:plc:agrzfos3bykp3x5rwuj2ij6q/app.bsky.feed.post/3mfyexkwaln2e,0,0,0,0
1d3ea8370ab24533adcb3805206cc4c8,2026-03-01T10:00:00Z,2026-03-01T10:19:35Z,auth,auth_enUS_labelerexp,at://did:plc:6pini4nxqebutupntsksue57/app.bsky.feed.post/3mfyexhlo322p,1,0,1,0
1d3ea8370ab24533adcb3805206cc4c8,2026-03-01T10:00:00Z,2026-03-01T10:19:35Z,auth,auth_enUS_labelerexp,at://did:plc:4dp4sah5evpuk4u5dibokob6/app.bsky.feed.post/3mfyew3uphb23,0,0,0,0
1d3ea8370ab24533adcb3805206cc4c8,2026-03-01T10:00:00Z,2026-03-01T10:19:35Z,auth,auth_enUS_labelerexp,at://did:plc:kn7ihhgu2bkiaa6dvnc37qxx/app.bsky.feed.post/3mfyeulahse2m,0,0,0,0
1d3ea8370ab24533adcb3805206cc4c8,2026-03-01T10:00:00Z,2026-03-01T10:19:35Z,auth,auth_enUS_labelerexp,at://did:plc:o6jkidq7cntdjj7pss2wzrvu/app.bsky.feed.post/3mfyetfgpyy2v,0,0,0,0
1d3ea8370ab24533adcb3805206cc4c8,2026-03-01T10:00:00Z,2026-03-01T10:19:35Z,auth,auth_enUS_labelerexp,at://did:plc:t2cp2udsynfnxzdmg2plqmts/app.bsky.feed.post/3mfyeb7vnjc2e,1,0,0,0
1d3ea8370ab24533adcb3805206cc4c8,2026-03-01T10:00:00Z,2026-03-01T10:19:35Z,auth,auth_enUS_labelerexp,at://did:plc:ihuvgwchdjgp6bxe4ji7yqgj/app.bsky.feed.post/3mfydx2j6xb2l,0,0,0,0
1d3ea8370ab24533adcb3805206cc4c8,2026-03-01T10:00:00Z,2026-03-01T10:19:35Z,auth,auth_enUS_labelerexp,at://did:plc:77sujf4ekfogzzaa3lqfg2as/app.bsky.feed.post/3mfydlqozd224,1,1,0,0
1d3ea8370ab24533adcb3805206cc4c8,2026-03-01T10:00:00Z,2026-03-01T10:19:35Z,auth,auth_enUS_labelerexp,at://did:plc:q6vcvtx72z6pevthl4heyfcf/app.bsky.feed.post/3mfydfaksek2g,0,0,0,0
1d3ea8370ab24533adcb3805206cc4c8,2026-03-01T10:00:00Z,2026-03-01T10:19:35Z,auth,auth_enUS_labelerexp,at://did:plc:vnjk3nylgwoo7njbyte55pxb/app.bsky.feed.post/3mfyczanjhk2g,5,1,1,0
1d3ea8370ab24533adcb3805206cc4c8,2026-03-01T10:00:00Z,2026-03-01T10:19:35Z,auth,auth_enUS_labelerexp,at://did:plc:l5fq7xd3z4citquu7hzv7ypf/app.bsky.feed.post/3mfycromwps2x,12,10,1,2
1d3ea8370ab24533adcb3805206cc4c8,2026-03-01T10:00:00Z,2026-03-01T10:19:35Z,auth,auth_enUS_labelerexp,at://did:plc:p7nlnlexnyy2xdhwz4swtxrb/app.bsky.feed.post/3mfybgfj3z22a,0,0,0,0
1d3ea8370ab24533adcb3805206cc4c8,2026-03-01T10:00:00Z,2026-03-01T10:19:35Z,auth,auth_enUS_labelerexp,at://did:plc:m3l3uz2vfew6gsnc2mzerx7i/app.bsky.feed.post/3mfyassjjbr2u,0,0,0,0
1d3ea8370ab24533adcb3805206cc4c8,2026-03-01T10:00:00Z,2026-03-01T10:19:35Z,auth,auth_enUS_labelerexp,at://did:plc:rlemzspkw2i76uzqzne3smxj/app.bsky.feed.post/3mfyab2yflc2n,0,0,0,0
1d3ea8370ab24533adcb3805206cc4c8,2026-03-01T10:00:00Z,2026-03-01T10:19:35Z,auth,auth_enUS_labelerexp,at://did:plc:lrddwge34w2wabpqcg7q3wgq/app.bsky.feed.post/3mfya6rc3m2i2,0,1,0,0
1d3ea8370ab24533adcb3805206cc4c8,2026-03-01T10:00:00Z,2026-03-01T10:19:35Z,auth,auth_enUS_labelerexp,at://did:plc:lrddwge34w2wabpqcg7q3wgq/app.bsky.feed.post/3mfya6pfu32rd,1,2,1,0
1d3ea8370ab24533adcb3805206cc4c8,2026-03-01T10:00:00Z,2026-03-01T10:19:35Z,auth,auth_enUS_labelerexp,at://did:plc:pb5v6wyeedmoaogv5tea4vx3/app.bsky.feed.post/3mfya35aisc2y,0,0,0,0
1d3ea8370ab24533adcb3805206cc4c8,2026-03-01T10:00:00Z,2026-03-01T10:19:35Z,auth,auth_enUS_labelerexp,at://did:plc:mpf7s65cdaxc6xpkyzttwuxt/app.bsky.feed.post/3mfy7xuzyp22f,3,0,1,0
1d3ea8370ab24533adcb3805206cc4c8,2026-03-01T10:00:00Z,2026-03-01T10:19:35Z,auth,auth_enUS_labelerexp,at://did:plc:yi4ltdqdx6v75dyqg7jmqw4l/app.bsky.feed.post/3mfy7tautwx24,1,0,0,0
1d3ea8370ab24533adcb3805206cc4c8,2026-03-01T10:00:00Z,2026-03-01T10:19:35Z,auth,auth_enUS_labelerexp,at://did:plc:kmd3ofxk56mmj53nyark2jg3/app.bsky.feed.post/3mfy7sei3762f,1,0,0,0
1d3ea8370ab24533adcb3805206cc4c8,2026-03-01T10:00:00Z,2026-03-01T10:19:35Z,auth,auth_enUS_labelerexp,at://did:plc:76cw26hwdi25erd35jwlnksr/app.bsky.feed.post/3mfy7qptwbc2t,4,0,1,0
1d3ea8370ab24533adcb3805206cc4c8,2026-03-01T10:00:00Z,2026-03-01T10:19:35Z,auth,auth_enUS_labelerexp,at://did:plc:mpf7s65cdaxc6xpkyzttwuxt/app.bsky.feed.post/3mfy7jban622f,0,0,0,0
1d3ea8370ab24533adcb3805206cc4c8,2026-03-01T10:00:00Z,2026-03-01T10:19:35Z,auth,auth_enUS_labelerexp,at://did:plc:6hggv55ui4my3o4abq6kfnou/app.bsky.feed.post/3mfy7dlk6o22n,1,0,0,0
1d3ea8370ab24533adcb3805206cc4c8,2026-03-01T10:00:00Z,2026-03-01T10:19:35Z,auth,auth_enUS_labelerexp,at://did:plc:ydsczgdl24wfclxi62vv2m23/app.bsky.feed.post/3mfy72ahb522r,0,0,1,0
1d3ea8370ab24533adcb3805206cc4c8,2026-03-01T10:00:00Z,2026-03-01T10:19:35Z,auth,auth_enUS_labelerexp,at://did:plc:ydsczgdl24wfclxi62vv2m23/app.bsky.feed.post/3mfy6t6end22r,0,0,1,0
1d3ea8370ab24533adcb3805206cc4c8,2026-03-01T10:00:00Z,2026-03-01T10:19:35Z,auth,auth_enUS_labelerexp,at://did:plc:zzsyzssca3mf4v6e4hlcymsj/app.bsky.feed.post/3mfy6iya3ls2r,1,1,0,0
1d3ea8370ab24533adcb3805206cc4c8,2026-03-01T10:00:00Z,2026-03-01T10:19:35Z,auth,auth_enUS_labelerexp,at://did:plc:quvnf2ymzb6i7r2yvbchm2xo/app.bsky.feed.post/3mfy5ym5obk2u,1,0,0,0
1d3ea8370ab24533adcb3805206cc4c8,2026-03-01T10:00:00Z,2026-03-01T10:19:35Z,auth,auth_enUS_labelerexp,at://did:plc:zuo7ttfhdguujnpx22nctb7a/app.bsky.feed.post/3mfy5y5hdik2p,1,0,0,0
1d3ea8370ab24533adcb3805206cc4c8,2026-03-01T10:00:00Z,2026-03-01T10:19:35Z,auth,auth_enUS_labelerexp,at://did:plc:ttj2llh6aopqxefd7n5zndao/app.bsky.feed.post/3mfy555mo2s2u,4,0,0,0
1d3ea8370ab24533adcb3805206cc4c8,2026-03-01T10:00:00Z,2026-03-01T10:19:35Z,auth,auth_enUS_labelerexp,at://did:plc:mklo35zasunpbla4ipbtfafk/app.bsky.feed.post/3mfy4yenhlc2n,5,2,0,0
1d3ea8370ab24533adcb3805206cc4c8,2026-03-01T10:00:00Z,2026-03-01T10:19:36Z,auth,auth_enUS_labelerexp,at://did:plc:4vjdrhro4bxoawbyjgixesij/app.bsky.feed.post/3mf44m475o22v,141,45,9,1
1d3ea8370ab24533adcb3805206cc4c8,2026-03-01T10:00:00Z,2026-03-01T10:19:36Z,auth,auth_enUS_labelerexp,at://did:plc:jjsqi43rx7ydwjli4xhfmosd/app.bsky.feed.post/3mfycbyocfs2q,1,0,0,0
1d3ea8370ab24533adcb3805206cc4c8,2026-03-01T10:00:00Z,2026-03-01T10:19:36Z,auth,auth_enUS_labelerexp,at://did:plc:x2cfihxseuhi7cq54aufxix6/app.bsky.feed.post/3mfy7s7uo2c2v,5,0,0,0
1d3ea8370ab24533adcb3805206cc4c8,2026-03-01T10:00:00Z,2026-03-01T10:19:36Z,auth,auth_enUS_labelerexp,at://did:plc:6nmecn5cfht4l7tcpii6db7r/app.bsky.feed.post/3mfy7ky2p2c25,15,3,1,0
1d3ea8370ab24533adcb3805206cc4c8,2026-03-01T10:00:00Z,2026-03-01T10:19:36Z,auth,auth_enUS_labelerexp,at://did:plc:x2cfihxseuhi7cq54aufxix6/app.bsky.feed.post/3mfy5qv6hwk2v,6,1,0,0
1d3ea8370ab24533adcb3805206cc4c8,2026-03-01T10:00:00Z,2026-03-01T10:19:36Z,auth,auth_enUS_labelerexp,at://did:plc:ishfoh6z4zr4kucikm2c5s7f/app.bsky.feed.post/3mfy3a5ylgf2r,1,0,0,0
1d3ea8370ab24533adcb3805206cc4c8,2026-03-01T10:00:00Z,2026-03-01T10:19:36Z,auth,auth_enUS_labelerexp,at://did:plc:ufcedk2fsk6trd36aujsulxi/app.bsky.feed.post/3mfxsxyx2ek2c,2,0,0,0
1d3ea8370ab24533adcb3805206cc4c8,2026-03-01T10:00:00Z,2026-03-01T10:19:36Z,auth,auth_enUS_labelerexp,at://did:plc:5ghgsr7kafchg7ic76gpyr47/app.bsky.feed.post/3mfxsoxyhqk2q,8,1,1,0
1d3ea8370ab24533adcb3805206cc4c8,2026-03-01T10:00:00Z,2026-03-01T10:19:36Z,auth,auth_enUS_labelerexp,at://did:plc:4luzmgxq5bvoaayfucz3lmya/app.bsky.feed.post/3mfxp3jtr422i,32,0,1,0
1d3ea8370ab24533adcb3805206cc4c8,2026-03-01T10:00:00Z,2026-03-01T10:19:36Z,auth,auth_enUS_labelerexp,at://did:plc:ishfoh6z4zr4kucikm2c5s7f/app.bsky.feed.post/3mfxnbicwg62f,4,0,0,0
1d3ea8370ab24533adcb3805206cc4c8,2026-03-01T10:00:00Z,2026-03-01T10:19:36Z,auth,auth_enUS_labelerexp,at://did:plc:5yqkikqtzmn6w7zunyspru5o/app.bsky.feed.post/3mfxljtg7yc2d,16,1,0,0
1d3ea8370ab24533adcb3805206cc4c8,2026-03-01T10:00:00Z,2026-03-01T10:19:36Z,auth,auth_enUS_labelerexp,at://did:plc:rofh3aj76w2ozrmiequ6ssdh/app.bsky.feed.post/3mfxfymfd6c2r,26,3,0,0
1d3ea8370ab24533adcb3805206cc4c8,2026-03-01T10:00:00Z,2026-03-01T10:19:36Z,auth,auth_enUS_labelerexp,at://did:plc:zgfmkwqmb2zohvr3f46cfcwu/app.bsky.feed.post/3mfxezebsuk2m,14,1,0,0
1d3ea8370ab24533adcb3805206cc4c8,2026-03-01T10:00:00Z,2026-03-01T10:19:36Z,auth,auth_enUS_labelerexp,at://did:plc:bcoldpkhecdg3lvy6gdxru2s/app.bsky.feed.post/3mfxejkksgc2t,13,2,0,0
1d3ea8370ab24533adcb3805206cc4c8,2026-03-01T10:00:00Z,2026-03-01T10:19:36Z,auth,auth_enUS_labelerexp,at://did:plc:6qvtv2wobv7bnpsc3p2y2kgx/app.bsky.feed.post/3mfxdy5zd422r,15,4,0,3
1d3ea8370ab24533adcb3805206cc4c8,2026-03-01T10:00:00Z,2026-03-01T10:19:36Z,auth,auth_enUS_labelerexp,at://did:plc:ck5axik5ctzr57yho2k3t3dq/app.bsky.feed.post/3mfxdc2t44c2x,17,2,0,0
1d3ea8370ab24533adcb3805206cc4c8,2026-03-01T10:00:00Z,2026-03-01T10:19:36Z,auth,auth_enUS_labelerexp,at://did:plc:ishfoh6z4zr4kucikm2c5s7f/app.bsky.feed.post/3mfxcxj7xxs2q,6,0,0,0
1d3ea8370ab24533adcb3805206cc4c8,2026-03-01T10:00:00Z,2026-03-01T10:19:36Z,auth,auth_enUS_labelerexp,at://did:plc:ck5axik5ctzr57yho2k3t3dq/app.bsky.feed.post/3mfxcw7ogyk2x,27,2,0,0
1d3ea8370ab24533adcb3805206cc4c8,2026-03-01T10:00:00Z,2026-03-01T10:19:36Z,auth,auth_enUS_labelerexp,at://did:plc:ck5axik5ctzr57yho2k3t3dq/app.bsky.feed.post/3mfxbxmzv4c26,23,0,0,0
1d3ea8370ab24533adcb3805206cc4c8,2026-03-01T10:00:00Z,2026-03-01T10:19:36Z,auth,auth_enUS_labelerexp,at://did:plc:rofh3aj76w2ozrmiequ6ssdh/app.bsky.feed.post/3mfxaniq4322r,9,1,0,0
1d3ea8370ab24533adcb3805206cc4c8,2026-03-01T10:00:00Z,2026-03-01T10:19:36Z,auth,auth_enUS_labelerexp,at://did:plc:wrisbaiw6nmntsf5aa5q6gzq/app.bsky.feed.post/3mfx6ig4tt225,30,7,1,1
1d3ea8370ab24533adcb3805206cc4c8,2026-03-01T10:00:00Z,2026-03-01T10:19:36Z,auth,auth_enUS_labelerexp,at://did:plc:yh5kl53hwy7rhahgcsuyef5a/app.bsky.feed.post/3mfx3gogzq22i,95,14,5,0
1d3ea8370ab24533adcb3805206cc4c8,2026-03-01T10:00:00Z,2026-03-01T10:19:36Z,auth,auth_enUS_labelerexp,at://did:plc:vfih2bgdbq7beoodnlhg3oqa/app.bsky.feed.post/3mfx2yuvp2k2s,78,9,1,0
1d3ea8370ab24533adcb3805206cc4c8,2026-03-01T10:00:00Z,2026-03-01T10:19:36Z,auth,auth_enUS_labelerexp,at://did:plc:e23loicvqfeffhhnlspu3ghp/app.bsky.feed.post/3mfx2i3j4222z,65,5,2,0
1d3ea8370ab24533adcb3805206cc4c8,2026-03-01T10:00:00Z,2026-03-01T10:19:36Z,auth,auth_enUS_labelerexp,at://did:plc:rnblkxxojjcppqmgfikf7stf/app.bsky.feed.post/3mfx2gzcyd22k,11,0,0,0
1d3ea8370ab24533adcb3805206cc4c8,2026-03-01T10:00:00Z,2026-03-01T10:19:36Z,auth,auth_enUS_labelerexp,at://did:plc:vcfeaq7mcxgxf4jvtf6iwt72/app.bsky.feed.post/3mfwz7zjpyk2a,48,10,0,0
1d3ea8370ab24533adcb3805206cc4c8,2026-03-01T10:00:00Z,2026-03-01T10:19:36Z,auth,auth_enUS_labelerexp,at://did:plc:4vjdrhro4bxoawbyjgixesij/app.bsky.feed.post/3mfwz3eepo22e,39,12,1,1
1d3ea8370ab24533adcb3805206cc4c8,2026-03-01T10:00:00Z,2026-03-01T10:19:36Z,auth,auth_enUS_labelerexp,at://did:plc:kgenikp2tlouvdik3dp3vq3o/app.bsky.feed.post/3mfwy3yc4xc2l,7,2,0,0
1d3ea8370ab24533adcb3805206cc4c8,2026-03-01T10:00:00Z,2026-03-01T10:19:36Z,auth,auth_enUS_labelerexp,at://did:plc:bfjoqzne3tm5yxvpybdfahzo/app.bsky.feed.post/3mfwy3gedms2f,64,11,5,0
1d3ea8370ab24533adcb3805206cc4c8,2026-03-01T10:00:00Z,2026-03-01T10:19:36Z,auth,auth_enUS_labelerexp,at://did:plc:gjr5mzmktlbkhzd3igb3xfnk/app.bsky.feed.post/3mfwwvuon3223,41,4,2,0
1d3ea8370ab24533adcb3805206cc4c8,2026-03-01T10:00:00Z,2026-03-01T10:19:36Z,auth,auth_enUS_labelerexp,at://did:plc:yh5kl53hwy7rhahgcsuyef5a/app.bsky.feed.post/3mfwwv4jfvs2i,76,6,0,0
1d3ea8370ab24533adcb3805206cc4c8,2026-03-01T10:00:00Z,2026-03-01T10:19:36Z,auth,auth_enUS_labelerexp,at://did:plc:gtutz7ltg3xrlhbvudmuwfsm/app.bsky.feed.post/3mfwwiohhnk2s,40,7,0,0
1d3ea8370ab24533adcb3805206cc4c8,2026-03-01T10:00:00Z,2026-03-01T10:19:36Z,auth,auth_enUS_labelerexp,at://did:plc:suxp36zixdzjtmmnpkyx5r7j/app.bsky.feed.post/3mfwujq7xza2w,81,11,1,0
1d3ea8370ab24533adcb3805206cc4c8,2026-03-01T10:00:00Z,2026-03-01T10:19:36Z,auth,auth_enUS_labelerexp,at://did:plc:ishfoh6z4zr4kucikm2c5s7f/app.bsky.feed.post/3mfwsod6u2x2j,7,1,0,0
1d3ea8370ab24533adcb3805206cc4c8,2026-03-01T10:00:00Z,2026-03-01T10:19:36Z,auth,auth_enUS_labelerexp,at://did:plc:nzmnuu7z3a3pod4lambkzj6y/app.bsky.feed.post/3mfwsdmmldc26,75,18,4,0
1d3ea8370ab24533adcb3805206cc4c8,2026-03-01T10:00:00Z,2026-03-01T10:19:36Z,auth,auth_enUS_labelerexp,at://did:plc:47poe3t6i22a6r3jba7iyx7a/app.bsky.feed.post/3mfws2tafk22z,24,2,2,0
1d3ea8370ab24533adcb3805206cc4c8,2026-03-01T10:00:00Z,2026-03-01T10:19:36Z,auth,auth_enUS_labelerexp,at://did:plc:gojqlghttzvtlbeczoqstewc/app.bsky.feed.post/3mfwobp5bjc2z,4,1,0,0
1d3ea8370ab24533adcb3805206cc4c8,2026-03-01T10:00:00Z,2026-03-01T10:19:36Z,auth,auth_enUS_labelerexp,at://did:plc:uzsnkxpbyefay7khvnbhd7qe/app.bsky.feed.post/3mfwmplckek2o,10,3,2,0
1d3ea8370ab24533adcb3805206cc4c8,2026-03-01T10:00:00Z,2026-03-01T10:19:36Z,auth,auth_enUS_labelerexp,at://did:plc:ishfoh6z4zr4kucikm2c5s7f/app.bsky.feed.post/3mfwlwrbdje26,5,0,0,0
1d3ea8370ab24533adcb3805206cc4c8,2026-03-01T10:00:00Z,2026-03-01T10:19:36Z,auth,auth_enUS_labelerexp,at://did:plc:uz67uww5oeoydbcrms35ftjd/app.bsky.feed.post/3mfwjt4o5tk2e,13,2,0,0
1d3ea8370ab24533adcb3805206cc4c8,2026-03-01T10:00:00Z,2026-03-01T10:19:36Z,auth,auth_enUS_labelerexp,at://did:plc:bcnz5cangvcqg3ylaq2gpwhk/app.bsky.feed.post/3mfwijeyezr2b,58,10,2,0
1d3ea8370ab24533adcb3805206cc4c8,2026-03-01T10:00:00Z,2026-03-01T10:19:36Z,auth,auth_enUS_labelerexp,at://did:plc:5dco2yqc2p5yeatbhfvtuzft/app.bsky.feed.post/3mfwificjq22u,27,6,0,0
1d3ea8370ab24533adcb3805206cc4c8,2026-03-01T10:00:00Z,2026-03-01T10:19:36Z,auth,auth_enUS_labelerexp,at://did:plc:gdigd7pexvdyb6xrsepcpyy5/app.bsky.feed.post/3mfwgsum6av25,29,1,1,0
1d3ea8370ab24533adcb3805206cc4c8,2026-03-01T10:00:00Z,2026-03-01T10:19:36Z,auth,auth_enUS_labelerexp,at://did:plc:3mrloq3xnixcgn3bcarysqmk/app.bsky.feed.post/3mfwez6a5xk2y,27,2,2,1
1d3ea8370ab24533adcb3805206cc4c8,2026-03-01T10:00:00Z,2026-03-01T10:19:36Z,auth,auth_enUS_labelerexp,at://did:plc:e23loicvqfeffhhnlspu3ghp/app.bsky.feed.post/3mfwds36cxc2d,55,7,2,0
1d3ea8370ab24533adcb3805206cc4c8,2026-03-01T10:00:00Z,2026-03-01T10:19:36Z,auth,auth_enUS_labelerexp,at://did:plc:dkmajpmhzyr4uoaoedb7627v/app.bsky.feed.post/3mfwbc3vcu22r,116,38,3,0
1d3ea8370ab24533adcb3805206cc4c8,2026-03-01T10:00:00Z,2026-03-01T10:19:36Z,auth,auth_enUS_labelerexp,at://did:plc:5uff3rsn2agtvggi2y2ahs7u/app.bsky.feed.post/3mfw5ybcatc2c,151,47,1,0
1d3ea8370ab24533adcb3805206cc4c8,2026-03-01T10:00:00Z,2026-03-01T10:19:36Z,auth,auth_enUS_labelerexp,at://did:plc:derykar4kp5uuotq5i7inckz/app.bsky.feed.post/3mfw4eu5qsk2a,15,3,0,1
1d3ea8370ab24533adcb3805206cc4c8,2026-03-01T10:00:00Z,2026-03-01T10:19:36Z,auth,auth_enUS_labelerexp,at://did:plc:ppa3b6l5sbhu622dxspwta5k/app.bsky.feed.post/3mfw4agvxyk2n,16,2,0,0
1d3ea8370ab24533adcb3805206cc4c8,2026-03-01T10:00:00Z,2026-03-01T10:19:36Z,auth,auth_enUS_labelerexp,at://did:plc:jjsqi43rx7ydwjli4xhfmosd/app.bsky.feed.post/3mfw3t366a22q,11,1,0,0
1d3ea8370ab24533adcb3805206cc4c8,2026-03-01T10:00:00Z,2026-03-01T10:19:38Z,auth,auth_enUS_labelerexp,at://did:plc:ztnladfufosj6skwzl2ddy6u/app.bsky.feed.post/3mfyi2mxmjo24,0,0,0,1
1d3ea8370ab24533adcb3805206cc4c8,2026-03-01T10:00:00Z,2026-03-01T10:19:38Z,auth,auth_enUS_labelerexp,at://did:plc:jgo7vu4f3p2rtydmpmamoru4/app.bsky.feed.post/3mfyigjg4kb2h,1,0,0,0
1d3ea8370ab24533adcb3805206cc4c8,2026-03-01T10:00:00Z,2026-03-01T10:19:38Z,auth,auth_enUS_labelerexp,at://did:plc:cnqjagm3b3ivoa7p4qye2ydp/app.bsky.feed.post/3mfyigcb3522e,0,0,0,0
1d3ea8370ab24533adcb3805206cc4c8,2026-03-01T10:00:00Z,2026-03-01T10:19:38Z,auth,auth_enUS_labelerexp,at://did:plc:pyoc7xdcxbferg6fbzp6oz2f/app.bsky.feed.post/3mfyifcay5v2f,1,0,0,0
1d3ea8370ab24533adcb3805206cc4c8,2026-03-01T10:00:00Z,2026-03-01T10:19:38Z,auth,auth_enUS_labelerexp,at://did:plc:ekyxwshmyato6wqgw35qmz2o/app.bsky.feed.post/3mfyif7t6fc24,10,0,0,0
1d3ea8370ab24533adcb3805206cc4c8,2026-03-01T10:00:00Z,2026-03-01T10:19:38Z,auth,auth_enUS_labelerexp,at://did:plc:huap3ahtpjtkrb6dyd2c62wk/app.bsky.feed.post/3mfyiex72fb2n,0,0,0,0
1d3ea8370ab24533adcb3805206cc4c8,2026-03-01T10:00:00Z,2026-03-01T10:19:38Z,auth,auth_enUS_labelerexp,at://did:plc:bi5dgrecmrptxgmkqxuzo2wz/app.bsky.feed.post/3mfyiditlqs2j,0,0,0,0
1d3ea8370ab24533adcb3805206cc4c8,2026-03-01T10:00:00Z,2026-03-01T10:19:38Z,auth,auth_enUS_labelerexp,at://did:plc:prjmfxhd3woqr4d3sqt6m5to/app.bsky.feed.post/3mfyidgc4bl2l,0,0,0,0
1d3ea8370ab24533adcb3805206cc4c8,2026-03-01T10:00:00Z,2026-03-01T10:19:38Z,auth,auth_enUS_labelerexp,at://did:plc:p3jomkbsparql7j5evzsynwj/app.bsky.feed.post/3mfyid6ft2n2o,3,1,0,0
1d3ea8370ab24533adcb3805206cc4c8,2026-03-01T10:00:00Z,2026-03-01T10:19:38Z,auth,auth_enUS_labelerexp,at://did:plc:waebwyfketlzfskslgcz7mlf/app.bsky.feed.post/3mfyict46t22b,0,0,0,0
1d3ea8370ab24533adcb3805206cc4c8,2026-03-01T10:00:00Z,2026-03-01T10:19:38Z,auth,auth_enUS_labelerexp,at://did:plc:krbmsfrp3myps26c2drgt4og/app.bsky.feed.post/3mfyiceqxj22b,1,0,0,0
1d3ea8370ab24533adcb3805206cc4c8,2026-03-01T10:00:00Z,2026-03-01T10:19:38Z,auth,auth_enUS_labelerexp,at://did:plc:rjujxkysqal5e73hzlhdfyjl/app.bsky.feed.post/3mfyibzh6ak2b,0,0,0,0
1d3ea8370ab24533adcb3805206cc4c8,2026-03-01T10:00:00Z,2026-03-01T10:19:38Z,auth,auth_enUS_labelerexp,at://did:plc:uatu5upk5372cjirrodgi6zz/app.bsky.feed.post/3mfyibykmcc2a,1,0,0,0
1d3ea8370ab24533adcb3805206cc4c8,2026-03-01T10:00:00Z,2026-03-01T10:19:38Z,auth,auth_enUS_labelerexp,at://did:plc:z5rghs37btfejdrmck5s4jzh/app.bsky.feed.post/3mfyibqwvas2t,0,0,0,0
1d3ea8370ab24533adcb3805206cc4c8,2026-03-01T10:00:00Z,2026-03-01T10:19:38Z,auth,auth_enUS_labelerexp,at://did:plc:rdekoxzr7kibfivbkyr2ocdr/app.bsky.feed.post/3mfyibopy4f26,1,0,0,0
1d3ea8370ab24533adcb3805206cc4c8,2026-03-01T10:00:00Z,2026-03-01T10:19:38Z,auth,auth_enUS_labelerexp,at://did:plc:lc6hdhnjkgccd6ysi7e23pll/app.bsky.feed.post/3mfyibjmy7q2z,0,0,0,0
1d3ea8370ab24533adcb3805206cc4c8,2026-03-01T10:00:00Z,2026-03-01T10:19:38Z,auth,auth_enUS_labelerexp,at://did:plc:uuykcadlc5eoxee4cf2xtpdi/app.bsky.feed.post/3mfyibe5tso2o,0,0,0,0
1d3ea8370ab24533adcb3805206cc4c8,2026-03-01T10:00:00Z,2026-03-01T10:19:38Z,auth,auth_enUS_labelerexp,at://did:plc:2x4x3rqhfrucjkf2upwdkb6y/app.bsky.feed.post/3mfyibaiqsq2v,0,0,0,0
1d3ea8370ab24533adcb3805206cc4c8,2026-03-01T10:00:00Z,2026-03-01T10:19:38Z,auth,auth_enUS_labelerexp,at://did:plc:4g4hjjaadnxdksm5imjye7uv/app.bsky.feed.post/3mfyib2lmsc2u,0,0,0,0
1d3ea8370ab24533adcb3805206cc4c8,2026-03-01T10:00:00Z,2026-03-01T10:19:38Z,auth,auth_enUS_labelerexp,at://did:plc:ivr5ecm7kdjr4n2dbtydrgvc/app.bsky.feed.post/3mfyiaxwzrc2p,0,0,1,0
1d3ea8370ab24533adcb3805206cc4c8,2026-03-01T10:00:00Z,2026-03-01T10:19:38Z,auth,auth_enUS_labelerexp,at://did:plc:pzkd2jfqqlkwoyd75lwglaco/app.bsky.feed.post/3mfyianqhl225,0,0,0,0
1d3ea8370ab24533adcb3805206cc4c8,2026-03-01T10:00:00Z,2026-03-01T10:19:38Z,auth,auth_enUS_labelerexp,at://did:plc:tdxapmkkfghwoembqipr2isv/app.bsky.feed.post/3mfyiamlps22y,0,0,0,0
1d3ea8370ab24533adcb3805206cc4c8,2026-03-01T10:00:00Z,2026-03-01T10:19:38Z,auth,auth_enUS_labelerexp,at://did:plc:jzzzxvjfq7lrdrsa7aljiii3/app.bsky.feed.post/3mfyiaktg7t2g,0,0,0,0
1d3ea8370ab24533adcb3805206cc4c8,2026-03-01T10:00:00Z,2026-03-01T10:19:38Z,auth,auth_enUS_labelerexp,at://did:plc:2la76cialouf2ztl7j63b3fw/app.bsky.feed.post/3mfyiaiho2c2m,0,0,0,0
1d3ea8370ab24533adcb3805206cc4c8,2026-03-01T10:00:00Z,2026-03-01T10:19:38Z,auth,auth_enUS_labelerexp,at://did:plc:2guvbgcfm3r34pcrkkt2zzk3/app.bsky.feed.post/3mfyi7xa6fu2u,0,0,0,0
1d3ea8370ab24533adcb3805206cc4c8,2026-03-01T10:00:00Z,2026-03-01T10:19:38Z,auth,auth_enUS_labelerexp,at://did:plc:h5maykrmsb3yz4y5qcdlulvk/app.bsky.feed.post/3mfyi7rbbek26,0,0,0,0
1d3ea8370ab24533adcb3805206cc4c8,2026-03-01T10:00:00Z,2026-03-01T10:19:38Z,auth,auth_enUS_labelerexp,at://did:plc:h5maykrmsb3yz4y5qcdlulvk/app.bsky.feed.post/3mfyi7qthxk26,0,0,0,0
1d3ea8370ab24533adcb3805206cc4c8,2026-03-01T10:00:00Z,2026-03-01T10:19:38Z,auth,auth_enUS_labelerexp,at://did:plc:jatl3q74eqefwsbwwzuh7mx6/app.bsky.feed.post/3mfyi7myr7c2g,0,0,0,0
1d3ea8370ab24533adcb3805206cc4c8,2026-03-01T10:00:00Z,2026-03-01T10:19:38Z,auth,auth_enUS_labelerexp,at://did:plc:esvuj6w3jqbfdbjeyfuumv5b/app.bsky.feed.post/3mfyi7hpkga2i,0,0,0,0
1d3ea8370ab24533adcb3805206cc4c8,2026-03-01T10:00:00Z,2026-03-01T10:19:38Z,auth,auth_enUS_labelerexp,at://did:plc:vo7tbj7e6pzsvjf2ghihkjun/app.bsky.feed.post/3mfyi7ghtos2s,0,0,0,0
1d3ea8370ab24533adcb3805206cc4c8,2026-03-01T10:00:00Z,2026-03-01T10:19:38Z,auth,auth_enUS_labelerexp,at://did:plc:3ycmo3r754edm2qkxi3jp6vc/app.bsky.feed.post/3mfyi6x2jhj2b,0,0,0,0
1d3ea8370ab24533adcb3805206cc4c8,2026-03-01T10:00:00Z,2026-03-01T10:19:38Z,auth,auth_enUS_labelerexp,at://did:plc:ztf52qr22zoguidj6uprs6az/app.bsky.feed.post/3mfyi6tm6cr2h,0,0,1,0
1d3ea8370ab24533adcb3805206cc4c8,2026-03-01T10:00:00Z,2026-03-01T10:19:38Z,auth,auth_enUS_labelerexp,at://did:plc:mbvl7eofeyf5gyeatysd5d2r/app.bsky.feed.post/3mfyi6nhpqs23,1,0,1,0
1d3ea8370ab24533adcb3805206cc4c8,2026-03-01T10:00:00Z,2026-03-01T10:19:38Z,auth,auth_enUS_labelerexp,at://did:plc:fdvdxqt7vno4llacb3dyn2lj/app.bsky.feed.post/3mfyi6mnsky2w,0,0,0,0
1d3ea8370ab24533adcb3805206cc4c8,2026-03-01T10:00:00Z,2026-03-01T10:19:38Z,auth,auth_enUS_labelerexp,at://did:plc:b6flfn75qcevgmfopdxqyk4s/app.bsky.feed.post/3mfyi6ibycm2r,0,0,0,0
1d3ea8370ab24533adcb3805206cc4c8,2026-03-01T10:00:00Z,2026-03-01T10:19:38Z,auth,auth_enUS_labelerexp,at://did:plc:cahumetezkzdt5vwjt6zrj37/app.bsky.feed.post/3mfyi5wg4ms2a,0,0,0,0
1d3ea8370ab24533adcb3805206cc4c8,2026-03-01T10:00:00Z,2026-03-01T10:19:38Z,auth,auth_enUS_labelerexp,at://did:plc:ej667bjzzlkreya2btklakxk/app.bsky.feed.post/3mfyi5cmee22b,3,2,0,0
1d3ea8370ab24533adcb3805206cc4c8,2026-03-01T10:00:00Z,2026-03-01T10:19:38Z,auth,auth_enUS_labelerexp,at://did:plc:hpu5ubajwg2nhlwo7llwqvfb/app.bsky.feed.post/3mfyi3hfxb22t,0,0,0,0
1d3ea8370ab24533adcb3805206cc4c8,2026-03-01T10:00:00Z,2026-03-01T10:19:38Z,auth,auth_enUS_labelerexp,at://did:plc:b42zkq7eht3xftkfoupjwxh6/app.bsky.feed.post/3mfyi37hxdc2o,2,2,0,0
1d3ea8370ab24533adcb3805206cc4c8,2026-03-01T10:00:00Z,2026-03-01T10:19:38Z,auth,auth_enUS_labelerexp,at://did:plc:cbjn5rfoo4owohtvovqdqoss/app.bsky.feed.post/3mfyi2rgcns2l,1,0,0,0
1d3ea8370ab24533adcb3805206cc4c8,2026-03-01T10:00:00Z,2026-03-01T10:19:38Z,auth,auth_enUS_labelerexp,at://did:plc:nbsqgdgxidnd7yas7zhckpsw/app.bsky.feed.post/3mfyi264yqs2i,0,0,0,0
1d3ea8370ab24533adcb3805206cc4c8,2026-03-01T10:00:00Z,2026-03-01T10:19:38Z,auth,auth_enUS_labelerexp,at://did:plc:jc4bbzz2h4navq6szxcvqme6/app.bsky.feed.post/3mfyhym3cts2r,1,0,0,0
1d3ea8370ab24533adcb3805206cc4c8,2026-03-01T10:00:00Z,2026-03-01T10:19:38Z,auth,auth_enUS_labelerexp,at://did:plc:xzjiijcz5s4zsef2c4bgpo64/app.bsky.feed.post/3mfyhyfrukk2f,1,0,0,0
1d3ea8370ab24533adcb3805206cc4c8,2026-03-01T10:00:00Z,2026-03-01T10:19:38Z,auth,auth_enUS_labelerexp,at://did:plc:t4lvrnqtg245xpbjdz7lcuzo/app.bsky.feed.post/3mfyhyfzfrc26,0,0,0,0
1d3ea8370ab24533adcb3805206cc4c8,2026-03-01T10:00:00Z,2026-03-01T10:19:38Z,auth,auth_enUS_labelerexp,at://did:plc:jf26a7dgps3fck4zc7anchdl/app.bsky.feed.post/3mfyhyc4ftl2p,0,0,0,1
1d3ea8370ab24533adcb3805206cc4c8,2026-03-01T10:00:00Z,2026-03-01T10:19:38Z,auth,auth_enUS_labelerexp,at://did:plc:lh2qsa5ledhpmqodk24dk2ya/app.bsky.feed.post/3mfyhy4t3az24,0,0,1,0
1d3ea8370ab24533adcb3805206cc4c8,2026-03-01T10:00:00Z,2026-03-01T10:19:38Z,auth,auth_enUS_labelerexp,at://did:plc:kscbuqplq3k4cy4wysfsf6sc/app.bsky.feed.post/3mfyhx64odq2x,0,0,0,0
1d3ea8370ab24533adcb3805206cc4c8,2026-03-01T10:00:00Z,2026-03-01T10:19:38Z,auth,auth_enUS_labelerexp,at://did:plc:3fe25qalw4rfzrty3xyutj7c/app.bsky.feed.post/3mfyhwdbmm42r,0,0,0,0
1d3ea8370ab24533adcb3805206cc4c8,2026-03-01T10:00:00Z,2026-03-01T10:19:38Z,auth,auth_enUS_labelerexp,at://did:plc:6yj2fs5iklqlbb74htazcafg/app.bsky.feed.post/3mfyhvla3fd2z,1,0,0,0
1d3ea8370ab24533adcb3805206cc4c8,2026-03-01T10:00:00Z,2026-03-01T10:19:38Z,auth,auth_enUS_labelerexp,at://did:plc:rghsmk5gzlb7s2tv5olsc2jk/app.bsky.feed.post/3mfyhu2utfg24,1,0,0,0
1d3ea8370ab24533adcb3805206cc4c8,2026-03-01T10:00:00Z,2026-03-01T10:19:40Z,auth,auth_enUS_labelerexp,at://did:plc:crdzteoyok4zkqj4nwttq3p3/app.bsky.feed.post/3mfyjayqhg22u,0,0,0,0
1d3ea8370ab24533adcb3805206cc4c8,2026-03-01T10:00:00Z,2026-03-01T10:19:40Z,auth,auth_enUS_labelerexp,at://did:plc:weksvg3f2mghubulii3eaa5b/app.bsky.feed.post/3mfyjao44s22b,0,0,0,0
1d3ea8370ab24533adcb3805206cc4c8,2026-03-01T10:00:00Z,2026-03-01T10:19:40Z,auth,auth_enUS_labelerexp,at://did:plc:dkadsnauv5ieyafb7jdn4fjw/app.bsky.feed.post/3mfyja37ads2a,1,0,0,0
1d3ea8370ab24533adcb3805206cc4c8,2026-03-01T10:00:00Z,2026-03-01T10:19:40Z,auth,auth_enUS_labelerexp,at://did:plc:qybohxdl3tw2tsnxqhxq4gnn/app.bsky.feed.post/3mfyj7ngfvk25,0,0,0,0
1d3ea8370ab24533adcb3805206cc4c8,2026-03-01T10:00:00Z,2026-03-01T10:19:40Z,auth,auth_enUS_labelerexp,at://did:plc:e52izvstn4pgt3vc6wxzljkx/app.bsky.feed.post/3mfyj63qtos2l,0,0,0,0
1d3ea8370ab24533adcb3805206cc4c8,2026-03-01T10:00:00Z,2026-03-01T10:19:40Z,auth,auth_enUS_labelerexp,at://did:plc:4oiuanpzdqizcndc5gqe5rk6/app.bsky.feed.post/3mfyj5z7m3c2w,0,0,0,0
1d3ea8370ab24533adcb3805206cc4c8,2026-03-01T10:00:00Z,2026-03-01T10:19:40Z,auth,auth_enUS_labelerexp,at://did:plc:lb2tlm5f76xj7wypnerkz6oz/app.bsky.feed.post/3mfyj2oqwfs2q,0,0,0,0
1d3ea8370ab24533adcb3805206cc4c8,2026-03-01T10:00:00Z,2026-03-01T10:19:40Z,auth,auth_enUS_labelerexp,at://did:plc:yds662lhlukg3u6wtl3xx4oh/app.bsky.feed.post/3mfyiynjlic2d,1,0,0,0
1d3ea8370ab24533adcb3805206cc4c8,2026-03-01T10:00:00Z,2026-03-01T10:19:40Z,auth,auth_enUS_labelerexp,at://did:plc:djicrq4kp2afstq7fk2rx5zw/app.bsky.feed.post/3mfyiykdms222,0,0,0,0
1d3ea8370ab24533adcb3805206cc4c8,2026-03-01T10:00:00Z,2026-03-01T10:19:40Z,auth,auth_enUS_labelerexp,at://did:plc:ugeuexkxipme64ve6kobqvzc/app.bsky.feed.post/3mfyixgixgk2h,5,0,1,0
1d3ea8370ab24533adcb3805206cc4c8,2026-03-01T10:00:00Z,2026-03-01T10:19:40Z,auth,auth_enUS_labelerexp,at://did:plc:vx2dibbyht5t2oacz5wcnm6u/app.bsky.feed.post/3mfyiwxbfuk2b,0,0,0,0
1d3ea8370ab24533adcb3805206cc4c8,2026-03-01T10:00:00Z,2026-03-01T10:19:40Z,auth,auth_enUS_labelerexp,at://did:plc:xfznowrlifw3ape5ruzzytlz/app.bsky.feed.post/3mfyiw2k3vk25,1,0,0,0
1d3ea8370ab24533adcb3805206cc4c8,2026-03-01T10:00:00Z,2026-03-01T10:19:40Z,auth,auth_enUS_labelerexp,at://did:plc:kkajvvyl2e77o5kl422g7q2b/app.bsky.feed.post/3mfyitxt7ik2z,0,0,0,0
1d3ea8370ab24533adcb3805206cc4c8,2026-03-01T10:00:00Z,2026-03-01T10:19:40Z,auth,auth_enUS_labelerexp,at://did:plc:u6xx74gmxvetdvrcxyz3z55v/app.bsky.feed.post/3mfyirq56cs2c,0,0,0,0
1d3ea8370ab24533adcb3805206cc4c8,2026-03-01T10:00:00Z,2026-03-01T10:19:40Z,auth,auth_enUS_labelerexp,at://did:plc:zl32w7xgqmullhuxwodwjo5h/app.bsky.feed.post/3mfyiqhxol22m,0,0,0,0
1d3ea8370ab24533adcb3805206cc4c8,2026-03-01T10:00:00Z,2026-03-01T10:19:40Z,auth,auth_enUS_labelerexp,at://did:plc:7unoadd7bw2lb43lbwoq3vay/app.bsky.feed.post/3mfyinp6wbk2r,0,0,0,0
1d3ea8370ab24533adcb3805206cc4c8,2026-03-01T10:00:00Z,2026-03-01T10:19:40Z,auth,auth_enUS_labelerexp,at://did:plc:kyvkxl7gsxor2oj3gjfnv4ns/app.bsky.feed.post/3mfying6pmk2d,3,0,0,0
1d3ea8370ab24533adcb3805206cc4c8,2026-03-01T10:00:00Z,2026-03-01T10:19:40Z,auth,auth_enUS_labelerexp,at://did:plc:fjh265v7mannfyymee226byr/app.bsky.feed.post/3mfyiggoijk2z,0,0,0,0
1d3ea8370ab24533adcb3805206cc4c8,2026-03-01T10:00:00Z,2026-03-01T10:19:40Z,auth,auth_enUS_labelerexp,at://did:plc:btukxfe7egpyqk2zieettmme/app.bsky.feed.post/3mfyiggtauk2e,0,0,1,0
1d3ea8370ab24533adcb3805206cc4c8,2026-03-01T10:00:00Z,2026-03-01T10:19:40Z,auth,auth_enUS_labelerexp,at://did:plc:blzcuspxhjsvg64sqdurm47h/app.bsky.feed.post/3mfyidh4jzs2f,1,0,0,0
1d3ea8370ab24533adcb3805206cc4c8,2026-03-01T10:00:00Z,2026-03-01T10:19:40Z,auth,auth_enUS_labelerexp,at://did:plc:vir2cjmgfemthht3zv4jde4l/app.bsky.feed.post/3mfyi7ebyck2s,0,0,0,0
1d3ea8370ab24533adcb3805206cc4c8,2026-03-01T10:00:00Z,2026-03-01T10:19:40Z,auth,auth_enUS_labelerexp,at://did:plc:vnzi34ytj26hwlfhyq75c5vv/app.bsky.feed.post/3mfyi7qurxc2p,3,0,1,0
1d3ea8370ab24533adcb3805206cc4c8,2026-03-01T10:00:00Z,2026-03-01T10:19:40Z,auth,auth_enUS_labelerexp,at://did:plc:udcysg33mshpi3f4rwg7urkg/app.bsky.feed.post/3mfyi73pxqs2a,0,0,0,0
1d3ea8370ab24533adcb3805206cc4c8,2026-03-01T10:00:00Z,2026-03-01T10:19:40Z,auth,auth_enUS_labelerexp,at://did:plc:5555q7otoiw4oupep3efsseb/app.bsky.feed.post/3mfyi6rgeb32x,0,0,0,0
1d3ea8370ab24533adcb3805206cc4c8,2026-03-01T10:00:00Z,2026-03-01T10:19:40Z,auth,auth_enUS_labelerexp,at://did:plc:khcz3n4k6brbyaxyvm52vvpi/app.bsky.feed.post/3mfyi5dl7ns2h,2,0,0,0
1d3ea8370ab24533adcb3805206cc4c8,2026-03-01T10:00:00Z,2026-03-01T10:19:40Z,auth,auth_enUS_labelerexp,at://did:plc:sos6gpcx5noozazgaoyptuh6/app.bsky.feed.post/3mfyi6hc4pu2v,0,0,0,0
1d3ea8370ab24533adcb3805206cc4c8,2026-03-01T10:00:00Z,2026-03-01T10:19:40Z,auth,auth_enUS_labelerexp,at://did:plc:itod66nc3cxj3nrxqx7v66y6/app.bsky.feed.post/3mfyi5tjvhc2x,0,0,0,0
1d3ea8370ab24533adcb3805206cc4c8,2026-03-01T10:00:00Z,2026-03-01T10:19:40Z,auth,auth_enUS_labelerexp,at://did:plc:kyvkxl7gsxor2oj3gjfnv4ns/app.bsky.feed.post/3mfyi4ndhc22m,21,2,0,0
1d3ea8370ab24533adcb3805206cc4c8,2026-03-01T10:00:00Z,2026-03-01T10:19:40Z,auth,auth_enUS_labelerexp,at://did:plc:o3i4jikvsg5rfbrfnm2xqxn6/app.bsky.feed.post/3mfyi4lmtak24,0,0,0,0
1d3ea8370ab24533adcb3805206cc4c8,2026-03-01T10:00:00Z,2026-03-01T10:19:40Z,auth,auth_enUS_labelerexp,at://did:plc:6bh63eltrq7rn3egbfrp2m3c/app.bsky.feed.post/3mfyi4ae5as2k,1,0,0,0
1d3ea8370ab24533adcb3805206cc4c8,2026-03-01T10:00:00Z,2026-03-01T10:19:40Z,auth,auth_enUS_labelerexp,at://did:plc:qhhprjaz4z2vpriw6mravbjk/app.bsky.feed.post/3mfyi3jz2gs2k,5,0,1,0
1d3ea8370ab24533adcb3805206cc4c8,2026-03-01T10:00:00Z,2026-03-01T10:19:40Z,auth,auth_enUS_labelerexp,at://did:plc:grdwwfscb3mdzzhvah7yfanq/app.bsky.feed.post/3mfyi3oz4j22w,0,0,0,0
1d3ea8370ab24533adcb3805206cc4c8,2026-03-01T10:00:00Z,2026-03-01T10:19:40Z,auth,auth_enUS_labelerexp,at://did:plc:wlyenfka7jpgbsxpowrdlghu/app.bsky.feed.post/3mfyhsxpcqk23,2,0,0,0
1d3ea8370ab24533adcb3805206cc4c8,2026-03-01T10:00:00Z,2026-03-01T10:19:40Z,auth,auth_enUS_labelerexp,at://did:plc:zl32w7xgqmullhuxwodwjo5h/app.bsky.feed.post/3mfyhpnsfgk2m,0,0,0,0
1d3ea8370ab24533adcb3805206cc4c8,2026-03-01T10:00:00Z,2026-03-01T10:19:40Z,auth,auth_enUS_labelerexp,at://did:plc:kyvkxl7gsxor2oj3gjfnv4ns/app.bsky.feed.post/3mfyho3vazs2w,19,3,1,1
1d3ea8370ab24533adcb3805206cc4c8,2026-03-01T10:00:00Z,2026-03-01T10:19:40Z,auth,auth_enUS_labelerexp,at://did:plc:jelufujri53nscsdx2zexk77/app.bsky.feed.post/3mfyhlty7ak2l,14,0,0,0
1d3ea8370ab24533adcb3805206cc4c8,2026-03-01T10:00:00Z,2026-03-01T10:19:40Z,auth,auth_enUS_labelerexp,at://did:plc:k7i7bl3s5oda3xx3oicuh5pw/app.bsky.feed.post/3mfyhghegis2k,8,1,0,0
1d3ea8370ab24533adcb3805206cc4c8,2026-03-01T10:00:00Z,2026-03-01T10:19:40Z,auth,auth_enUS_labelerexp,at://did:plc:ibrzulais7posjh6dwwghjby/app.bsky.feed.post/3mfyhfzu7h22s,3,0,0,0
1d3ea8370ab24533adcb3805206cc4c8,2026-03-01T10:00:00Z,2026-03-01T10:19:40Z,auth,auth_enUS_labelerexp,at://did:plc:ri5u3axevvzzfnzhadhxs4fy/app.bsky.feed.post/3mfyhflix5s2j,5,0,1,0
1d3ea8370ab24533adcb3805206cc4c8,2026-03-01T10:00:00Z,2026-03-01T10:19:40Z,auth,auth_enUS_labelerexp,at://did:plc:sizchsjx46cb57fhbcwtjzfz/app.bsky.feed.post/3mfyhdvcfcc27,8,0,0,1
1d3ea8370ab24533adcb3805206cc4c8,2026-03-01T10:00:00Z,2026-03-01T10:19:40Z,auth,auth_enUS_labelerexp,at://did:plc:kyvkxl7gsxor2oj3gjfnv4ns/app.bsky.feed.post/3mfyhdsyrtc2w,13,2,0,0
1d3ea8370ab24533adcb3805206cc4c8,2026-03-01T10:00:00Z,2026-03-01T10:19:40Z,auth,auth_enUS_labelerexp,at://did:plc:czj2ixxm77mnobvrwkkt3ju2/app.bsky.feed.post/3mfyhdtjtq22n,8,0,1,0
1d3ea8370ab24533adcb3805206cc4c8,2026-03-01T10:00:00Z,2026-03-01T10:19:40Z,auth,auth_enUS_labelerexp,at://did:plc:v5qpff2cq75nohcp7vtvlyim/app.bsky.feed.post/3mfyhbr3rkc2k,3,0,1,0
1d3ea8370ab24533adcb3805206cc4c8,2026-03-01T10:00:00Z,2026-03-01T10:19:40Z,auth,auth_enUS_labelerexp,at://did:plc:vx2dibbyht5t2oacz5wcnm6u/app.bsky.feed.post/3mfyhaxe26c2b,12,3,0,0
1d3ea8370ab24533adcb3805206cc4c8,2026-03-01T10:00:00Z,2026-03-01T10:19:40Z,auth,auth_enUS_labelerexp,at://did:plc:uaqrbgd3lq63dlwfffck4elv/app.bsky.feed.post/3mfyhaeoh4s2l,5,0,0,0
1d3ea8370ab24533adcb3805206cc4c8,2026-03-01T10:00:00Z,2026-03-01T10:19:40Z,auth,auth_enUS_labelerexp,at://did:plc:4bbfw6qffvwlkraf2xy76w4j/app.bsky.feed.post/3mfyh7fgwqs2g,0,0,0,0
1d3ea8370ab24533adcb3805206cc4c8,2026-03-01T10:00:00Z,2026-03-01T10:19:40Z,auth,auth_enUS_labelerexp,at://did:plc:ugpkhjh5dajlf24b3pdy4byi/app.bsky.feed.post/3mfyh56xiwc2s,8,0,0,0
1d3ea8370ab24533adcb3805206cc4c8,2026-03-01T10:00:00Z,2026-03-01T10:19:40Z,auth,auth_enUS_labelerexp,at://did:plc:pnnsbvae544qgww45fgmnn4r/app.bsky.feed.post/3mfyh4lyoxc2z,2,0,0,0
1d3ea8370ab24533adcb3805206cc4c8,2026-03-01T10:00:00Z,2026-03-01T10:19:40Z,auth,auth_enUS_labelerexp,at://did:plc:h4w44uk3oveftreaxjdfekzf/app.bsky.feed.post/3mfygyits6c2u,0,0,0,0
1d3ea8370ab24533adcb3805206cc4c8,2026-03-01T10:00:00Z,2026-03-01T10:19:40Z,auth,auth_enUS_labelerexp,at://did:plc:yds662lhlukg3u6wtl3xx4oh/app.bsky.feed.post/3mfygx5e4xs2j,7,0,0,0
1d3ea8370ab24533adcb3805206cc4c8,2026-03-01T10:00:00Z,2026-03-01T10:19:41Z,auth,auth_enUS_labelerexp,at://did:plc:geoqe3qls5mwezckxxsewys2/app.bsky.feed.post/3lbv6ore6wc2s,475,105,2,9
1d3ea8370ab24533adcb3805206cc4c8,2026-03-01T10:00:00Z,2026-03-01T10:19:41Z,auth,auth_enUS_labelerexp,at://did:plc:4xf2yln6dmiep7a5r5z2lykk/app.bsky.feed.post/3mfygstde2k2p,13,2,2,0
1d3ea8370ab24533adcb3805206cc4c8,2026-03-01T10:00:00Z,2026-03-01T10:19:41Z,auth,auth_enUS_labelerexp,at://did:plc:ifgri4enjas6gdtxcact45q5/app.bsky.feed.post/3mfyexumb4s2d,10,0,1,0
1d3ea8370ab24533adcb3805206cc4c8,2026-03-01T10:00:00Z,2026-03-01T10:19:41Z,auth,auth_enUS_labelerexp,at://did:plc:alvv6soej67nb6hebefx3dqa/app.bsky.feed.post/3mfwx7l4yic2d,255,27,6,0
1d3ea8370ab24533adcb3805206cc4c8,2026-03-01T10:00:00Z,2026-03-01T10:19:41Z,auth,auth_enUS_labelerexp,at://did:plc:ft6lyt4fuvhjh2kqhvyqjrww/app.bsky.feed.post/3mfxiekysjs2r,62,9,10,0
1d3ea8370ab24533adcb3805206cc4c8,2026-03-01T10:00:00Z,2026-03-01T10:19:41Z,auth,auth_enUS_labelerexp,at://did:plc:4ool45tppmccdch5qnwwzj7k/app.bsky.feed.post/3mfy2yma5tk2t,19,1,1,0
1d3ea8370ab24533adcb3805206cc4c8,2026-03-01T10:00:00Z,2026-03-01T10:19:41Z,auth,auth_enUS_labelerexp,at://did:plc:bxxyrz55ovxub6qkrudrng6s/app.bsky.feed.post/3mfxayg4pek2k,203,17,3,0
1d3ea8370ab24533adcb3805206cc4c8,2026-03-01T10:00:00Z,2026-03-01T10:19:41Z,auth,auth_enUS_labelerexp,at://did:plc:nhsvgczsbknm4ae7s6espwxa/app.bsky.feed.post/3mfxjbvkgpc22,25,6,2,2
1d3ea8370ab24533adcb3805206cc4c8,2026-03-01T10:00:00Z,2026-03-01T10:19:41Z,auth,auth_enUS_labelerexp,at://did:plc:26zxoltaezryvgsdjvespejm/app.bsky.feed.post/3mfwm74zyvs2q,181,9,0,0
1d3ea8370ab24533adcb3805206cc4c8,2026-03-01T10:00:00Z,2026-03-01T10:19:41Z,auth,auth_enUS_labelerexp,at://did:plc:um5zvtl7uaredus6mdcu4iut/app.bsky.feed.post/3mfvksonprs2y,222,19,1,0
1d3ea8370ab24533adcb3805206cc4c8,2026-03-01T10:00:00Z,2026-03-01T10:19:41Z,auth,auth_enUS_labelerexp,at://did:plc:hhmd7j3l427mrggshf3hwfus/app.bsky.feed.post/3mfwnrwn76224,54,12,6,1
1d3ea8370ab24533adcb3805206cc4c8,2026-03-01T10:00:00Z,2026-03-01T10:19:41Z,auth,auth_enUS_labelerexp,at://did:plc:voc5prq2ty2xpprohi37xp6b/app.bsky.feed.post/3mfxmjiooyk2y,73,9,2,0
1d3ea8370ab24533adcb3805206cc4c8,2026-03-01T10:00:00Z,2026-03-01T10:19:41Z,auth,auth_enUS_labelerexp,at://did:plc:fmle5iiepvb5wlltmpp5cwu6/app.bsky.feed.post/3mfwukaupdc2t,97,9,1,0
1d3ea8370ab24533adcb3805206cc4c8,2026-03-01T10:00:00Z,2026-03-01T10:19:41Z,auth,auth_enUS_labelerexp,at://did:plc:sov7xs5hxquxak3pqaxwu672/app.bsky.feed.post/3mfu4nhhxck25,239,61,3,0
1d3ea8370ab24533adcb3805206cc4c8,2026-03-01T10:00:00Z,2026-03-01T10:19:41Z,auth,auth_enUS_labelerexp,at://did:plc:ie4thtvxdj5ecl6ubt5mxobz/app.bsky.feed.post/3mfwmxyhdqk2b,66,21,6,0
1d3ea8370ab24533adcb3805206cc4c8,2026-03-01T10:00:00Z,2026-03-01T10:19:41Z,auth,auth_enUS_labelerexp,at://did:plc:img5mxnotybrz56wefgoqwyd/app.bsky.feed.post/3mfxqsoo4s22f,10,1,0,0
1d3ea8370ab24533adcb3805206cc4c8,2026-03-01T10:00:00Z,2026-03-01T10:19:41Z,auth,auth_enUS_labelerexp,at://did:plc:hzx6lszy26t5j3hx2lx67hd7/app.bsky.feed.post/3mfwk3szptc2g,60,7,6,1
1d3ea8370ab24533adcb3805206cc4c8,2026-03-01T10:00:00Z,2026-03-01T10:19:41Z,auth,auth_enUS_labelerexp,at://did:plc:idefxmjmzcvr6zo5n6thohdl/app.bsky.feed.post/3mfwyopcuek25,29,5,0,0
1d3ea8370ab24533adcb3805206cc4c8,2026-03-01T10:00:00Z,2026-03-01T10:19:41Z,auth,auth_enUS_labelerexp,at://did:plc:yl5kkgndqfy7uswmblvcfj56/app.bsky.feed.post/3mfwpgc5jt227,80,17,0,0
1d3ea8370ab24533adcb3805206cc4c8,2026-03-01T10:00:00Z,2026-03-01T10:19:41Z,auth,auth_enUS_labelerexp,at://did:plc:klz2u5rln7si3rxogoaf7qwv/app.bsky.feed.post/3mfxhb77kf22l,26,4,2,0
1d3ea8370ab24533adcb3805206cc4c8,2026-03-01T10:00:00Z,2026-03-01T10:19:41Z,auth,auth_enUS_labelerexp,at://did:plc:s5eq2gxjm6votxsrv4ve2rbw/app.bsky.feed.post/3mftmy6wgsc2v,225,20,1,0
1d3ea8370ab24533adcb3805206cc4c8,2026-03-01T10:00:00Z,2026-03-01T10:19:41Z,auth,auth_enUS_labelerexp,at://did:plc:fykhc3mgnddorhmdz7wjlkmb/app.bsky.feed.post/3mfsqwjixqk2r,334,88,21,0
1d3ea8370ab24533adcb3805206cc4c8,2026-03-01T10:00:00Z,2026-03-01T10:19:41Z,auth,auth_enUS_labelerexp,at://did:plc:dbqr2nfo24zdmdycytxrztu5/app.bsky.feed.post/3mfws5eevgk2j,26,4,1,1
1d3ea8370ab24533adcb3805206cc4c8,2026-03-01T10:00:00Z,2026-03-01T10:19:41Z,auth,auth_enUS_labelerexp,at://did:plc:46mmdc6jzamu35opijgedihw/app.bsky.feed.post/3mfwm6fnui22n,89,12,0,1
1d3ea8370ab24533adcb3805206cc4c8,2026-03-01T10:00:00Z,2026-03-01T10:19:41Z,auth,auth_enUS_labelerexp,at://did:plc:cdvy75bpcratrj7vbt3my4ul/app.bsky.feed.post/3mfwbizvyhk2n,33,5,1,0
1d3ea8370ab24533adcb3805206cc4c8,2026-03-01T10:00:00Z,2026-03-01T10:19:41Z,auth,auth_enUS_labelerexp,at://did:plc:tgnru6rietuyibz7garpwtkn/app.bsky.feed.post/3mfx7sce5es2s,43,15,1,1
1d3ea8370ab24533adcb3805206cc4c8,2026-03-01T10:00:00Z,2026-03-01T10:19:41Z,auth,auth_enUS_labelerexp,at://did:plc:tshv53ovozlumx3fmo26d6o4/app.bsky.feed.post/3mfxoxcbey22v,7,0,1,0
1d3ea8370ab24533adcb3805206cc4c8,2026-03-01T10:00:00Z,2026-03-01T10:19:41Z,auth,auth_enUS_labelerexp,at://did:plc:f3nqd67bhnsoaxxxdfzhihqi/app.bsky.feed.post/3mftmjcmph22c,225,22,1,0
1d3ea8370ab24533adcb3805206cc4c8,2026-03-01T10:00:00Z,2026-03-01T10:19:41Z,auth,auth_enUS_labelerexp,at://did:plc:voc5prq2ty2xpprohi37xp6b/app.bsky.feed.post/3mfvr5pka6s2n,116,17,2,1
1d3ea8370ab24533adcb3805206cc4c8,2026-03-01T10:00:00Z,2026-03-01T10:19:41Z,auth,auth_enUS_labelerexp,at://did:plc:voc5prq2ty2xpprohi37xp6b/app.bsky.feed.post/3mfvrib6lh22n,103,7,1,0
1d3ea8370ab24533adcb3805206cc4c8,2026-03-01T10:00:00Z,2026-03-01T10:19:41Z,auth,auth_enUS_labelerexp,at://did:plc:sukplti6qmfykrf5ed7ubawk/app.bsky.feed.post/3mfx2ipbjds2l,8,0,0,0
1d3ea8370ab24533adcb3805206cc4c8,2026-03-01T10:00:00Z,2026-03-01T10:19:41Z,auth,auth_enUS_labelerexp,at://did:plc:m3legirx4ls7kgulxe4vuu7v/app.bsky.feed.post/3mfweiti3522u,43,2,0,0
1d3ea8370ab24533adcb3805206cc4c8,2026-03-01T10:00:00Z,2026-03-01T10:19:41Z,auth,auth_enUS_labelerexp,at://did:plc:2xin7mwv3bex3rax2xjg2ll6/app.bsky.feed.post/3mfwei7yrt22r,24,1,3,1
1d3ea8370ab24533adcb3805206cc4c8,2026-03-01T10:00:00Z,2026-03-01T10:19:41Z,auth,auth_enUS_labelerexp,at://did:plc:f3dcsz365o4zyt7uuqyliwgt/app.bsky.feed.post/3mfsoz7jw4s2f,174,45,25,1
1d3ea8370ab24533adcb3805206cc4c8,2026-03-01T10:00:00Z,2026-03-01T10:19:41Z,auth,auth_enUS_labelerexp,at://did:plc:26zxoltaezryvgsdjvespejm/app.bsky.feed.post/3mfrfvmp73s2a,260,20,5,1
1d3ea8370ab24533adcb3805206cc4c8,2026-03-01T10:00:00Z,2026-03-01T10:19:41Z,auth,auth_enUS_labelerexp,at://did:plc:db645kt5coo7teuoxdjhq34x/app.bsky.feed.post/3ldxjzw64m22i,8,0,2,0
1d3ea8370ab24533adcb3805206cc4c8,2026-03-01T10:00:00Z,2026-03-01T10:19:41Z,auth,auth_enUS_labelerexp,at://did:plc:voc5prq2ty2xpprohi37xp6b/app.bsky.feed.post/3mfvq6knwmk2w,73,10,1,0
1d3ea8370ab24533adcb3805206cc4c8,2026-03-01T10:00:00Z,2026-03-01T10:19:41Z,auth,auth_enUS_labelerexp,at://did:plc:2u3hmqw63fxetmctgwzlq6zc/app.bsky.feed.post/3mft4dv6sx22u,202,14,3,1
1d3ea8370ab24533adcb3805206cc4c8,2026-03-01T10:00:00Z,2026-03-01T10:19:41Z,auth,auth_enUS_labelerexp,at://did:plc:3f4atlfwfkyacemakzncoam6/app.bsky.feed.post/3mfww5exlrk2x,43,1,2,0
1d3ea8370ab24533adcb3805206cc4c8,2026-03-01T10:00:00Z,2026-03-01T10:19:41Z,auth,auth_enUS_labelerexp,at://did:plc:3fc33gih2em5zikiaxrsk4or/app.bsky.feed.post/3mfwro7ivpk2y,13,2,0,0
1d3ea8370ab24533adcb3805206cc4c8,2026-03-01T10:00:00Z,2026-03-01T10:19:41Z,auth,auth_enUS_labelerexp,at://did:plc:27ne33sghinyz3mduuq53tga/app.bsky.feed.post/3mfwtjwceyc2k,8,2,1,0
1d3ea8370ab24533adcb3805206cc4c8,2026-03-01T10:00:00Z,2026-03-01T10:19:41Z,auth,auth_enUS_labelerexp,at://did:plc:um5zvtl7uaredus6mdcu4iut/app.bsky.feed.post/3mfsxuojtcc2a,118,8,0,0
1d3ea8370ab24533adcb3805206cc4c8,2026-03-01T10:00:00Z,2026-03-01T10:19:41Z,auth,auth_enUS_labelerexp,at://did:plc:voc5prq2ty2xpprohi37xp6b/app.bsky.feed.post/3mfvofankcc25,135,16,2,1
1d3ea8370ab24533adcb3805206cc4c8,2026-03-01T10:00:00Z,2026-03-01T10:19:41Z,auth,auth_enUS_labelerexp,at://did:plc:liofjt5oyjjva4xrrs6b54en/app.bsky.feed.post/3mfwtocj37c2r,11,0,1,1
1d3ea8370ab24533adcb3805206cc4c8,2026-03-01T10:00:00Z,2026-03-01T10:19:41Z,auth,auth_enUS_labelerexp,at://did:plc:r4cxjbqipvf3vrapv25tp337/app.bsky.feed.post/3mfwhjq2r6k27,14,3,5,0
1d3ea8370ab24533adcb3805206cc4c8,2026-03-01T10:00:00Z,2026-03-01T10:19:41Z,auth,auth_enUS_labelerexp,at://did:plc:nhsvgczsbknm4ae7s6espwxa/app.bsky.feed.post/3mfvwumrs2k2y,24,6,2,3
1d3ea8370ab24533adcb3805206cc4c8,2026-03-01T10:00:00Z,2026-03-01T10:19:41Z,auth,auth_enUS_labelerexp,at://did:plc:gamdobb7hcsc2rffufhz3pxx/app.bsky.feed.post/3mftmfj6pv22i,82,13,2,0
1d3ea8370ab24533adcb3805206cc4c8,2026-03-01T10:00:00Z,2026-03-01T10:19:41Z,auth,auth_enUS_labelerexp,at://did:plc:27ne33sghinyz3mduuq53tga/app.bsky.feed.post/3mfx6ib2z4c2k,8,2,0,0
1d3ea8370ab24533adcb3805206cc4c8,2026-03-01T10:00:00Z,2026-03-01T10:19:41Z,auth,auth_enUS_labelerexp,at://did:plc:mgyscoovtrthsjm6nqmpyfvh/app.bsky.feed.post/3mftuu6vdb32j,138,19,3,0
1d3ea8370ab24533adcb3805206cc4c8,2026-03-01T10:00:00Z,2026-03-01T10:19:41Z,auth,auth_enUS_labelerexp,at://did:plc:voc5prq2ty2xpprohi37xp6b/app.bsky.feed.post/3mfvqmw6v7k2w,73,5,1,0
1d3ea8370ab24533adcb3805206cc4c8,2026-03-01T10:00:00Z,2026-03-01T10:19:42Z,auth,auth_enUS_labelerexp,at://did:plc:geoqe3qls5mwezckxxsewys2/app.bsky.feed.post/3lfqhgvxbqc2q,989,127,4,22
1d3ea8370ab24533adcb3805206cc4c8,2026-03-01T10:00:00Z,2026-03-01T10:19:42Z,auth,auth_enUS_labelerexp,at://did:plc:2t2vookz6tmz2kaajbq3qjmz/app.bsky.feed.post/3mfyfbgumhc2y,5,1,3,0
1d3ea8370ab24533adcb3805206cc4c8,2026-03-01T10:00:00Z,2026-03-01T10:19:42Z,auth,auth_enUS_labelerexp,at://did:plc:2t2vookz6tmz2kaajbq3qjmz/app.bsky.feed.post/3mfyfbgw5bs2y,3,0,0,0
1d3ea8370ab24533adcb3805206cc4c8,2026-03-01T10:00:00Z,2026-03-01T10:19:42Z,auth,auth_enUS_labelerexp,at://did:plc:arki7y5euvxbk46mmc2txlgb/app.bsky.feed.post/3mfxwbws7h22d,11,1,0,0
1d3ea8370ab24533adcb3805206cc4c8,2026-03-01T10:00:00Z,2026-03-01T10:19:42Z,auth,auth_enUS_labelerexp,at://did:plc:4pgigj2tzszcyqizkddxlqrh/app.bsky.feed.post/3mfxvbr3rf22z,20,0,0,0
1d3ea8370ab24533adcb3805206cc4c8,2026-03-01T10:00:00Z,2026-03-01T10:19:42Z,auth,auth_enUS_labelerexp,at://did:plc:gft4omwk2w4fzpazuav6ck7j/app.bsky.feed.post/3mfxrlfqxyc2o,16,0,2,0
1d3ea8370ab24533adcb3805206cc4c8,2026-03-01T10:00:00Z,2026-03-01T10:19:42Z,auth,auth_enUS_labelerexp,at://did:plc:zjdsqpvs22qkberomsvex2xy/app.bsky.feed.post/3mfxnj3it622x,25,1,1,0
1d3ea8370ab24533adcb3805206cc4c8,2026-03-01T10:00:00Z,2026-03-01T10:19:42Z,auth,auth_enUS_labelerexp,at://did:plc:ocuka5ek5ccg5zfccg5gxa6w/app.bsky.feed.post/3mfxmrjzer22r,27,2,1,0
1d3ea8370ab24533adcb3805206cc4c8,2026-03-01T10:00:00Z,2026-03-01T10:19:42Z,auth,auth_enUS_labelerexp,at://did:plc:q7smjvpqkfock3mpmeun7gpf/app.bsky.feed.post/3mfxmot2ouc2v,6,1,0,0
1d3ea8370ab24533adcb3805206cc4c8,2026-03-01T10:00:00Z,2026-03-01T10:19:42Z,auth,auth_enUS_labelerexp,at://did:plc:q7smjvpqkfock3mpmeun7gpf/app.bsky.feed.post/3mfxmol6vak2v,9,0,1,0
1d3ea8370ab24533adcb3805206cc4c8,2026-03-01T10:00:00Z,2026-03-01T10:19:42Z,auth,auth_enUS_labelerexp,at://did:plc:xzyagfnmpoxle6n6lk6iq3bp/app.bsky.feed.post/3mfxmgbmptk2d,22,1,2,0
1d3ea8370ab24533adcb3805206cc4c8,2026-03-01T10:00:00Z,2026-03-01T10:19:42Z,auth,auth_enUS_labelerexp,at://did:plc:q7smjvpqkfock3mpmeun7gpf/app.bsky.feed.post/3mfxlkrdxh22v,3,1,0,0
1d3ea8370ab24533adcb3805206cc4c8,2026-03-01T10:00:00Z,2026-03-01T10:19:42Z,auth,auth_enUS_labelerexp,at://did:plc:yczhrprwpzegefkjo7t5dqnv/app.bsky.feed.post/3mfxlbdm26s26,12,0,1,0
1d3ea8370ab24533adcb3805206cc4c8,2026-03-01T10:00:00Z,2026-03-01T10:19:42Z,auth,auth_enUS_labelerexp,at://did:plc:pzxij3dx6xmv4d7d3cd3anjs/app.bsky.feed.post/3mfxkji2qxc2d,12,1,1,0
1d3ea8370ab24533adcb3805206cc4c8,2026-03-01T10:00:00Z,2026-03-01T10:19:42Z,auth,auth_enUS_labelerexp,at://did:plc:jsyvlelqdcugzjw3qhbrsu3x/app.bsky.feed.post/3mfxkcypgus2y,51,1,3,0
1d3ea8370ab24533adcb3805206cc4c8,2026-03-01T10:00:00Z,2026-03-01T10:19:42Z,auth,auth_enUS_labelerexp,at://did:plc:ljkhp3vegf3pdevixte2xz32/app.bsky.feed.post/3mfxhfya4ss2o,18,1,2,0
1d3ea8370ab24533adcb3805206cc4c8,2026-03-01T10:00:00Z,2026-03-01T10:19:42Z,auth,auth_enUS_labelerexp,at://did:plc:easf4ri5rfbtj4btigebd4by/app.bsky.feed.post/3mfxgntpbgk2d,13,2,0,0
1d3ea8370ab24533adcb3805206cc4c8,2026-03-01T10:00:00Z,2026-03-01T10:19:42Z,auth,auth_enUS_labelerexp,at://did:plc:dbk23kfjikzh52l4kjn4punr/app.bsky.feed.post/3mfxgbgzuxc2g,24,1,1,0
1d3ea8370ab24533adcb3805206cc4c8,2026-03-01T10:00:00Z,2026-03-01T10:19:42Z,auth,auth_enUS_labelerexp,at://did:plc:4pgigj2tzszcyqizkddxlqrh/app.bsky.feed.post/3mfxeguvduc2m,15,0,1,0
1d3ea8370ab24533adcb3805206cc4c8,2026-03-01T10:00:00Z,2026-03-01T10:19:42Z,auth,auth_enUS_labelerexp,at://did:plc:svnlo3ehm4lpabxlwaifnc64/app.bsky.feed.post/3mfxcdussqs27,12,0,3,0
1d3ea8370ab24533adcb3805206cc4c8,2026-03-01T10:00:00Z,2026-03-01T10:19:42Z,auth,auth_enUS_labelerexp,at://did:plc:xx23q5vdzxaaxtxaw6bglgtk/app.bsky.feed.post/3mfxa6whvrs24,7,0,1,0
1d3ea8370ab24533adcb3805206cc4c8,2026-03-01T10:00:00Z,2026-03-01T10:19:42Z,auth,auth_enUS_labelerexp,at://did:plc:5t5iwhhbfoggocteqyusnlg3/app.bsky.feed.post/3mfx3jnspzk25,18,1,0,0
1d3ea8370ab24533adcb3805206cc4c8,2026-03-01T10:00:00Z,2026-03-01T10:19:42Z,auth,auth_enUS_labelerexp,at://did:plc:g5xw7i2jwdvi56qgmxorl7h4/app.bsky.feed.post/3mfwz5jvov22f,16,0,0,0
1d3ea8370ab24533adcb3805206cc4c8,2026-03-01T10:00:00Z,2026-03-01T10:19:42Z,auth,auth_enUS_labelerexp,at://did:plc:gcnrnyiufrle5ib3fomv3o35/app.bsky.feed.post/3mfwteljksl2o,12,1,0,0
1d3ea8370ab24533adcb3805206cc4c8,2026-03-01T10:00:00Z,2026-03-01T10:19:42Z,auth,auth_enUS_labelerexp,at://did:plc:yqdzx7lewuux7oehegd3hen7/app.bsky.feed.post/3mfwsnzipik2l,19,4,0,0
1d3ea8370ab24533adcb3805206cc4c8,2026-03-01T10:00:00Z,2026-03-01T10:19:42Z,auth,auth_enUS_labelerexp,at://did:plc:ksmzswa3mmubtdxndbtcbkqz/app.bsky.feed.post/3mfwskwqbpc2c,9,0,1,0
1d3ea8370ab24533adcb3805206cc4c8,2026-03-01T10:00:00Z,2026-03-01T10:19:42Z,auth,auth_enUS_labelerexp,at://did:plc:ksmzswa3mmubtdxndbtcbkqz/app.bsky.feed.post/3mfwrxaqmdc2c,3,0,0,0
1d3ea8370ab24533adcb3805206cc4c8,2026-03-01T10:00:00Z,2026-03-01T10:19:42Z,auth,auth_enUS_labelerexp,at://did:plc:ecbny4wi64bpxywyjubp7jos/app.bsky.feed.post/3mfwrvzl6xc2q,35,5,2,0
1d3ea8370ab24533adcb3805206cc4c8,2026-03-01T10:00:00Z,2026-03-01T10:19:42Z,auth,auth_enUS_labelerexp,at://did:plc:jsyvlelqdcugzjw3qhbrsu3x/app.bsky.feed.post/3mfwmswmbbk2q,32,1,3,0
1d3ea8370ab24533adcb3805206cc4c8,2026-03-01T10:00:00Z,2026-03-01T10:19:42Z,auth,auth_enUS_labelerexp,at://did:plc:gcnrnyiufrle5ib3fomv3o35/app.bsky.feed.post/3mfwltpedsc2f,11,1,1,1
1d3ea8370ab24533adcb3805206cc4c8,2026-03-01T10:00:00Z,2026-03-01T10:19:42Z,auth,auth_enUS_labelerexp,at://did:plc:frqdle3olg4a2mwn7qcjzedf/app.bsky.feed.post/3mfwfsqbaxc2x,35,2,1,0
1d3ea8370ab24533adcb3805206cc4c8,2026-03-01T10:00:00Z,2026-03-01T10:19:42Z,auth,auth_enUS_labelerexp,at://did:plc:rkyktfd5iilxviccnhftzew7/app.bsky.feed.post/3mfwdkcxf4s2t,44,1,6,1
1d3ea8370ab24533adcb3805206cc4c8,2026-03-01T10:00:00Z,2026-03-01T10:19:42Z,auth,auth_enUS_labelerexp,at://did:plc:ksmzswa3mmubtdxndbtcbkqz/app.bsky.feed.post/3mfwayueri22w,5,0,0,0
1d3ea8370ab24533adcb3805206cc4c8,2026-03-01T10:00:00Z,2026-03-01T10:19:42Z,auth,auth_enUS_labelerexp,at://did:plc:3ciofzdn6kxemhbroojhkndi/app.bsky.feed.post/3mfwa5rprgc23,42,4,13,0
1d3ea8370ab24533adcb3805206cc4c8,2026-03-01T10:00:00Z,2026-03-01T10:19:42Z,auth,auth_enUS_labelerexp,at://did:plc:tlowrjxki25r6u6r3pmylqxc/app.bsky.feed.post/3mfw77rvmv226,3,0,0,0
1d3ea8370ab24533adcb3805206cc4c8,2026-03-01T10:00:00Z,2026-03-01T10:19:42Z,auth,auth_enUS_labelerexp,at://did:plc:ntzngpqzp545fligvy2tbobv/app.bsky.feed.post/3mfw6bhn36c22,29,1,1,0
1d3ea8370ab24533adcb3805206cc4c8,2026-03-01T10:00:00Z,2026-03-01T10:19:42Z,auth,auth_enUS_labelerexp,at://did:plc:geoqe3qls5mwezckxxsewys2/app.bsky.feed.post/3lgm44pm5ss2m,45,6,1,0
1d3ea8370ab24533adcb3805206cc4c8,2026-03-01T10:00:00Z,2026-03-01T10:19:42Z,auth,auth_enUS_labelerexp,at://did:plc:pq5j6acns3jnbh5uk2a2tyjg/app.bsky.feed.post/3mfw3ldy36k2b,32,4,2,0
1d3ea8370ab24533adcb3805206cc4c8,2026-03-01T10:00:00Z,2026-03-01T10:19:42Z,auth,auth_enUS_labelerexp,at://did:plc:xcbnex4tdl2fa3bjopeviia2/app.bsky.feed.post/3mfw2wy4fg222,93,0,0,0
1d3ea8370ab24533adcb3805206cc4c8,2026-03-01T10:00:00Z,2026-03-01T10:19:42Z,auth,auth_enUS_labelerexp,at://did:plc:2t2vookz6tmz2kaajbq3qjmz/app.bsky.feed.post/3mfvvho6nzs22,30,0,6,0
1d3ea8370ab24533adcb3805206cc4c8,2026-03-01T10:00:00Z,2026-03-01T10:19:42Z,auth,auth_enUS_labelerexp,at://did:plc:2t2vookz6tmz2kaajbq3qjmz/app.bsky.feed.post/3mfvuv2ayk22b,21,1,1,0
1d3ea8370ab24533adcb3805206cc4c8,2026-03-01T10:00:00Z,2026-03-01T10:19:42Z,auth,auth_enUS_labelerexp,at://did:plc:svnlo3ehm4lpabxlwaifnc64/app.bsky.feed.post/3mfvrymudik2j,28,0,2,0
1d3ea8370ab24533adcb3805206cc4c8,2026-03-01T10:00:00Z,2026-03-01T10:19:42Z,auth,auth_enUS_labelerexp,at://did:plc:kolb4t7whxo4rtgdqlgxhonm/app.bsky.feed.post/3mfvii57bn22e,31,1,0,0
1d3ea8370ab24533adcb3805206cc4c8,2026-03-01T10:00:00Z,2026-03-01T10:19:42Z,auth,auth_enUS_labelerexp,at://did:plc:4pgigj2tzszcyqizkddxlqrh/app.bsky.feed.post/3mfvfsdhnvc2e,36,1,3,0
1d3ea8370ab24533adcb3805206cc4c8,2026-03-01T10:00:00Z,2026-03-01T10:19:42Z,auth,auth_enUS_labelerexp,at://did:plc:kjcolfndogii5nv7gpapvit3/app.bsky.feed.post/3mfv7ffp6jk2h,26,1,5,0
1d3ea8370ab24533adcb3805206cc4c8,2026-03-01T10:00:00Z,2026-03-01T10:19:42Z,auth,auth_enUS_labelerexp,at://did:plc:yczhrprwpzegefkjo7t5dqnv/app.bsky.feed.post/3mfv6rv4fes2j,13,0,1,0
1d3ea8370ab24533adcb3805206cc4c8,2026-03-01T10:00:00Z,2026-03-01T10:19:42Z,auth,auth_enUS_labelerexp,at://did:plc:pzxij3dx6xmv4d7d3cd3anjs/app.bsky.feed.post/3mfv6rrhdbs2m,20,3,0,0
1d3ea8370ab24533adcb3805206cc4c8,2026-03-01T10:00:00Z,2026-03-01T10:19:42Z,auth,auth_enUS_labelerexp,at://did:plc:gft4omwk2w4fzpazuav6ck7j/app.bsky.feed.post/3mfv4eyatis25,40,3,2,0
1d3ea8370ab24533adcb3805206cc4c8,2026-03-01T10:00:00Z,2026-03-01T10:19:42Z,auth,auth_enUS_labelerexp,at://did:plc:jsyvlelqdcugzjw3qhbrsu3x/app.bsky.feed.post/3mfuzllw44226,47,3,2,0
1d3ea8370ab24533adcb3805206cc4c8,2026-03-01T10:00:00Z,2026-03-01T10:19:42Z,auth,auth_enUS_labelerexp,at://did:plc:yczhrprwpzegefkjo7t5dqnv/app.bsky.feed.post/3mfuyz2vi5k2p,12,0,0,0
1d3ea8370ab24533adcb3805206cc4c8,2026-03-01T10:00:00Z,2026-03-01T10:19:44Z,auth,auth_enUS_labelerexp,at://did:plc:xy2zorw2ys47poflotxthlzg/app.bsky.feed.post/3lu35ltq7tx2q,1705,241,55,39
1d3ea8370ab24533adcb3805206cc4c8,2026-03-01T10:00:00Z,2026-03-01T10:19:44Z,auth,auth_enUS_labelerexp,at://did:plc:khotvl6bmc6zjtopgijliibs/app.bsky.feed.post/3mfyg4u7gyc2z,5,1,0,0
1d3ea8370ab24533adcb3805206cc4c8,2026-03-01T10:00:00Z,2026-03-01T10:19:44Z,auth,auth_enUS_labelerexp,at://did:plc:ok3ms3dzop7gcwejp7lswhpi/app.bsky.feed.post/3mfyenb7zrs25,44,13,9,0
1d3ea8370ab24533adcb3805206cc4c8,2026-03-01T10:00:00Z,2026-03-01T10:19:44Z,auth,auth_enUS_labelerexp,at://did:plc:pgpzd76ccimgtf2wwoaqxn46/app.bsky.feed.post/3mfycinxpik2e,10,1,0,0
1d3ea8370ab24533adcb3805206cc4c8,2026-03-01T10:00:00Z,2026-03-01T10:19:44Z,auth,auth_enUS_labelerexp,at://did:plc:btzjjptgouva43ko4ip5pl67/app.bsky.feed.post/3mfyc26p6q2tx,6,1,1,0
1d3ea8370ab24533adcb3805206cc4c8,2026-03-01T10:00:00Z,2026-03-01T10:19:44Z,auth,auth_enUS_labelerexp,at://did:plc:6hbls6v4tozdlh3q3xzkxlob/app.bsky.feed.post/3mfy44jncvs2o,32,6,2,1
1d3ea8370ab24533adcb3805206cc4c8,2026-03-01T10:00:00Z,2026-03-01T10:19:44Z,auth,auth_enUS_labelerexp,at://did:plc:63glgtltkpqtbqpta52vwsqp/app.bsky.feed.post/3mfy3w6zz3k2a,12,1,0,0
1d3ea8370ab24533adcb3805206cc4c8,2026-03-01T10:00:00Z,2026-03-01T10:19:44Z,auth,auth_enUS_labelerexp,at://did:plc:ohk3cohuh67khfo2ofyf4ezc/app.bsky.feed.post/3mfxzs7mxvk2j,11,2,1,0
1d3ea8370ab24533adcb3805206cc4c8,2026-03-01T10:00:00Z,2026-03-01T10:19:44Z,auth,auth_enUS_labelerexp,at://did:plc:63glgtltkpqtbqpta52vwsqp/app.bsky.feed.post/3mfxz3kxyzk2a,22,2,0,1
1d3ea8370ab24533adcb3805206cc4c8,2026-03-01T10:00:00Z,2026-03-01T10:19:44Z,auth,auth_enUS_labelerexp,at://did:plc:d33ov6qj5n2yhs27nyvpkpt2/app.bsky.feed.post/3mfxyxwm2z22x,13,5,1,0
1d3ea8370ab24533adcb3805206cc4c8,2026-03-01T10:00:00Z,2026-03-01T10:19:44Z,auth,auth_enUS_labelerexp,at://did:plc:3gacealyzasdazeahg47binn/app.bsky.feed.post/3mfxvdlzvtc24,76,7,0,0
1d3ea8370ab24533adcb3805206cc4c8,2026-03-01T10:00:00Z,2026-03-01T10:19:44Z,auth,auth_enUS_labelerexp,at://did:plc:obxxglwkyewfywh4f5my7mkg/app.bsky.feed.post/3mfxvbybzkc2f,12,3,1,0
1d3ea8370ab24533adcb3805206cc4c8,2026-03-01T10:00:00Z,2026-03-01T10:19:44Z,auth,auth_enUS_labelerexp,at://did:plc:yh5kl53hwy7rhahgcsuyef5a/app.bsky.feed.post/3mfxuasngis27,58,4,3,1
1d3ea8370ab24533adcb3805206cc4c8,2026-03-01T10:00:00Z,2026-03-01T10:19:44Z,auth,auth_enUS_labelerexp,at://did:plc:lpbwqz6vob2472iyra6usdm7/app.bsky.feed.post/3mfxt24d6hk2z,12,2,0,0
1d3ea8370ab24533adcb3805206cc4c8,2026-03-01T10:00:00Z,2026-03-01T10:19:44Z,auth,auth_enUS_labelerexp,at://did:plc:fqtdpe4vsqrwf2kqc6pq3yfk/app.bsky.feed.post/3mfxrz37oxs27,29,3,1,1
1d3ea8370ab24533adcb3805206cc4c8,2026-03-01T10:00:00Z,2026-03-01T10:19:44Z,auth,auth_enUS_labelerexp,at://did:plc:xugrccgcsobrhtzvsmb3muyv/app.bsky.feed.post/3mfxrixu7gk2i,30,2,3,0
1d3ea8370ab24533adcb3805206cc4c8,2026-03-01T10:00:00Z,2026-03-01T10:19:44Z,auth,auth_enUS_labelerexp,at://did:plc:lpbwqz6vob2472iyra6usdm7/app.bsky.feed.post/3mfxkrguoqc2x,43,22,4,3
1d3ea8370ab24533adcb3805206cc4c8,2026-03-01T10:00:00Z,2026-03-01T10:19:44Z,auth,auth_enUS_labelerexp,at://did:plc:spaatgakcgvhk66hxpmqsfcw/app.bsky.feed.post/3mfxkqgjnnc2g,4,0,1,0
1d3ea8370ab24533adcb3805206cc4c8,2026-03-01T10:00:00Z,2026-03-01T10:19:44Z,auth,auth_enUS_labelerexp,at://did:plc:2l4fhwltklhxjlemyusdsc4q/app.bsky.feed.post/3mfxka6lgs22o,13,2,0,0
1d3ea8370ab24533adcb3805206cc4c8,2026-03-01T10:00:00Z,2026-03-01T10:19:44Z,auth,auth_enUS_labelerexp,at://did:plc:2l4fhwltklhxjlemyusdsc4q/app.bsky.feed.post/3mfxjl2t3cc2e,16,1,0,0
1d3ea8370ab24533adcb3805206cc4c8,2026-03-01T10:00:00Z,2026-03-01T10:19:44Z,auth,auth_enUS_labelerexp,at://did:plc:2l4fhwltklhxjlemyusdsc4q/app.bsky.feed.post/3mfxixkcfjs23,38,2,2,0
1d3ea8370ab24533adcb3805206cc4c8,2026-03-01T10:00:00Z,2026-03-01T10:19:44Z,auth,auth_enUS_labelerexp,at://did:plc:2l4fhwltklhxjlemyusdsc4q/app.bsky.feed.post/3mfxini57y223,9,3,0,0
1d3ea8370ab24533adcb3805206cc4c8,2026-03-01T10:00:00Z,2026-03-01T10:19:44Z,auth,auth_enUS_labelerexp,at://did:plc:2l4fhwltklhxjlemyusdsc4q/app.bsky.feed.post/3mfxhy7cl4s23,4,0,0,0
1d3ea8370ab24533adcb3805206cc4c8,2026-03-01T10:00:00Z,2026-03-01T10:19:44Z,auth,auth_enUS_labelerexp,at://did:plc:2l4fhwltklhxjlemyusdsc4q/app.bsky.feed.post/3mfxhis2ge223,5,0,0,0
1d3ea8370ab24533adcb3805206cc4c8,2026-03-01T10:00:00Z,2026-03-01T10:19:44Z,auth,auth_enUS_labelerexp,at://did:plc:rkwir3oxsi7ildtfyd4bzmme/app.bsky.feed.post/3mfxh24im6k2j,7,3,0,0
1d3ea8370ab24533adcb3805206cc4c8,2026-03-01T10:00:00Z,2026-03-01T10:19:44Z,auth,auth_enUS_labelerexp,at://did:plc:2l4fhwltklhxjlemyusdsc4q/app.bsky.feed.post/3mfxgub24z22o,5,0,0,0
1d3ea8370ab24533adcb3805206cc4c8,2026-03-01T10:00:00Z,2026-03-01T10:19:44Z,auth,auth_enUS_labelerexp,at://did:plc:3gacealyzasdazeahg47binn/app.bsky.feed.post/3mfxfqblp322x,18,8,0,0
1d3ea8370ab24533adcb3805206cc4c8,2026-03-01T10:00:00Z,2026-03-01T10:19:44Z,auth,auth_enUS_labelerexp,at://did:plc:cdhcjy5vbqinqayd2cicdv73/app.bsky.feed.post/3mfxewtq5jc2y,23,4,0,0
1d3ea8370ab24533adcb3805206cc4c8,2026-03-01T10:00:00Z,2026-03-01T10:19:44Z,auth,auth_enUS_labelerexp,at://did:plc:milcfih4d6gaeqajxi2bjlo2/app.bsky.feed.post/3mfxe2yjewk2x,10,4,0,0
1d3ea8370ab24533adcb3805206cc4c8,2026-03-01T10:00:00Z,2026-03-01T10:19:44Z,auth,auth_enUS_labelerexp,at://did:plc:yh5kl53hwy7rhahgcsuyef5a/app.bsky.feed.post/3mfxcagpmks2f,33,5,3,0
1d3ea8370ab24533adcb3805206cc4c8,2026-03-01T10:00:00Z,2026-03-01T10:19:44Z,auth,auth_enUS_labelerexp,at://did:plc:uske36usb57zyvcasln47el3/app.bsky.feed.post/3mfx5j7qtv22g,37,2,2,0
1d3ea8370ab24533adcb3805206cc4c8,2026-03-01T10:00:00Z,2026-03-01T10:19:44Z,auth,auth_enUS_labelerexp,at://did:plc:bw3uobs6k4rx5hbn6irgvkrr/app.bsky.feed.post/3mfx5gmqub32v,5,0,0,0
1d3ea8370ab24533adcb3805206cc4c8,2026-03-01T10:00:00Z,2026-03-01T10:19:44Z,auth,auth_enUS_labelerexp,at://did:plc:4kn4zclw35fifo3kgpkmhnj5/app.bsky.feed.post/3mfx4zvvaqk27,4,0,1,0
1d3ea8370ab24533adcb3805206cc4c8,2026-03-01T10:00:00Z,2026-03-01T10:19:44Z,auth,auth_enUS_labelerexp,at://did:plc:sxsb57gacatcpmzcy3wjfr5l/app.bsky.feed.post/3mfx423oick2w,16,2,0,0
1d3ea8370ab24533adcb3805206cc4c8,2026-03-01T10:00:00Z,2026-03-01T10:19:44Z,auth,auth_enUS_labelerexp,at://did:plc:nbpntaipwqfpf4jwmu6rhgqe/app.bsky.feed.post/3mfx3nu5qf226,34,3,1,0
1d3ea8370ab24533adcb3805206cc4c8,2026-03-01T10:00:00Z,2026-03-01T10:19:44Z,auth,auth_enUS_labelerexp,at://did:plc:yh5kl53hwy7rhahgcsuyef5a/app.bsky.feed.post/3mfx3gogzq22i,95,14,5,0
1d3ea8370ab24533adcb3805206cc4c8,2026-03-01T10:00:00Z,2026-03-01T10:19:44Z,auth,auth_enUS_labelerexp,at://did:plc:ivibyhnxquwibnzy25tr7p73/app.bsky.feed.post/3mfx34wivyk2i,13,1,0,0
1d3ea8370ab24533adcb3805206cc4c8,2026-03-01T10:00:00Z,2026-03-01T10:19:44Z,auth,auth_enUS_labelerexp,at://did:plc:35ycdaesm2yxq5s4feojesq4/app.bsky.feed.post/3mfwzzc4o222p,8,0,0,1
1d3ea8370ab24533adcb3805206cc4c8,2026-03-01T10:00:00Z,2026-03-01T10:19:44Z,auth,auth_enUS_labelerexp,at://did:plc:53ij6oh22zkhv6se52v2nm7r/app.bsky.feed.post/3mfwzxtcgok25,2,0,0,0
1d3ea8370ab24533adcb3805206cc4c8,2026-03-01T10:00:00Z,2026-03-01T10:19:44Z,auth,auth_enUS_labelerexp,at://did:plc:aojax3kwq2vkw7gl7fwe6wqb/app.bsky.feed.post/3mfwzk7h66k2e,44,3,1,0
1d3ea8370ab24533adcb3805206cc4c8,2026-03-01T10:00:00Z,2026-03-01T10:19:44Z,auth,auth_enUS_labelerexp,at://did:plc:ty3t56dqoufkhevgxi236w2w/app.bsky.feed.post/3mfwzgivol42z,52,11,2,0
1d3ea8370ab24533adcb3805206cc4c8,2026-03-01T10:00:00Z,2026-03-01T10:19:44Z,auth,auth_enUS_labelerexp,at://did:plc:xugrccgcsobrhtzvsmb3muyv/app.bsky.feed.post/3mfwywsvrns26,17,3,2,0
1d3ea8370ab24533adcb3805206cc4c8,2026-03-01T10:00:00Z,2026-03-01T10:19:44Z,auth,auth_enUS_labelerexp,at://did:plc:sehcpqiv6horvxo5p4plxf3g/app.bsky.feed.post/3mfwy6uz3dk25,1,0,0,0
1d3ea8370ab24533adcb3805206cc4c8,2026-03-01T10:00:00Z,2026-03-01T10:19:44Z,auth,auth_enUS_labelerexp,at://did:plc:ihpq64lyuyd4ha2ibun7hdex/app.bsky.feed.post/3mfwxlaad3c2v,22,2,0,0
1d3ea8370ab24533adcb3805206cc4c8,2026-03-01T10:00:00Z,2026-03-01T10:19:44Z,auth,auth_enUS_labelerexp,at://did:plc:6hbls6v4tozdlh3q3xzkxlob/app.bsky.feed.post/3mfwx5bm5hs2x,38,6,1,0
1d3ea8370ab24533adcb3805206cc4c8,2026-03-01T10:00:00Z,2026-03-01T10:19:44Z,auth,auth_enUS_labelerexp,at://did:plc:yh5kl53hwy7rhahgcsuyef5a/app.bsky.feed.post/3mfwwv4jfvs2i,76,6,0,0
1d3ea8370ab24533adcb3805206cc4c8,2026-03-01T10:00:00Z,2026-03-01T10:19:44Z,auth,auth_enUS_labelerexp,at://did:plc:5odp2okktic3ychbdqiw3kxi/app.bsky.feed.post/3mfwwsiag722e,47,13,2,0
1d3ea8370ab24533adcb3805206cc4c8,2026-03-01T10:00:00Z,2026-03-01T10:19:44Z,auth,auth_enUS_labelerexp,at://did:plc:g4lrfpen3yldpmslaby2aigb/app.bsky.feed.post/3mfwwme7jrk2b,25,4,0,0
1d3ea8370ab24533adcb3805206cc4c8,2026-03-01T10:00:00Z,2026-03-01T10:19:44Z,auth,auth_enUS_labelerexp,at://did:plc:ypf46tvmlk77b2x4coe3ceir/app.bsky.feed.post/3mfww6bl3z32v,2,0,0,0
1d3ea8370ab24533adcb3805206cc4c8,2026-03-01T10:00:00Z,2026-03-01T10:19:44Z,auth,auth_enUS_labelerexp,at://did:plc:suxp36zixdzjtmmnpkyx5r7j/app.bsky.feed.post/3mfwujq7xza2w,81,11,1,0
1d3ea8370ab24533adcb3805206cc4c8,2026-03-01T10:00:00Z,2026-03-01T10:19:45Z,auth,auth_enUS_labelerexp,at://did:plc:l7zidxxfckv6mepubdxo7ch2/app.bsky.feed.post/3mfxc76i4ek25,8,3,1,0
1d3ea8370ab24533adcb3805206cc4c8,2026-03-01T10:00:00Z,2026-03-01T10:19:45Z,auth,auth_enUS_labelerexp,at://did:plc:25vdlm3e334isjw3mdeqnhuv/app.bsky.feed.post/3mfwcv2o7ts27,17,21,1,8
1d3ea8370ab24533adcb3805206cc4c8,2026-03-01T10:00:00Z,2026-03-01T10:19:45Z,auth,auth_enUS_labelerexp,at://did:plc:mmgti3aluvnszzhgu3vmy6cd/app.bsky.feed.post/3mfxmgzt7zc2r,4,5,1,0
1d3ea8370ab24533adcb3805206cc4c8,2026-03-01T10:00:00Z,2026-03-01T10:19:45Z,auth,auth_enUS_labelerexp,at://did:plc:xadm2crx7iumgacj7cmpv52i/app.bsky.feed.post/3mfxvopqrrs2z,6,1,1,0
1d3ea8370ab24533adcb3805206cc4c8,2026-03-01T10:00:00Z,2026-03-01T10:19:45Z,auth,auth_enUS_labelerexp,at://did:plc:4ebhh7ylkpupkin4ailwp5cz/app.bsky.feed.post/3mfya4fyvz22i,0,1,0,0
1d3ea8370ab24533adcb3805206cc4c8,2026-03-01T10:00:00Z,2026-03-01T10:19:45Z,auth,auth_enUS_labelerexp,at://did:plc:aptxop6us6pen2lhmotsczts/app.bsky.feed.post/3mfwnlb25ic2f,2,1,0,0
1d3ea8370ab24533adcb3805206cc4c8,2026-03-01T10:00:00Z,2026-03-01T10:19:45Z,auth,auth_enUS_labelerexp,at://did:plc:4ebhh7ylkpupkin4ailwp5cz/app.bsky.feed.post/3mfxezocpgc2m,1,1,1,0
1d3ea8370ab24533adcb3805206cc4c8,2026-03-01T10:00:00Z,2026-03-01T10:19:45Z,auth,auth_enUS_labelerexp,at://did:plc:gssgl7thydabvvepuguqrx3n/app.bsky.feed.post/3mfye6ddpc22e,2,0,0,0
1d3ea8370ab24533adcb3805206cc4c8,2026-03-01T10:00:00Z,2026-03-01T10:19:45Z,auth,auth_enUS_labelerexp,at://did:plc:4ebhh7ylkpupkin4ailwp5cz/app.bsky.feed.post/3mfy6lphev22i,1,1,0,0
1d3ea8370ab24533adcb3805206cc4c8,2026-03-01T10:00:00Z,2026-03-01T10:19:45Z,auth,auth_enUS_labelerexp,at://did:plc:vj4yisco7pryhagn3qz4p2vt/app.bsky.feed.post/3mfwsftu7l22z,15,8,1,1
1d3ea8370ab24533adcb3805206cc4c8,2026-03-01T10:00:00Z,2026-03-01T10:19:45Z,auth,auth_enUS_labelerexp,at://did:plc:mssgex5rqek4wc66wgvzztbc/app.bsky.feed.post/3mfxovion7c25,4,0,0,0
1d3ea8370ab24533adcb3805206cc4c8,2026-03-01T10:00:00Z,2026-03-01T10:19:45Z,auth,auth_enUS_labelerexp,at://did:plc:lwyj6wji6wtwx3krr4q47rcp/app.bsky.feed.post/3mfwzogrfks2p,21,4,1,0
1d3ea8370ab24533adcb3805206cc4c8,2026-03-01T10:00:00Z,2026-03-01T10:19:45Z,auth,auth_enUS_labelerexp,at://did:plc:ye2jnnzw35iqqurwlhdfxdrq/app.bsky.feed.post/3mfwwi6divs2h,3,10,0,0
1d3ea8370ab24533adcb3805206cc4c8,2026-03-01T10:00:00Z,2026-03-01T10:19:45Z,auth,auth_enUS_labelerexp,at://did:plc:pwi4fynrowhdjrmexmk5c36k/app.bsky.feed.post/3mfxwk4fq4k2w,1,0,0,0
1d3ea8370ab24533adcb3805206cc4c8,2026-03-01T10:00:00Z,2026-03-01T10:19:45Z,auth,auth_enUS_labelerexp,at://did:plc:cxhmm6hkhiwgj5yekfhpsquw/app.bsky.feed.post/3mfx7q2etd22a,2,3,0,1
1d3ea8370ab24533adcb3805206cc4c8,2026-03-01T10:00:00Z,2026-03-01T10:19:45Z,auth,auth_enUS_labelerexp,at://did:plc:2bvxz7qsbzi5d6ztgovci5um/app.bsky.feed.post/3mfxqsjg4ss25,2,3,0,1
1d3ea8370ab24533adcb3805206cc4c8,2026-03-01T10:00:00Z,2026-03-01T10:19:45Z,auth,auth_enUS_labelerexp,at://did:plc:xirh2lsihwo7yohlabwoajkv/app.bsky.feed.post/3mfxniix36227,2,1,0,0
1d3ea8370ab24533adcb3805206cc4c8,2026-03-01T10:00:00Z,2026-03-01T10:19:45Z,auth,auth_enUS_labelerexp,at://did:plc:4ebhh7ylkpupkin4ailwp5cz/app.bsky.feed.post/3mfyaihdea22i,2,1,0,0
1d3ea8370ab24533adcb3805206cc4c8,2026-03-01T10:00:00Z,2026-03-01T10:19:45Z,auth,auth_enUS_labelerexp,at://did:plc:re6xivybrjy4u4k5v2s2olqu/app.bsky.feed.post/3mfwlhqbilc2i,4,5,1,2
1d3ea8370ab24533adcb3805206cc4c8,2026-03-01T10:00:00Z,2026-03-01T10:19:45Z,auth,auth_enUS_labelerexp,at://did:plc:mmgti3aluvnszzhgu3vmy6cd/app.bsky.feed.post/3mfwtclvzbc2w,1,1,1,0
1d3ea8370ab24533adcb3805206cc4c8,2026-03-01T10:00:00Z,2026-03-01T10:19:45Z,auth,auth_enUS_labelerexp,at://did:plc:7i2hwsf5sdj4iww65t22jn4n/app.bsky.feed.post/3mfwt4d335s2a,2,4,0,0
1d3ea8370ab24533adcb3805206cc4c8,2026-03-01T10:00:00Z,2026-03-01T10:19:45Z,auth,auth_enUS_labelerexp,at://did:plc:fl464zccitr7bnexd6adxcuw/app.bsky.feed.post/3mfxkbq7pyc27,0,0,0,0
1d3ea8370ab24533adcb3805206cc4c8,2026-03-01T10:00:00Z,2026-03-01T10:19:45Z,auth,auth_enUS_labelerexp,at://did:plc:kgym4owrqbdhwdi7w3jbtrgq/app.bsky.feed.post/3mfxtah3y2s2t,2,1,1,0
1d3ea8370ab24533adcb3805206cc4c8,2026-03-01T10:00:00Z,2026-03-01T10:19:45Z,auth,auth_enUS_labelerexp,at://did:plc:mmgti3aluvnszzhgu3vmy6cd/app.bsky.feed.post/3mfx4umkt3s2w,1,1,1,0
1d3ea8370ab24533adcb3805206cc4c8,2026-03-01T10:00:00Z,2026-03-01T10:19:45Z,auth,auth_enUS_labelerexp,at://did:plc:l7zidxxfckv6mepubdxo7ch2/app.bsky.feed.post/3mfxrjhdba22e,2,0,1,0
1d3ea8370ab24533adcb3805206cc4c8,2026-03-01T10:00:00Z,2026-03-01T10:19:45Z,auth,auth_enUS_labelerexp,at://did:plc:kgym4owrqbdhwdi7w3jbtrgq/app.bsky.feed.post/3mfxtmp4lsc2t,2,2,0,0
1d3ea8370ab24533adcb3805206cc4c8,2026-03-01T10:00:00Z,2026-03-01T10:19:45Z,auth,auth_enUS_labelerexp,at://did:plc:aptxop6us6pen2lhmotsczts/app.bsky.feed.post/3mfyesjfrm22s,0,0,0,0
1d3ea8370ab24533adcb3805206cc4c8,2026-03-01T10:00:00Z,2026-03-01T10:19:45Z,auth,auth_enUS_labelerexp,at://did:plc:2bvxz7qsbzi5d6ztgovci5um/app.bsky.feed.post/3mfxjkmhrzs23,2,2,1,1
1d3ea8370ab24533adcb3805206cc4c8,2026-03-01T10:00:00Z,2026-03-01T10:19:45Z,auth,auth_enUS_labelerexp,at://did:plc:fl464zccitr7bnexd6adxcuw/app.bsky.feed.post/3mfxk36phu227,1,0,0,0
1d3ea8370ab24533adcb3805206cc4c8,2026-03-01T10:00:00Z,2026-03-01T10:19:45Z,auth,auth_enUS_labelerexp,at://did:plc:w5en6pvzpvvz4v5ytdb6fnyg/app.bsky.feed.post/3mfxhnenyac2i,1,1,0,0
1d3ea8370ab24533adcb3805206cc4c8,2026-03-01T10:00:00Z,2026-03-01T10:19:45Z,auth,auth_enUS_labelerexp,at://did:plc:4ebhh7ylkpupkin4ailwp5cz/app.bsky.feed.post/3mfy7lp3af22i,1,1,0,0
1d3ea8370ab24533adcb3805206cc4c8,2026-03-01T10:00:00Z,2026-03-01T10:19:45Z,auth,auth_enUS_labelerexp,at://did:plc:4ya5rp3tgfvzyx6z27rm2f66/app.bsky.feed.post/3mfwromsopk2v,4,1,1,0
1d3ea8370ab24533adcb3805206cc4c8,2026-03-01T10:00:00Z,2026-03-01T10:19:45Z,auth,auth_enUS_labelerexp,at://did:plc:7wckynjepg62q5dndnbdxaot/app.bsky.feed.post/3mfy3eggm5s2i,17,15,1,0
1d3ea8370ab24533adcb3805206cc4c8,2026-03-01T10:00:00Z,2026-03-01T10:19:45Z,auth,auth_enUS_labelerexp,at://did:plc:7zre4plmd5jllccww575j6sb/app.bsky.feed.post/3mfxogtv3fk2h,4,0,0,0
1d3ea8370ab24533adcb3805206cc4c8,2026-03-01T10:00:00Z,2026-03-01T10:19:45Z,auth,auth_enUS_labelerexp,at://did:plc:fvw27p6joypt5ioppodcds2s/app.bsky.feed.post/3mfxkw74ysc23,0,0,0,0
1d3ea8370ab24533adcb3805206cc4c8,2026-03-01T10:00:00Z,2026-03-01T10:19:45Z,auth,auth_enUS_labelerexp,at://did:plc:4ebhh7ylkpupkin4ailwp5cz/app.bsky.feed.post/3mfyakuipr22i,0,0,0,0
1d3ea8370ab24533adcb3805206cc4c8,2026-03-01T10:00:00Z,2026-03-01T10:19:45Z,auth,auth_enUS_labelerexp,at://did:plc:7i2hwsf5sdj4iww65t22jn4n/app.bsky.feed.post/3mfwlfreogc24,8,11,0,0
1d3ea8370ab24533adcb3805206cc4c8,2026-03-01T10:00:00Z,2026-03-01T10:19:45Z,auth,auth_enUS_labelerexp,at://did:plc:4ebhh7ylkpupkin4ailwp5cz/app.bsky.feed.post/3mfy7lp3af22i,1,1,0,0
1d3ea8370ab24533adcb3805206cc4c8,2026-03-01T10:00:00Z,2026-03-01T10:19:45Z,auth,auth_enUS_labelerexp,at://did:plc:jacahp6xotj3deuhokfvvsnm/app.bsky.feed.post/3mfxjh6ubsc2y,2,0,0,0
1d3ea8370ab24533adcb3805206cc4c8,2026-03-01T10:00:00Z,2026-03-01T10:19:45Z,auth,auth_enUS_labelerexp,at://did:plc:eibdmpjt73ltkysyckfdh3gd/app.bsky.feed.post/3mfxe6xrofs27,0,1,1,0
1d3ea8370ab24533adcb3805206cc4c8,2026-03-01T10:00:00Z,2026-03-01T10:19:45Z,auth,auth_enUS_labelerexp,at://did:plc:2bvxz7qsbzi5d6ztgovci5um/app.bsky.feed.post/3mfxjkmhrzs23,2,2,1,1
1d3ea8370ab24533adcb3805206cc4c8,2026-03-01T10:00:00Z,2026-03-01T10:19:45Z,auth,auth_enUS_labelerexp,at://did:plc:mmgti3aluvnszzhgu3vmy6cd/app.bsky.feed.post/3mfx4srygms2w,1,1,0,0
1d3ea8370ab24533adcb3805206cc4c8,2026-03-01T10:00:00Z,2026-03-01T10:19:45Z,auth,auth_enUS_labelerexp,at://did:plc:s62os5imagbqflehsvvtk3je/app.bsky.feed.post/3mfxchavods2u,9,7,1,1
1d3ea8370ab24533adcb3805206cc4c8,2026-03-01T10:00:00Z,2026-03-01T10:19:45Z,auth,auth_enUS_labelerexp,at://did:plc:pwi4fynrowhdjrmexmk5c36k/app.bsky.feed.post/3mfxwk4fq4k2w,1,0,0,0
1d3ea8370ab24533adcb3805206cc4c8,2026-03-01T10:00:00Z,2026-03-01T10:19:45Z,auth,auth_enUS_labelerexp,at://did:plc:fl464zccitr7bnexd6adxcuw/app.bsky.feed.post/3mfxjlii2p227,1,0,0,0
1d3ea8370ab24533adcb3805206cc4c8,2026-03-01T10:00:00Z,2026-03-01T10:19:45Z,auth,auth_enUS_labelerexp,at://did:plc:4ebhh7ylkpupkin4ailwp5cz/app.bsky.feed.post/3mfy6lphev22i,1,1,0,0
1d3ea8370ab24533adcb3805206cc4c8,2026-03-01T10:00:00Z,2026-03-01T10:19:45Z,auth,auth_enUS_labelerexp,at://did:plc:w5en6pvzpvvz4v5ytdb6fnyg/app.bsky.feed.post/3mfxhnenyac2i,1,1,0,0
1d3ea8370ab24533adcb3805206cc4c8,2026-03-01T10:00:00Z,2026-03-01T10:19:45Z,auth,auth_enUS_labelerexp,at://did:plc:fl464zccitr7bnexd6adxcuw/app.bsky.feed.post/3mfxjxhnrp227,0,0,0,0
1d3ea8370ab24533adcb3805206cc4c8,2026-03-01T10:00:00Z,2026-03-01T10:19:45Z,auth,auth_enUS_labelerexp,at://did:plc:lcytlkvzs3wslcgbk7i3ygak/app.bsky.feed.post/3lxpqdxecgs2v,60,2,2,0
1d3ea8370ab24533adcb3805206cc4c8,2026-03-01T10:00:00Z,2026-03-01T10:19:45Z,auth,auth_enUS_labelerexp,at://did:plc:fl464zccitr7bnexd6adxcuw/app.bsky.feed.post/3mfxjqydpns27,0,0,0,0
1d3ea8370ab24533adcb3805206cc4c8,2026-03-01T10:00:00Z,2026-03-01T10:19:47Z,auth,auth_enUS_labelerexp,at://did:plc:xob6eidcom7lu2piwmv7jjqo/app.bsky.feed.post/3mfwkaujxmk2v,30,13,3,2
1d3ea8370ab24533adcb3805206cc4c8,2026-03-01T10:00:00Z,2026-03-01T10:19:47Z,auth,auth_enUS_labelerexp,at://did:plc:cgnlch52z4hg7mtm4ck2ykgz/app.bsky.feed.post/3mfw2tklqy22u,5,0,0,0
1d3ea8370ab24533adcb3805206cc4c8,2026-03-01T10:00:00Z,2026-03-01T10:19:47Z,auth,auth_enUS_labelerexp,at://did:plc:kx424cazteu6p3dy2tx6cuew/app.bsky.feed.post/3mfvn4sdehk2c,2,0,0,0
1d3ea8370ab24533adcb3805206cc4c8,2026-03-01T10:00:00Z,2026-03-01T10:19:47Z,auth,auth_enUS_labelerexp,at://did:plc:pxkvwbfmltijbpjzk5srddcu/app.bsky.feed.post/3mfv7dz6hpc2s,7,0,0,0
1d3ea8370ab24533adcb3805206cc4c8,2026-03-01T10:00:00Z,2026-03-01T10:19:47Z,auth,auth_enUS_labelerexp,at://did:plc:y6msusnvv26y7o3ldyvyo6ge/app.bsky.feed.post/3mfuorizqj22c,3,1,0,0
1d3ea8370ab24533adcb3805206cc4c8,2026-03-01T10:00:00Z,2026-03-01T10:19:47Z,auth,auth_enUS_labelerexp,at://did:plc:qb4oplsgvdtu6xynnfiptom5/app.bsky.feed.post/3mfunlrb4nk2p,5,0,0,0
1d3ea8370ab24533adcb3805206cc4c8,2026-03-01T10:00:00Z,2026-03-01T10:19:47Z,auth,auth_enUS_labelerexp,at://did:plc:73uwondbkeafoi6xzbyagzyq/app.bsky.feed.post/3mfun35llzs24,0,0,0,0
1d3ea8370ab24533adcb3805206cc4c8,2026-03-01T10:00:00Z,2026-03-01T10:19:47Z,auth,auth_enUS_labelerexp,at://did:plc:zq5iz4hfj6x4w6a4kjofv3rn/app.bsky.feed.post/3mfuf5owim22o,2,0,1,0
1d3ea8370ab24533adcb3805206cc4c8,2026-03-01T10:00:00Z,2026-03-01T10:19:47Z,auth,auth_enUS_labelerexp,at://did:plc:x3yt3sdtbvlhizqx5jh3hwuf/app.bsky.feed.post/3mfueetpqpc23,0,0,0,0
1d3ea8370ab24533adcb3805206cc4c8,2026-03-01T10:00:00Z,2026-03-01T10:19:47Z,auth,auth_enUS_labelerexp,at://did:plc:gxyd4jf3i45lewtmrerphuvx/app.bsky.feed.post/3mfua32iul22x,2,0,0,0
1d3ea8370ab24533adcb3805206cc4c8,2026-03-01T10:00:00Z,2026-03-01T10:19:47Z,auth,auth_enUS_labelerexp,at://did:plc:73uwondbkeafoi6xzbyagzyq/app.bsky.feed.post/3mfu7fyg6u224,8,5,0,1
1d3ea8370ab24533adcb3805206cc4c8,2026-03-01T10:00:00Z,2026-03-01T10:19:47Z,auth,auth_enUS_labelerexp,at://did:plc:wxcwja56jpsa4yzbprvmtv74/app.bsky.feed.post/3mfu5rpy7ns2x,3,0,1,0
1d3ea8370ab24533adcb3805206cc4c8,2026-03-01T10:00:00Z,2026-03-01T10:19:47Z,auth,auth_enUS_labelerexp,at://did:plc:s5gywrwrz5lnyi46jdi6ypuo/app.bsky.feed.post/3mfu3ql5nh22o,1,0,0,0
1d3ea8370ab24533adcb3805206cc4c8,2026-03-01T10:00:00Z,2026-03-01T10:19:47Z,auth,auth_enUS_labelerexp,at://did:plc:roxhjcv6twbvmwm3enlt4jyl/app.bsky.feed.post/3mftxz7zlyv2g,5,2,0,0
1d3ea8370ab24533adcb3805206cc4c8,2026-03-01T10:00:00Z,2026-03-01T10:19:47Z,auth,auth_enUS_labelerexp,at://did:plc:73uwondbkeafoi6xzbyagzyq/app.bsky.feed.post/3mftwtzbl6s25,32,15,0,2
1d3ea8370ab24533adcb3805206cc4c8,2026-03-01T10:00:00Z,2026-03-01T10:19:47Z,auth,auth_enUS_labelerexp,at://did:plc:vjtwffmynkkbm7lxkbcknom2/app.bsky.feed.post/3mftnyegcvk2b,1,0,0,0
1d3ea8370ab24533adcb3805206cc4c8,2026-03-01T10:00:00Z,2026-03-01T10:19:47Z,auth,auth_enUS_labelerexp,at://did:plc:nziirtsiooif77emnfdrlrnv/app.bsky.feed.post/3mftmwjuidf2o,0,1,1,0
1d3ea8370ab24533adcb3805206cc4c8,2026-03-01T10:00:00Z,2026-03-01T10:19:47Z,auth,auth_enUS_labelerexp,at://did:plc:wlckjxgox5w7gt3akputopnb/app.bsky.feed.post/3mftkddosis2n,13,1,1,0
1d3ea8370ab24533adcb3805206cc4c8,2026-03-01T10:00:00Z,2026-03-01T10:19:47Z,auth,auth_enUS_labelerexp,at://did:plc:pxkvwbfmltijbpjzk5srddcu/app.bsky.feed.post/3mfsohcifds2u,3,0,0,0
1d3ea8370ab24533adcb3805206cc4c8,2026-03-01T10:00:00Z,2026-03-01T10:19:47Z,auth,auth_enUS_labelerexp,at://did:plc:73uwondbkeafoi6xzbyagzyq/app.bsky.feed.post/3mfs2ea637225,8,1,1,2
1d3ea8370ab24533adcb3805206cc4c8,2026-03-01T10:00:00Z,2026-03-01T10:19:47Z,auth,auth_enUS_labelerexp,at://did:plc:d3jnfqtbehpfhdfezzg4pvss/app.bsky.feed.post/3mfrww5fcsd2u,2,0,0,0
1d3ea8370ab24533adcb3805206cc4c8,2026-03-01T10:00:00Z,2026-03-01T10:19:47Z,auth,auth_enUS_labelerexp,at://did:plc:tkvnioglsp5dw44mvxjwcmmz/app.bsky.feed.post/3mfrw7nvn322z,15,7,2,0
1d3ea8370ab24533adcb3805206cc4c8,2026-03-01T10:00:00Z,2026-03-01T10:19:47Z,auth,auth_enUS_labelerexp,at://did:plc:xnanzrmwkjvaj4sezphbdcgj/app.bsky.feed.post/3mfrsrpapj224,11,4,0,0
1d3ea8370ab24533adcb3805206cc4c8,2026-03-01T10:00:00Z,2026-03-01T10:19:47Z,auth,auth_enUS_labelerexp,at://did:plc:d57eial5goacffcqzpbcw33v/app.bsky.feed.post/3mfrmovuwr22n,10,6,0,0
1d3ea8370ab24533adcb3805206cc4c8,2026-03-01T10:00:00Z,2026-03-01T10:19:47Z,auth,auth_enUS_labelerexp,at://did:plc:roxhjcv6twbvmwm3enlt4jyl/app.bsky.feed.post/3mfrhl7nmy52e,14,2,0,0
1d3ea8370ab24533adcb3805206cc4c8,2026-03-01T10:00:00Z,2026-03-01T10:19:48Z,auth,auth_enUS_labelerexp,at://did:plc:ezut3saqfxozof7tnl2carho/app.bsky.feed.post/3mfyiagkdfd2j,0,0,0,0
1d3ea8370ab24533adcb3805206cc4c8,2026-03-01T10:00:00Z,2026-03-01T10:19:48Z,auth,auth_enUS_labelerexp,at://did:plc:hri7kma34lhnr3s7byp4qjzj/app.bsky.feed.post/3mfyi42es7c2x,4,0,0,0
1d3ea8370ab24533adcb3805206cc4c8,2026-03-01T10:00:00Z,2026-03-01T10:19:48Z,auth,auth_enUS_labelerexp,at://did:plc:tershakttkr72nmnpyplj5pw/app.bsky.feed.post/3mfyhw7dpqk2z,2,0,1,2
1d3ea8370ab24533adcb3805206cc4c8,2026-03-01T10:00:00Z,2026-03-01T10:19:48Z,auth,auth_enUS_labelerexp,at://did:plc:nrgmj2djhudsuto5b7nif3f4/app.bsky.feed.post/3mfyhqubqqs2j,1,0,0,0
1d3ea8370ab24533adcb3805206cc4c8,2026-03-01T10:00:00Z,2026-03-01T10:19:48Z,auth,auth_enUS_labelerexp,at://did:plc:d3zugttwotvh7xpzfi2orx2a/app.bsky.feed.post/3mfyhpgcbtk2j,0,0,0,0
1d3ea8370ab24533adcb3805206cc4c8,2026-03-01T10:00:00Z,2026-03-01T10:19:48Z,auth,auth_enUS_labelerexp,at://did:plc:clun2uf2oac6ql3osspt7p5h/app.bsky.feed.post/3mfyhouqn6k2z,0,0,0,0
1d3ea8370ab24533adcb3805206cc4c8,2026-03-01T10:00:00Z,2026-03-01T10:19:48Z,auth,auth_enUS_labelerexp,at://did:plc:4q522ixhfiwdcmkjjhkhxz5k/app.bsky.feed.post/3mfyh5ytrsk2l,16,4,0,0
1d3ea8370ab24533adcb3805206cc4c8,2026-03-01T10:00:00Z,2026-03-01T10:19:48Z,auth,auth_enUS_labelerexp,at://did:plc:x3re4qjck3cqckx5xwa6el5l/app.bsky.feed.post/3mfyh2n4lb22n,1,1,0,0
1d3ea8370ab24533adcb3805206cc4c8,2026-03-01T10:00:00Z,2026-03-01T10:19:48Z,auth,auth_enUS_labelerexp,at://did:plc:35lroyunzm7hd7wdeg426qjd/app.bsky.feed.post/3mfyh2pkdk22f,0,0,1,0
1d3ea8370ab24533adcb3805206cc4c8,2026-03-01T10:00:00Z,2026-03-01T10:19:48Z,auth,auth_enUS_labelerexp,at://did:plc:zthsijiilk7255c36j3ijga5/app.bsky.feed.post/3mfygmxscu22f,5,1,0,1
1d3ea8370ab24533adcb3805206cc4c8,2026-03-01T10:00:00Z,2026-03-01T10:19:48Z,auth,auth_enUS_labelerexp,at://did:plc:vrp7keruxiq3enh3ymj7kvfl/app.bsky.feed.post/3mfyfzppvjk2j,2,0,0,0
1d3ea8370ab24533adcb3805206cc4c8,2026-03-01T10:00:00Z,2026-03-01T10:19:48Z,auth,auth_enUS_labelerexp,at://did:plc:q4ahxebbbh4bwftkvvrkto6q/app.bsky.feed.post/3mfyfulk3hc26,1,0,0,0
1d3ea8370ab24533adcb3805206cc4c8,2026-03-01T10:00:00Z,2026-03-01T10:19:48Z,auth,auth_enUS_labelerexp,at://did:plc:oe3pc2l4xrfjomb6b7mnptdt/app.bsky.feed.post/3mfyfu675ds2c,0,0,0,0
1d3ea8370ab24533adcb3805206cc4c8,2026-03-01T10:00:00Z,2026-03-01T10:19:48Z,auth,auth_enUS_labelerexp,at://did:plc:oc7qjtldzqvx4apuavadow4g/app.bsky.feed.post/3mfyepwucb222,8,2,0,0
1d3ea8370ab24533adcb3805206cc4c8,2026-03-01T10:00:00Z,2026-03-01T10:19:48Z,auth,auth_enUS_labelerexp,at://did:plc:bo4zgxper4znwvzr3cb4jt6j/app.bsky.feed.post/3mfyen5zw7c2p,1,0,0,0
1d3ea8370ab24533adcb3805206cc4c8,2026-03-01T10:00:00Z,2026-03-01T10:19:48Z,auth,auth_enUS_labelerexp,at://did:plc:inp4zpnswmo5fki4u7h7sayr/app.bsky.feed.post/3mfyednd7qk2i,3,0,0,0
1d3ea8370ab24533adcb3805206cc4c8,2026-03-01T10:00:00Z,2026-03-01T10:19:48Z,auth,auth_enUS_labelerexp,at://did:plc:hmqfcxqfb5dmxqtlgddks4q5/app.bsky.feed.post/3mfye2qjj3227,54,7,1,0
1d3ea8370ab24533adcb3805206cc4c8,2026-03-01T10:00:00Z,2026-03-01T10:19:48Z,auth,auth_enUS_labelerexp,at://did:plc:hz435tnj5yoct6ieoxmexhiy/app.bsky.feed.post/3mfydzgwuyk2t,0,0,0,0
1d3ea8370ab24533adcb3805206cc4c8,2026-03-01T10:00:00Z,2026-03-01T10:19:48Z,auth,auth_enUS_labelerexp,at://did:plc:fzynasde4bp7qj2avntro6f3/app.bsky.feed.post/3mfydgc3ngc2h,2,2,1,0
1d3ea8370ab24533adcb3805206cc4c8,2026-03-01T10:00:00Z,2026-03-01T10:19:48Z,auth,auth_enUS_labelerexp,at://did:plc:wzaqmcd34mkg5ncml3etxcgq/app.bsky.feed.post/3mfydfizodk2u,2,0,0,0
1d3ea8370ab24533adcb3805206cc4c8,2026-03-01T10:00:00Z,2026-03-01T10:19:48Z,auth,auth_enUS_labelerexp,at://did:plc:lobecms3m2tvdj25xfkpibsq/app.bsky.feed.post/3mfyd5ndogt2t,0,0,0,0
1d3ea8370ab24533adcb3805206cc4c8,2026-03-01T10:00:00Z,2026-03-01T10:19:48Z,auth,auth_enUS_labelerexp,at://did:plc:nusjdfnrknpfyejmiyjuivhj/app.bsky.feed.post/3mfycwwaypc2i,0,0,0,0
1d3ea8370ab24533adcb3805206cc4c8,2026-03-01T10:00:00Z,2026-03-01T10:19:48Z,auth,auth_enUS_labelerexp,at://did:plc:nusjdfnrknpfyejmiyjuivhj/app.bsky.feed.post/3mfycwwaypc2i,0,0,0,0
1d3ea8370ab24533adcb3805206cc4c8,2026-03-01T10:00:00Z,2026-03-01T10:19:48Z,auth,auth_enUS_labelerexp,at://did:plc:vrnlkyoq3ijkdns46z5dkzdh/app.bsky.feed.post/3mfycr2hd522k,2,0,0,0
1d3ea8370ab24533adcb3805206cc4c8,2026-03-01T10:00:00Z,2026-03-01T10:19:48Z,auth,auth_enUS_labelerexp,at://did:plc:xrlpngkrwynjjkd2b2dphlls/app.bsky.feed.post/3mfycmmfxxk2q,1,0,0,0
1d3ea8370ab24533adcb3805206cc4c8,2026-03-01T10:00:00Z,2026-03-01T10:19:48Z,auth,auth_enUS_labelerexp,at://did:plc:uo6bkflojyhompn7vznfv4h6/app.bsky.feed.post/3mfycgpvqpk24,0,0,0,0
1d3ea8370ab24533adcb3805206cc4c8,2026-03-01T10:00:00Z,2026-03-01T10:19:48Z,auth,auth_enUS_labelerexp,at://did:plc:cn56tmwl2sjim2tz5wahpq3c/app.bsky.feed.post/3mfyapxyuhs2o,1,0,0,0
1d3ea8370ab24533adcb3805206cc4c8,2026-03-01T10:00:00Z,2026-03-01T10:19:48Z,auth,auth_enUS_labelerexp,at://did:plc:awwl4pp3tk2njwy7phvmy3z2/app.bsky.feed.post/3mfya3xog522n,1,0,2,0
1d3ea8370ab24533adcb3805206cc4c8,2026-03-01T10:00:00Z,2026-03-01T10:19:48Z,auth,auth_enUS_labelerexp,at://did:plc:uoqbaehj6qazwxfmqf3ohvk7/app.bsky.feed.post/3mfy7ymru4s23,1,1,0,0
1d3ea8370ab24533adcb3805206cc4c8,2026-03-01T10:00:00Z,2026-03-01T10:19:48Z,auth,auth_enUS_labelerexp,at://did:plc:uoqbaehj6qazwxfmqf3ohvk7/app.bsky.feed.post/3mfy7ymru4s23,1,1,0,0
1d3ea8370ab24533adcb3805206cc4c8,2026-03-01T10:00:00Z,2026-03-01T10:19:48Z,auth,auth_enUS_labelerexp,at://did:plc:nv6x52l73cog2t464clikxh5/app.bsky.feed.post/3mfy7lfd6zs2t,4,1,0,0
1d3ea8370ab24533adcb3805206cc4c8,2026-03-01T10:00:00Z,2026-03-01T10:19:48Z,auth,auth_enUS_labelerexp,at://did:plc:elrihwtbz4os7c7xif4rzigx/app.bsky.feed.post/3mfy6lyvsmk2h,84,15,0,0
1d3ea8370ab24533adcb3805206cc4c8,2026-03-01T10:00:00Z,2026-03-01T10:19:48Z,auth,auth_enUS_labelerexp,at://did:plc:bp6amlxwou4ohqp2obyoz5fl/app.bsky.feed.post/3mfy5rhtmdc2x,3,0,0,0
1d3ea8370ab24533adcb3805206cc4c8,2026-03-01T10:00:00Z,2026-03-01T10:19:48Z,auth,auth_enUS_labelerexp,at://did:plc:dtoimqi7p7je2mms64eqfj26/app.bsky.feed.post/3mfy5miry622k,0,1,0,0
1d3ea8370ab24533adcb3805206cc4c8,2026-03-01T10:00:00Z,2026-03-01T10:19:48Z,auth,auth_enUS_labelerexp,at://did:plc:tlxqp7wniimje6r5t3hu453i/app.bsky.feed.post/3mfy5lwdkmc2y,6,0,0,0
1d3ea8370ab24533adcb3805206cc4c8,2026-03-01T10:00:00Z,2026-03-01T10:19:48Z,auth,auth_enUS_labelerexp,at://did:plc:5jdgh6p2pecucbhg4xbcdjth/app.bsky.feed.post/3mfy4zuq2wk2h,22,3,1,0
1d3ea8370ab24533adcb3805206cc4c8,2026-03-01T10:00:00Z,2026-03-01T10:19:48Z,auth,auth_enUS_labelerexp,at://did:plc:kighnww3wjfvuphe2ndch5md/app.bsky.feed.post/3mfy4g244gs2t,6,2,0,0
1d3ea8370ab24533adcb3805206cc4c8,2026-03-01T10:00:00Z,2026-03-01T10:19:48Z,auth,auth_enUS_labelerexp,at://did:plc:dtoimqi7p7je2mms64eqfj26/app.bsky.feed.post/3mfy4fd5nj22k,0,3,1,0
1d3ea8370ab24533adcb3805206cc4c8,2026-03-01T10:00:00Z,2026-03-01T10:19:48Z,auth,auth_enUS_labelerexp,at://did:plc:nwj5mgegdwp5ojkgonoymy5r/app.bsky.feed.post/3mfy3uviwss2a,5,0,2,0
1d3ea8370ab24533adcb3805206cc4c8,2026-03-01T10:00:00Z,2026-03-01T10:19:48Z,auth,auth_enUS_labelerexp,at://did:plc:hjlddcf4elugiemk4d5yzmgh/app.bsky.feed.post/3mfy34ffizs2y,0,0,1,0
1d3ea8370ab24533adcb3805206cc4c8,2026-03-01T10:00:00Z,2026-03-01T10:19:48Z,auth,auth_enUS_labelerexp,at://did:plc:wxlwfyebgta73sq6wichsdwu/app.bsky.feed.post/3mfy32aluv22t,0,0,1,0
1d3ea8370ab24533adcb3805206cc4c8,2026-03-01T10:00:00Z,2026-03-01T10:19:48Z,auth,auth_enUS_labelerexp,at://did:plc:d2j2pkt7ywkl3gaqn2jbt3yg/app.bsky.feed.post/3mfy2wzheoc2g,11,12,0,0
1d3ea8370ab24533adcb3805206cc4c8,2026-03-01T10:00:00Z,2026-03-01T10:19:48Z,auth,auth_enUS_labelerexp,at://did:plc:cajnanxhtou2ap4jee4w5uuw/app.bsky.feed.post/3mfy2jyhgss27,7,5,0,0
1d3ea8370ab24533adcb3805206cc4c8,2026-03-01T10:00:00Z,2026-03-01T10:19:48Z,auth,auth_enUS_labelerexp,at://did:plc:6cpcsedqnbxu3xwimbkx7msf/app.bsky.feed.post/3mfy2ihkjo22j,1,0,0,0
1d3ea8370ab24533adcb3805206cc4c8,2026-03-01T10:00:00Z,2026-03-01T10:19:48Z,auth,auth_enUS_labelerexp,at://did:plc:ybwht3ifa457zsimjv2jj3pb/app.bsky.feed.post/3mfxzt6duzk2p,1,0,0,0
1d3ea8370ab24533adcb3805206cc4c8,2026-03-01T10:00:00Z,2026-03-01T10:19:48Z,auth,auth_enUS_labelerexp,at://did:plc:ysgrniah5prospd4hr27yl7u/app.bsky.feed.post/3mfxzlk2vhs25,1,0,0,0
1d3ea8370ab24533adcb3805206cc4c8,2026-03-01T10:00:00Z,2026-03-01T10:19:48Z,auth,auth_enUS_labelerexp,at://did:plc:pxyunaqzokg43lokiqyuaugq/app.bsky.feed.post/3mfxyfv3k2k2w,4,2,0,0
1d3ea8370ab24533adcb3805206cc4c8,2026-03-01T10:00:00Z,2026-03-01T10:19:48Z,auth,auth_enUS_labelerexp,at://did:plc:nurgt72fsa4y5uxnkuwmlpic/app.bsky.feed.post/3mfxwys4w622r,1,0,0,0
1d3ea8370ab24533adcb3805206cc4c8,2026-03-01T10:00:00Z,2026-03-01T10:19:48Z,auth,auth_enUS_labelerexp,at://did:plc:ri5vtmsholy7i3v3qkoictaa/app.bsky.feed.post/3mfxwpcedl22j,7,0,0,0
1d3ea8370ab24533adcb3805206cc4c8,2026-03-01T10:00:00Z,2026-03-01T10:19:48Z,auth,auth_enUS_labelerexp,at://did:plc:7qsshtevtkid4ng5lmdlml24/app.bsky.feed.post/3mfxwn2a6ak2h,74,15,2,0
1d3ea8370ab24533adcb3805206cc4c8,2026-03-01T10:00:00Z,2026-03-01T10:19:50Z,auth,auth_enUS_labelerexp,at://did:plc:whlgdy2aq2d3x3jhztyihxhv/app.bsky.feed.post/3mfyikuxygs2o,2,0,0,0
1d3ea8370ab24533adcb3805206cc4c8,2026-03-01T10:00:00Z,2026-03-01T10:19:50Z,auth,auth_enUS_labelerexp,at://did:plc:rgdcflm4ylsl6udghmtblydc/app.bsky.feed.post/3mfyij44xhc2o,0,0,0,0
1d3ea8370ab24533adcb3805206cc4c8,2026-03-01T10:00:00Z,2026-03-01T10:19:50Z,auth,auth_enUS_labelerexp,at://did:plc:yioaeh2zjssyozbfwdo7fyr7/app.bsky.feed.post/3mfyii5gd4k26,0,0,0,0
1d3ea8370ab24533adcb3805206cc4c8,2026-03-01T10:00:00Z,2026-03-01T10:19:50Z,auth,auth_enUS_labelerexp,at://did:plc:pekzz43a6q5rtq6hnp7nl5zc/app.bsky.feed.post/3mfyi6234rc2c,0,0,0,0
1d3ea8370ab24533adcb3805206cc4c8,2026-03-01T10:00:00Z,2026-03-01T10:19:50Z,auth,auth_enUS_labelerexp,at://did:plc:aqlhdxljrhzekzajikd4n3c5/app.bsky.feed.post/3mfyhy4or4s2y,0,0,0,0
1d3ea8370ab24533adcb3805206cc4c8,2026-03-01T10:00:00Z,2026-03-01T10:19:50Z,auth,auth_enUS_labelerexp,at://did:plc:bvuve5kq2cpqbmf3yhtep45w/app.bsky.feed.post/3mfyhvv5ai223,0,0,0,0
1d3ea8370ab24533adcb3805206cc4c8,2026-03-01T10:00:00Z,2026-03-01T10:19:50Z,auth,auth_enUS_labelerexp,at://did:plc:tpxky6ccev2nu5dc6zjtfv2d/app.bsky.feed.post/3mfyhlgamtk2m,0,0,0,0
1d3ea8370ab24533adcb3805206cc4c8,2026-03-01T10:00:00Z,2026-03-01T10:19:50Z,auth,auth_enUS_labelerexp,at://did:plc:wsfoeqt2ofw5iabm3y52i7dz/app.bsky.feed.post/3mfyhk5e3s22v,3,1,0,0
1d3ea8370ab24533adcb3805206cc4c8,2026-03-01T10:00:00Z,2026-03-01T10:19:50Z,auth,auth_enUS_labelerexp,at://did:plc:dupb4tixsz5m3ydqiuhoafso/app.bsky.feed.post/3mfyhivsftk2m,1,0,0,0
1d3ea8370ab24533adcb3805206cc4c8,2026-03-01T10:00:00Z,2026-03-01T10:19:50Z,auth,auth_enUS_labelerexp,at://did:plc:zpmkrhw2ui63zfltiycj3jww/app.bsky.feed.post/3mfyhgn6pgs23,1,0,1,0
1d3ea8370ab24533adcb3805206cc4c8,2026-03-01T10:00:00Z,2026-03-01T10:19:50Z,auth,auth_enUS_labelerexp,at://did:plc:3qn4fx76yfxzze4hoprx4zas/app.bsky.feed.post/3mfyhecoemc2l,0,0,0,0
1d3ea8370ab24533adcb3805206cc4c8,2026-03-01T10:00:00Z,2026-03-01T10:19:50Z,auth,auth_enUS_labelerexp,at://did:plc:dm3mpmtafbz3p7bapsafyvrb/app.bsky.feed.post/3mfyhcwwvfs2n,1,0,0,0
1d3ea8370ab24533adcb3805206cc4c8,2026-03-01T10:00:00Z,2026-03-01T10:19:50Z,auth,auth_enUS_labelerexp,at://did:plc:2zzc7n7okzz2zqmibhb6l2dt/app.bsky.feed.post/3mfyhbbi2dk2k,0,0,0,0
1d3ea8370ab24533adcb3805206cc4c8,2026-03-01T10:00:00Z,2026-03-01T10:19:50Z,auth,auth_enUS_labelerexp,at://did:plc:2gwjothouipivsfg225f27k5/app.bsky.feed.post/3mfyh7luppk2a,1,0,0,0
1d3ea8370ab24533adcb3805206cc4c8,2026-03-01T10:00:00Z,2026-03-01T10:19:50Z,auth,auth_enUS_labelerexp,at://did:plc:fv5fjuyntzn6f3yxnd4sgohb/app.bsky.feed.post/3mfygtw52q22c,4,0,1,0
1d3ea8370ab24533adcb3805206cc4c8,2026-03-01T10:00:00Z,2026-03-01T10:19:50Z,auth,auth_enUS_labelerexp,at://did:plc:qxzlklj7odhdglzlz2vqhpwz/app.bsky.feed.post/3mfygr5xokc2p,1,0,1,0
1d3ea8370ab24533adcb3805206cc4c8,2026-03-01T10:00:00Z,2026-03-01T10:19:50Z,auth,auth_enUS_labelerexp,at://did:plc:ak4bqfub5e3gcfr5spmyoy6u/app.bsky.feed.post/3mfygemd2ek2k,0,0,0,0
1d3ea8370ab24533adcb3805206cc4c8,2026-03-01T10:00:00Z,2026-03-01T10:19:50Z,auth,auth_enUS_labelerexp,at://did:plc:onkk4wrihmcneukwfxfclbww/app.bsky.feed.post/3mfygdbxu5s2m,0,0,0,0
1d3ea8370ab24533adcb3805206cc4c8,2026-03-01T10:00:00Z,2026-03-01T10:19:50Z,auth,auth_enUS_labelerexp,at://did:plc:ds3pnewhxg344lj7r6lmzrux/app.bsky.feed.post/3mfygb4g7hc24,0,0,0,0
1d3ea8370ab24533adcb3805206cc4c8,2026-03-01T10:00:00Z,2026-03-01T10:19:50Z,auth,auth_enUS_labelerexp,at://did:plc:onkk4wrihmcneukwfxfclbww/app.bsky.feed.post/3mfyg57qx7c2m,5,0,0,0
1d3ea8370ab24533adcb3805206cc4c8,2026-03-01T10:00:00Z,2026-03-01T10:19:50Z,auth,auth_enUS_labelerexp,at://did:plc:6mqpdjybrclydga4l35tqmva/app.bsky.feed.post/3mfyftw5zsk2g,0,0,0,0
1d3ea8370ab24533adcb3805206cc4c8,2026-03-01T10:00:00Z,2026-03-01T10:19:50Z,auth,auth_enUS_labelerexp,at://did:plc:kcgamy7c7xbwpjtcjxtdf22z/app.bsky.feed.post/3mfyfpozxos2y,1,0,2,0
1d3ea8370ab24533adcb3805206cc4c8,2026-03-01T10:00:00Z,2026-03-01T10:19:50Z,auth,auth_enUS_labelerexp,at://did:plc:mq6b5orhn5i7gsglw2ekhgpq/app.bsky.feed.post/3mfyfgx45cc2b,0,0,0,0
1d3ea8370ab24533adcb3805206cc4c8,2026-03-01T10:00:00Z,2026-03-01T10:19:50Z,auth,auth_enUS_labelerexp,at://did:plc:ejazcagob3gaxzlpzhtxkmr7/app.bsky.feed.post/3mfyfddylbk2i,0,0,0,0
1d3ea8370ab24533adcb3805206cc4c8,2026-03-01T10:00:00Z,2026-03-01T10:19:50Z,auth,auth_enUS_labelerexp,at://did:plc:oex33zupkcplyjtef6g3r45q/app.bsky.feed.post/3mfyfd66zrk2v,0,0,0,0
1d3ea8370ab24533adcb3805206cc4c8,2026-03-01T10:00:00Z,2026-03-01T10:19:50Z,auth,auth_enUS_labelerexp,at://did:plc:seo6zytkylznyj5oxrkt7kxp/app.bsky.feed.post/3mfyf7mmmyk2g,2,0,0,0
1d3ea8370ab24533adcb3805206cc4c8,2026-03-01T10:00:00Z,2026-03-01T10:19:50Z,auth,auth_enUS_labelerexp,at://did:plc:hd3lglpdunp23udga52ksx3q/app.bsky.feed.post/3mfyf2nyhik2u,0,0,0,0
1d3ea8370ab24533adcb3805206cc4c8,2026-03-01T10:00:00Z,2026-03-01T10:19:50Z,auth,auth_enUS_labelerexp,at://did:plc:hxfcavmhxoxxhcfoperdhfj3/app.bsky.feed.post/3mfyet22odk24,2,0,0,0
1d3ea8370ab24533adcb3805206cc4c8,2026-03-01T10:00:00Z,2026-03-01T10:19:50Z,auth,auth_enUS_labelerexp,at://did:plc:r5sdtyq3ftfsr5i4cmbcu2zq/app.bsky.feed.post/3mfyepdfkjk2p,1,0,0,0
1d3ea8370ab24533adcb3805206cc4c8,2026-03-01T10:00:00Z,2026-03-01T10:19:50Z,auth,auth_enUS_labelerexp,at://did:plc:fgyi5lg7xotnlvoantu4m3vw/app.bsky.feed.post/3mfyenhgq6k2t,0,0,0,0
1d3ea8370ab24533adcb3805206cc4c8,2026-03-01T10:00:00Z,2026-03-01T10:19:50Z,auth,auth_enUS_labelerexp,at://did:plc:6tiseflrc6evzykmgqz7e5br/app.bsky.feed.post/3mfyel2b7rc2w,0,0,0,0
1d3ea8370ab24533adcb3805206cc4c8,2026-03-01T10:00:00Z,2026-03-01T10:19:50Z,auth,auth_enUS_labelerexp,at://did:plc:kt34ruanhapk5ej5kzjpgyot/app.bsky.feed.post/3mfyekrnof22j,1,0,0,0
1d3ea8370ab24533adcb3805206cc4c8,2026-03-01T10:00:00Z,2026-03-01T10:19:50Z,auth,auth_enUS_labelerexp,at://did:plc:prqklg55xb5xckgp6t5r7tvf/app.bsky.feed.post/3mfyegsvhkk2m,0,0,1,0
1d3ea8370ab24533adcb3805206cc4c8,2026-03-01T10:00:00Z,2026-03-01T10:19:50Z,auth,auth_enUS_labelerexp,at://did:plc:egv7mnmy6oibyqgips5twhgp/app.bsky.feed.post/3mfye7bzr322l,0,0,0,0
1d3ea8370ab24533adcb3805206cc4c8,2026-03-01T10:00:00Z,2026-03-01T10:19:50Z,auth,auth_enUS_labelerexp,at://did:plc:acw4b3cbo7w5q2cwkg6skvpu/app.bsky.feed.post/3mfye575xgs2q,0,0,0,0
1d3ea8370ab24533adcb3805206cc4c8,2026-03-01T10:00:00Z,2026-03-01T10:19:50Z,auth,auth_enUS_labelerexp,at://did:plc:4p3km7bvqw7yiwgmp7bqbdnn/app.bsky.feed.post/3mfye546ets2w,0,0,0,0
1d3ea8370ab24533adcb3805206cc4c8,2026-03-01T10:00:00Z,2026-03-01T10:19:50Z,auth,auth_enUS_labelerexp,at://did:plc:lrjmhl7zfafqiw4p6vkdcdeq/app.bsky.feed.post/3mfye4cje3r22,0,0,0,0
1d3ea8370ab24533adcb3805206cc4c8,2026-03-01T10:00:00Z,2026-03-01T10:19:50Z,auth,auth_enUS_labelerexp,at://did:plc:o3yy65oofnylaqxjywerrrbj/app.bsky.feed.post/3mfydyfwuys23,0,0,0,0
1d3ea8370ab24533adcb3805206cc4c8,2026-03-01T10:00:00Z,2026-03-01T10:19:50Z,auth,auth_enUS_labelerexp,at://did:plc:llagivk2icxtw5qy3mcztzhj/app.bsky.feed.post/3mfydxt43ws23,0,0,0,0
1d3ea8370ab24533adcb3805206cc4c8,2026-03-01T10:00:00Z,2026-03-01T10:19:50Z,auth,auth_enUS_labelerexp,at://did:plc:3y5vicrhg4ufrdpnwev3vfs3/app.bsky.feed.post/3mfydw523lk22,1,0,0,0
1d3ea8370ab24533adcb3805206cc4c8,2026-03-01T10:00:00Z,2026-03-01T10:19:50Z,auth,auth_enUS_labelerexp,at://did:plc:rmhtscvvdbooxscre4sgcoy4/app.bsky.feed.post/3mfydmkv5n22w,0,0,0,0
1d3ea8370ab24533adcb3805206cc4c8,2026-03-01T10:00:00Z,2026-03-01T10:19:50Z,auth,auth_enUS_labelerexp,at://did:plc:xsufkkln5h6m2errg4gpql5p/app.bsky.feed.post/3mfydjbypf22f,4,0,0,0
1d3ea8370ab24533adcb3805206cc4c8,2026-03-01T10:00:00Z,2026-03-01T10:19:50Z,auth,auth_enUS_labelerexp,at://did:plc:6vviqsfcgd4kcxiapmkqyecb/app.bsky.feed.post/3mfydiiqsts2f,6,0,0,0
1d3ea8370ab24533adcb3805206cc4c8,2026-03-01T10:00:00Z,2026-03-01T10:19:50Z,auth,auth_enUS_labelerexp,at://did:plc:2bzb24izhasrmdn7oaqjzmuh/app.bsky.feed.post/3mfydfq7hu22g,1,0,1,0
1d3ea8370ab24533adcb3805206cc4c8,2026-03-01T10:00:00Z,2026-03-01T10:19:50Z,auth,auth_enUS_labelerexp,at://did:plc:eegtjdgpq45tah5pho3t6bud/app.bsky.feed.post/3mfyd3jsbr22b,0,0,0,0
1d3ea8370ab24533adcb3805206cc4c8,2026-03-01T10:00:00Z,2026-03-01T10:19:50Z,auth,auth_enUS_labelerexp,at://did:plc:pvstmq4ugcnzdpofajlsi6wu/app.bsky.feed.post/3mfyciy2ohc2e,2,0,0,0
1d3ea8370ab24533adcb3805206cc4c8,2026-03-01T10:00:00Z,2026-03-01T10:19:50Z,auth,auth_enUS_labelerexp,at://did:plc:xgyasuzynngimhyqlsaictii/app.bsky.feed.post/3mfycdiz6fs2d,2,0,0,0
1d3ea8370ab24533adcb3805206cc4c8,2026-03-01T10:00:00Z,2026-03-01T10:19:50Z,auth,auth_enUS_labelerexp,at://did:plc:hfkrcw6pnr7pkkfscbee4yfy/app.bsky.feed.post/3mfybx3d32k2c,4,0,1,0
1d3ea8370ab24533adcb3805206cc4c8,2026-03-01T10:00:00Z,2026-03-01T10:19:50Z,auth,auth_enUS_labelerexp,at://did:plc:swqq6s2lnhu3rjwfbtck3i6i/app.bsky.feed.post/3mfybuo6gxk2o,6,0,0,0
1d3ea8370ab24533adcb3805206cc4c8,2026-03-01T10:00:00Z,2026-03-01T10:19:50Z,auth,auth_enUS_labelerexp,at://did:plc:bhsypesz5e2teewoanrxlo67/app.bsky.feed.post/3mfybrencm226,17,0,0,0
