starterpack_uri,slot_index,feed_uri
at://did:plc:32kt7lsk5pgcjkmtptu6sfyc/app.bsky.graph.starterpack/3lr2lbcjrd623,0,at://did:plc:y7crv2yh74s7qhmtx3mvbgv5/app.bsky.feed.generator/art-new
at://did:plc:b457xtdpepvts4asxy2jhs2q/app.bsky.graph.starterpack/3ldln2v2kdg2k,0,at://did:plc:kkf4naxqmweop7dv4l2iqqf5/app.bsky.feed.generator/verified-news
at://did:plc:e5y74ehsyym65lxx2s5xkmla/app.bsky.graph.starterpack/3ljlk4272z42a,0,at://did:plc:vig5txmvxugry3h5x36mcva2/app.bsky.feed.generator/aaac76qrfism2
at://did:plc:e5y74ehsyym65lxx2s5xkmla/app.bsky.graph.starterpack/3ljlk4272z42a,1,at://did:plc:fl67s5eg6pugdspdhnhqexww/app.bsky.feed.generator/iowa
at://did:plc:e5y74ehsyym65lxx2s5xkmla/app.bsky.graph.starterpack/3ljlk4272z42a,2,at://did:plc:qja3ay4iwnowsyjgbn552kbu/app.bsky.feed.generator/aaapwao33ugzi
at://did:plc:e5y74ehsyym65lxx2s5xkmla/app.bsky.graph.starterpack/3ljnxjuwkua2f,0,at://did:plc:4frf5rejem4acajnat3nvp3i/app.bsky.feed.generator/aaab2w7qzvirw
at://did:plc:e5y74ehsyym65lxx2s5xkmla/app.bsky.graph.starterpack/3ljnxjuwkua2f,1,at://did:plc:thklxkv36gnt7oesds423tl3/app.bsky.feed.generator/aaacfoh4arvky
at://did:plc:e5y74ehsyym65lxx2s5xkmla/app.bsky.graph.starterpack/3ljnxjuwkua2f,2,at://did:plc:opfdtdh53uoqo45r4v3y43eb/app.bsky.feed.generator/aaaivj4ygtc6c
at://did:plc:e5y74ehsyym65lxx2s5xkmla/app.bsky.graph.starterpack/3lk2uj3kjye2u,0,at://did:plc:vig5txmvxugry3h5x36mcva2/app.bsky.feed.generator/aaac76qrfism2
at://did:plc:k4ygxco5hestlipl4dfvlenl/app.bsky.graph.starterpack/3ljyhhk7zpc2y,0,at://did:plc:z72i7hdynmk6r22z27h6tvur/app.bsky.feed.generator/with-friends
at://did:plc:k4ygxco5hestlipl4dfvlenl/app.bsky.graph.starterpack/3ljyhhk7zpc2y,1,at://did:plc:z72i7hdynmk6r22z27h6tvur/app.bsky.feed.generator/bsky-team
at://did:plc:k4ygxco5hestlipl4dfvlenl/app.bsky.graph.starterpack/3ljyhhk7zpc2y,2,at://did:plc:z72i7hdynmk6r22z27h6tvur/app.bsky.feed.generator/hot-classic
at://did:plc:k4ygxco5hestlipl4dfvlenl/app.bsky.graph.starterpack/3lk2h5ty4x626,0,at://did:plc:z72i7hdynmk6r22z27h6tvur/app.bsky.feed.generator/with-friends
at://did:plc:k4ygxco5hestlipl4dfvlenl/app.bsky.graph.starterpack/3lk2h5ty4x626,1,at://did:plc:z72i7hdynmk6r22z27h6tvur/app.bsky.feed.generator/bsky-team
at://did:plc:k4ygxco5hestlipl4dfvlenl/app.bsky.graph.starterpack/3lk2h5ty4x626,2,at://did:plc:z72i7hdynmk6r22z27h6tvur/app.bsky.feed.generator/hot-classic
at://did:plc:k4ygxco5hestlipl4dfvlenl/app.bsky.graph.starterpack/3lkgnlldpk326,0,at://did:plc:z72i7hdynmk6r22z27h6tvur/app.bsky.feed.generator/with-friends
at://did:plc:k4ygxco5hestlipl4dfvlenl/app.bsky.graph.starterpack/3lkgnlldpk326,1,at://did:plc:z72i7hdynmk6r22z27h6tvur/app.bsky.feed.generator/bsky-team
at://did:plc:k4ygxco5hestlipl4dfvlenl/app.bsky.graph.starterpack/3lkgnlldpk326,2,at://did:plc:z72i7hdynmk6r22z27h6tvur/app.bsky.feed.generator/hot-classic
at://did:plc:k4ygxco5hestlipl4dfvlenl/app.bsky.graph.starterpack/3lklc4lwopo27,0,at://did:plc:z72i7hdynmk6r22z27h6tvur/app.bsky.feed.generator/with-friends
at://did:plc:k4ygxco5hestlipl4dfvlenl/app.bsky.graph.starterpack/3lklc4lwopo27,1,at://did:plc:z72i7hdynmk6r22z27h6tvur/app.bsky.feed.generator/bsky-team
at://did:plc:k4ygxco5hestlipl4dfvlenl/app.bsky.graph.starterpack/3lklc4lwopo27,2,at://did:plc:z72i7hdynmk6r22z27h6tvur/app.bsky.feed.generator/hot-classic
at://did:plc:k4ygxco5hestlipl4dfvlenl/app.bsky.graph.starterpack/3lkw76mfe6f2a,0,at://did:plc:z72i7hdynmk6r22z27h6tvur/app.bsky.feed.generator/with-friends
at://did:plc:k4ygxco5hestlipl4dfvlenl/app.bsky.graph.starterpack/3lkw76mfe6f2a,1,at://did:plc:z72i7hdynmk6r22z27h6tvur/app.bsky.feed.generator/bsky-team
at://did:plc:k4ygxco5hestlipl4dfvlenl/app.bsky.graph.starterpack/3lkw76mfe6f2a,2,at://did:plc:z72i7hdynmk6r22z27h6tvur/app.bsky.feed.generator/hot-classic
at://did:plc:k4ygxco5hestlipl4dfvlenl/app.bsky.graph.starterpack/3ll4ursxmwe2f,0,at://did:plc:z72i7hdynmk6r22z27h6tvur/app.bsky.feed.generator/with-friends
at://did:plc:k4ygxco5hestlipl4dfvlenl/app.bsky.graph.starterpack/3ll4ursxmwe2f,1,at://did:plc:z72i7hdynmk6r22z27h6tvur/app.bsky.feed.generator/bsky-team
at://did:plc:k4ygxco5hestlipl4dfvlenl/app.bsky.graph.starterpack/3ll4ursxmwe2f,2,at://did:plc:z72i7hdynmk6r22z27h6tvur/app.bsky.feed.generator/hot-classic
at://did:plc:k4ygxco5hestlipl4dfvlenl/app.bsky.graph.starterpack/3ll7wr43zcb2g,0,at://did:plc:z72i7hdynmk6r22z27h6tvur/app.bsky.feed.generator/with-friends
at://did:plc:k4ygxco5hestlipl4dfvlenl/app.bsky.graph.starterpack/3ll7wr43zcb2g,1,at://did:plc:z72i7hdynmk6r22z27h6tvur/app.bsky.feed.generator/bsky-team
at://did:plc:k4ygxco5hestlipl4dfvlenl/app.bsky.graph.starterpack/3llgzfpkfv527,0,at://did:plc:z72i7hdynmk6r22z27h6tvur/app.bsky.feed.generator/with-friends
at://did:plc:k4ygxco5hestlipl4dfvlenl/app.bsky.graph.starterpack/3llgzfpkfv527,1,at://did:plc:z72i7hdynmk6r22z27h6tvur/app.bsky.feed.generator/bsky-team
at://did:plc:k4ygxco5hestlipl4dfvlenl/app.bsky.graph.starterpack/3llhysr7zck2n,0,at://did:plc:z72i7hdynmk6r22z27h6tvur/app.bsky.feed.generator/with-friends
at://did:plc:k4ygxco5hestlipl4dfvlenl/app.bsky.graph.starterpack/3llhysr7zck2n,1,at://did:plc:z72i7hdynmk6r22z27h6tvur/app.bsky.feed.generator/bsky-team
at://did:plc:k4ygxco5hestlipl4dfvlenl/app.bsky.graph.starterpack/3llhysr7zck2n,2,at://did:plc:z72i7hdynmk6r22z27h6tvur/app.bsky.feed.generator/hot-classic
at://did:plc:k4ygxco5hestlipl4dfvlenl/app.bsky.graph.starterpack/3lln77qwc2i2i,0,at://did:plc:z72i7hdynmk6r22z27h6tvur/app.bsky.feed.generator/with-friends
at://did:plc:k4ygxco5hestlipl4dfvlenl/app.bsky.graph.starterpack/3lln77qwc2i2i,1,at://did:plc:z72i7hdynmk6r22z27h6tvur/app.bsky.feed.generator/bsky-team
at://did:plc:k4ygxco5hestlipl4dfvlenl/app.bsky.graph.starterpack/3lln77qwc2i2i,2,at://did:plc:z72i7hdynmk6r22z27h6tvur/app.bsky.feed.generator/hot-classic
at://did:plc:k4ygxco5hestlipl4dfvlenl/app.bsky.graph.starterpack/3llrhzwzxhr2g,0,at://did:plc:z72i7hdynmk6r22z27h6tvur/app.bsky.feed.generator/with-friends
at://did:plc:k4ygxco5hestlipl4dfvlenl/app.bsky.graph.starterpack/3llrhzwzxhr2g,1,at://did:plc:z72i7hdynmk6r22z27h6tvur/app.bsky.feed.generator/bsky-team
at://did:plc:k4ygxco5hestlipl4dfvlenl/app.bsky.graph.starterpack/3llrhzwzxhr2g,2,at://did:plc:z72i7hdynmk6r22z27h6tvur/app.bsky.feed.generator/hot-classic
at://did:plc:k4ygxco5hestlipl4dfvlenl/app.bsky.graph.starterpack/3llugjcj7xh2s,0,at://did:plc:z72i7hdynmk6r22z27h6tvur/app.bsky.feed.generator/with-friends
at://did:plc:k4ygxco5hestlipl4dfvlenl/app.bsky.graph.starterpack/3llugjcj7xh2s,1,at://did:plc:z72i7hdynmk6r22z27h6tvur/app.bsky.feed.generator/bsky-team
at://did:plc:k4ygxco5hestlipl4dfvlenl/app.bsky.graph.starterpack/3llugjcj7xh2s,2,at://did:plc:z72i7hdynmk6r22z27h6tvur/app.bsky.feed.generator/hot-classic
at://did:plc:k4ygxco5hestlipl4dfvlenl/app.bsky.graph.starterpack/3llw7am6n4k2q,0,at://did:plc:z72i7hdynmk6r22z27h6tvur/app.bsky.feed.generator/with-friends
at://did:plc:k4ygxco5hestlipl4dfvlenl/app.bsky.graph.starterpack/3llw7am6n4k2q,1,at://did:plc:z72i7hdynmk6r22z27h6tvur/app.bsky.feed.generator/bsky-team
at://did:plc:k4ygxco5hestlipl4dfvlenl/app.bsky.graph.starterpack/3llw7am6n4k2q,2,at://did:plc:z72i7hdynmk6r22z27h6tvur/app.bsky.feed.generator/hot-classic
at://did:plc:k4ygxco5hestlipl4dfvlenl/app.bsky.graph.starterpack/3llwpdyw64h2q,0,at://did:plc:z72i7hdynmk6r22z27h6tvur/app.bsky.feed.generator/with-friends
at://did:plc:k4ygxco5hestlipl4dfvlenl/app.bsky.graph.starterpack/3llwpdyw64h2q,1,at://did:plc:z72i7hdynmk6r22z27h6tvur/app.bsky.feed.generator/bsky-team
at://did:plc:k4ygxco5hestlipl4dfvlenl/app.bsky.graph.starterpack/3llwpdyw64h2q,2,at://did:plc:z72i7hdynmk6r22z27h6tvur/app.bsky.feed.generator/hot-classic
at://did:plc:k4ygxco5hestlipl4dfvlenl/app.bsky.graph.starterpack/3llyujwa7dt2q,0,at://did:plc:z72i7hdynmk6r22z27h6tvur/app.bsky.feed.generator/with-friends
at://did:plc:k4ygxco5hestlipl4dfvlenl/app.bsky.graph.starterpack/3llyujwa7dt2q,1,at://did:plc:z72i7hdynmk6r22z27h6tvur/app.bsky.feed.generator/bsky-team
at://did:plc:k4ygxco5hestlipl4dfvlenl/app.bsky.graph.starterpack/3llyujwa7dt2q,2,at://did:plc:z72i7hdynmk6r22z27h6tvur/app.bsky.feed.generator/hot-classic
at://did:plc:k4ygxco5hestlipl4dfvlenl/app.bsky.graph.starterpack/3llzp2n4qpo2q,0,at://did:plc:z72i7hdynmk6r22z27h6tvur/app.bsky.feed.generator/with-friends
at://did:plc:k4ygxco5hestlipl4dfvlenl/app.bsky.graph.starterpack/3llzp2n4qpo2q,1,at://did:plc:z72i7hdynmk6r22z27h6tvur/app.bsky.feed.generator/bsky-team
at://did:plc:k4ygxco5hestlipl4dfvlenl/app.bsky.graph.starterpack/3llzp2n4qpo2q,2,at://did:plc:z72i7hdynmk6r22z27h6tvur/app.bsky.feed.generator/hot-classic
at://did:plc:k4ygxco5hestlipl4dfvlenl/app.bsky.graph.starterpack/3lm6iq3fjzx2s,0,at://did:plc:z72i7hdynmk6r22z27h6tvur/app.bsky.feed.generator/with-friends
at://did:plc:k4ygxco5hestlipl4dfvlenl/app.bsky.graph.starterpack/3lm6iq3fjzx2s,1,at://did:plc:z72i7hdynmk6r22z27h6tvur/app.bsky.feed.generator/bsky-team
at://did:plc:k4ygxco5hestlipl4dfvlenl/app.bsky.graph.starterpack/3lm6iq3fjzx2s,2,at://did:plc:z72i7hdynmk6r22z27h6tvur/app.bsky.feed.generator/hot-classic
at://did:plc:k4ygxco5hestlipl4dfvlenl/app.bsky.graph.starterpack/3lmatantsqv2z,0,at://did:plc:z72i7hdynmk6r22z27h6tvur/app.bsky.feed.generator/with-friends
at://did:plc:k4ygxco5hestlipl4dfvlenl/app.bsky.graph.starterpack/3lmatantsqv2z,1,at://did:plc:z72i7hdynmk6r22z27h6tvur/app.bsky.feed.generator/bsky-team
at://did:plc:k4ygxco5hestlipl4dfvlenl/app.bsky.graph.starterpack/3lmatantsqv2z,2,at://did:plc:z72i7hdynmk6r22z27h6tvur/app.bsky.feed.generator/hot-classic
at://did:plc:k4ygxco5hestlipl4dfvlenl/app.bsky.graph.starterpack/3lmdhzhbtkj2g,0,at://did:plc:z72i7hdynmk6r22z27h6tvur/app.bsky.feed.generator/with-friends
at://did:plc:k4ygxco5hestlipl4dfvlenl/app.bsky.graph.starterpack/3lmdhzhbtkj2g,1,at://did:plc:z72i7hdynmk6r22z27h6tvur/app.bsky.feed.generator/bsky-team
at://did:plc:k4ygxco5hestlipl4dfvlenl/app.bsky.graph.starterpack/3lmdhzhbtkj2g,2,at://did:plc:z72i7hdynmk6r22z27h6tvur/app.bsky.feed.generator/hot-classic
at://did:plc:k4ygxco5hestlipl4dfvlenl/app.bsky.graph.starterpack/3lmiatlnnea2g,0,at://did:plc:z72i7hdynmk6r22z27h6tvur/app.bsky.feed.generator/with-friends
at://did:plc:k4ygxco5hestlipl4dfvlenl/app.bsky.graph.starterpack/3lmiatlnnea2g,1,at://did:plc:z72i7hdynmk6r22z27h6tvur/app.bsky.feed.generator/bsky-team
at://did:plc:k4ygxco5hestlipl4dfvlenl/app.bsky.graph.starterpack/3lmiatlnnea2g,2,at://did:plc:z72i7hdynmk6r22z27h6tvur/app.bsky.feed.generator/hot-classic
at://did:plc:k4ygxco5hestlipl4dfvlenl/app.bsky.graph.starterpack/3lmkpmmwmjz2z,0,at://did:plc:z72i7hdynmk6r22z27h6tvur/app.bsky.feed.generator/with-friends
at://did:plc:k4ygxco5hestlipl4dfvlenl/app.bsky.graph.starterpack/3lmkpmmwmjz2z,1,at://did:plc:z72i7hdynmk6r22z27h6tvur/app.bsky.feed.generator/bsky-team
at://did:plc:k4ygxco5hestlipl4dfvlenl/app.bsky.graph.starterpack/3lmkpmmwmjz2z,2,at://did:plc:z72i7hdynmk6r22z27h6tvur/app.bsky.feed.generator/hot-classic
at://did:plc:k4ygxco5hestlipl4dfvlenl/app.bsky.graph.starterpack/3lml4kcdjnq2s,0,at://did:plc:z72i7hdynmk6r22z27h6tvur/app.bsky.feed.generator/with-friends
at://did:plc:k4ygxco5hestlipl4dfvlenl/app.bsky.graph.starterpack/3lml4kcdjnq2s,1,at://did:plc:z72i7hdynmk6r22z27h6tvur/app.bsky.feed.generator/bsky-team
at://did:plc:k4ygxco5hestlipl4dfvlenl/app.bsky.graph.starterpack/3lml4kcdjnq2s,2,at://did:plc:z72i7hdynmk6r22z27h6tvur/app.bsky.feed.generator/hot-classic
at://did:plc:k4ygxco5hestlipl4dfvlenl/app.bsky.graph.starterpack/3lmpxctkdel2e,0,at://did:plc:z72i7hdynmk6r22z27h6tvur/app.bsky.feed.generator/with-friends
at://did:plc:k4ygxco5hestlipl4dfvlenl/app.bsky.graph.starterpack/3lmpxctkdel2e,1,at://did:plc:z72i7hdynmk6r22z27h6tvur/app.bsky.feed.generator/bsky-team
at://did:plc:k4ygxco5hestlipl4dfvlenl/app.bsky.graph.starterpack/3lmpxctkdel2e,2,at://did:plc:z72i7hdynmk6r22z27h6tvur/app.bsky.feed.generator/hot-classic
at://did:plc:k4ygxco5hestlipl4dfvlenl/app.bsky.graph.starterpack/3lmqhnbk3ns2f,0,at://did:plc:z72i7hdynmk6r22z27h6tvur/app.bsky.feed.generator/with-friends
at://did:plc:k4ygxco5hestlipl4dfvlenl/app.bsky.graph.starterpack/3lmqhnbk3ns2f,1,at://did:plc:z72i7hdynmk6r22z27h6tvur/app.bsky.feed.generator/bsky-team
at://did:plc:k4ygxco5hestlipl4dfvlenl/app.bsky.graph.starterpack/3lmqhnbk3ns2f,2,at://did:plc:z72i7hdynmk6r22z27h6tvur/app.bsky.feed.generator/hot-classic
at://did:plc:k4ygxco5hestlipl4dfvlenl/app.bsky.graph.starterpack/3lmsfcmuuiu2c,0,at://did:plc:z72i7hdynmk6r22z27h6tvur/app.bsky.feed.generator/with-friends
at://did:plc:k4ygxco5hestlipl4dfvlenl/app.bsky.graph.starterpack/3lmsfcmuuiu2c,1,at://did:plc:z72i7hdynmk6r22z27h6tvur/app.bsky.feed.generator/bsky-team
at://did:plc:k4ygxco5hestlipl4dfvlenl/app.bsky.graph.starterpack/3lmsfcmuuiu2c,2,at://did:plc:z72i7hdynmk6r22z27h6tvur/app.bsky.feed.generator/hot-classic
at://did:plc:k4ygxco5hestlipl4dfvlenl/app.bsky.graph.starterpack/3lmsxrlhtau2l,0,at://did:plc:z72i7hdynmk6r22z27h6tvur/app.bsky.feed.generator/with-friends
at://did:plc:k4ygxco5hestlipl4dfvlenl/app.bsky.graph.starterpack/3lmsxrlhtau2l,1,at://did:plc:z72i7hdynmk6r22z27h6tvur/app.bsky.feed.generator/bsky-team
at://did:plc:k4ygxco5hestlipl4dfvlenl/app.bsky.graph.starterpack/3lmsxrlhtau2l,2,at://did:plc:z72i7hdynmk6r22z27h6tvur/app.bsky.feed.generator/hot-classic
at://did:plc:k4ygxco5hestlipl4dfvlenl/app.bsky.graph.starterpack/3lmvbinhq7n2d,0,at://did:plc:z72i7hdynmk6r22z27h6tvur/app.bsky.feed.generator/with-friends
at://did:plc:k4ygxco5hestlipl4dfvlenl/app.bsky.graph.starterpack/3lmvbinhq7n2d,1,at://did:plc:z72i7hdynmk6r22z27h6tvur/app.bsky.feed.generator/bsky-team
at://did:plc:k4ygxco5hestlipl4dfvlenl/app.bsky.graph.starterpack/3lmvbinhq7n2d,2,at://did:plc:z72i7hdynmk6r22z27h6tvur/app.bsky.feed.generator/hot-classic
at://did:plc:k4ygxco5hestlipl4dfvlenl/app.bsky.graph.starterpack/3lmxmsiamo42f,0,at://did:plc:z72i7hdynmk6r22z27h6tvur/app.bsky.feed.generator/with-friends
at://did:plc:k4ygxco5hestlipl4dfvlenl/app.bsky.graph.starterpack/3lmxmsiamo42f,1,at://did:plc:z72i7hdynmk6r22z27h6tvur/app.bsky.feed.generator/bsky-team
at://did:plc:k4ygxco5hestlipl4dfvlenl/app.bsky.graph.starterpack/3lmxmsiamo42f,2,at://did:plc:z72i7hdynmk6r22z27h6tvur/app.bsky.feed.generator/hot-classic
at://did:plc:k4ygxco5hestlipl4dfvlenl/app.bsky.graph.starterpack/3lmzrp235pu2y,0,at://did:plc:z72i7hdynmk6r22z27h6tvur/app.bsky.feed.generator/with-friends
at://did:plc:k4ygxco5hestlipl4dfvlenl/app.bsky.graph.starterpack/3lmzrp235pu2y,1,at://did:plc:z72i7hdynmk6r22z27h6tvur/app.bsky.feed.generator/bsky-team
at://did:plc:k4ygxco5hestlipl4dfvlenl/app.bsky.graph.starterpack/3lmzrp235pu2y,2,at://did:plc:z72i7hdynmk6r22z27h6tvur/app.bsky.feed.generator/hot-classic
at://did:plc:k4ygxco5hestlipl4dfvlenl/app.bsky.graph.starterpack/3lnaxbxjxna2s,0,at://did:plc:z72i7hdynmk6r22z27h6tvur/app.bsky.feed.generator/with-friends
at://did:plc:k4ygxco5hestlipl4dfvlenl/app.bsky.graph.starterpack/3lnaxbxjxna2s,1,at://did:plc:z72i7hdynmk6r22z27h6tvur/app.bsky.feed.generator/bsky-team
at://did:plc:k4ygxco5hestlipl4dfvlenl/app.bsky.graph.starterpack/3lnaxbxjxna2s,2,at://did:plc:z72i7hdynmk6r22z27h6tvur/app.bsky.feed.generator/hot-classic
at://did:plc:k4ygxco5hestlipl4dfvlenl/app.bsky.graph.starterpack/3lnbjurlzt22q,0,at://did:plc:z72i7hdynmk6r22z27h6tvur/app.bsky.feed.generator/with-friends
at://did:plc:k4ygxco5hestlipl4dfvlenl/app.bsky.graph.starterpack/3lnbjurlzt22q,1,at://did:plc:z72i7hdynmk6r22z27h6tvur/app.bsky.feed.generator/bsky-team
at://did:plc:k4ygxco5hestlipl4dfvlenl/app.bsky.graph.starterpack/3lnbjurlzt22q,2,at://did:plc:z72i7hdynmk6r22z27h6tvur/app.bsky.feed.generator/hot-classic
at://did:plc:k4ygxco5hestlipl4dfvlenl/app.bsky.graph.starterpack/3lng74qag5q2c,0,at://did:plc:z72i7hdynmk6r22z27h6tvur/app.bsky.feed.generator/with-friends
at://did:plc:k4ygxco5hestlipl4dfvlenl/app.bsky.graph.starterpack/3lng74qag5q2c,1,at://did:plc:z72i7hdynmk6r22z27h6tvur/app.bsky.feed.generator/bsky-team
at://did:plc:k4ygxco5hestlipl4dfvlenl/app.bsky.graph.starterpack/3lng74qag5q2c,2,at://did:plc:z72i7hdynmk6r22z27h6tvur/app.bsky.feed.generator/hot-classic
at://did:plc:k4ygxco5hestlipl4dfvlenl/app.bsky.graph.starterpack/3lngxu6b5bs2a,0,at://did:plc:z72i7hdynmk6r22z27h6tvur/app.bsky.feed.generator/with-friends
at://did:plc:k4ygxco5hestlipl4dfvlenl/app.bsky.graph.starterpack/3lngxu6b5bs2a,1,at://did:plc:z72i7hdynmk6r22z27h6tvur/app.bsky.feed.generator/bsky-team
at://did:plc:k4ygxco5hestlipl4dfvlenl/app.bsky.graph.starterpack/3lngxu6b5bs2a,2,at://did:plc:z72i7hdynmk6r22z27h6tvur/app.bsky.feed.generator/hot-classic
at://did:plc:k4ygxco5hestlipl4dfvlenl/app.bsky.graph.starterpack/3lniutijsb52s,0,at://did:plc:z72i7hdynmk6r22z27h6tvur/app.bsky.feed.generator/with-friends
at://did:plc:k4ygxco5hestlipl4dfvlenl/app.bsky.graph.starterpack/3lniutijsb52s,1,at://did:plc:z72i7hdynmk6r22z27h6tvur/app.bsky.feed.generator/bsky-team
at://did:plc:k4ygxco5hestlipl4dfvlenl/app.bsky.graph.starterpack/3lniutijsb52s,2,at://did:plc:z72i7hdynmk6r22z27h6tvur/app.bsky.feed.generator/hot-classic
at://did:plc:k4ygxco5hestlipl4dfvlenl/app.bsky.graph.starterpack/3lnlc7lwfup2f,0,at://did:plc:z72i7hdynmk6r22z27h6tvur/app.bsky.feed.generator/with-friends
at://did:plc:k4ygxco5hestlipl4dfvlenl/app.bsky.graph.starterpack/3lnlc7lwfup2f,1,at://did:plc:z72i7hdynmk6r22z27h6tvur/app.bsky.feed.generator/bsky-team
at://did:plc:k4ygxco5hestlipl4dfvlenl/app.bsky.graph.starterpack/3lnlc7lwfup2f,2,at://did:plc:z72i7hdynmk6r22z27h6tvur/app.bsky.feed.generator/hot-classic
at://did:plc:k4ygxco5hestlipl4dfvlenl/app.bsky.graph.starterpack/3lnnror7nae2e,0,at://did:plc:z72i7hdynmk6r22z27h6tvur/app.bsky.feed.generator/with-friends
at://did:plc:k4ygxco5hestlipl4dfvlenl/app.bsky.graph.starterpack/3lnnror7nae2e,1,at://did:plc:z72i7hdynmk6r22z27h6tvur/app.bsky.feed.generator/bsky-team
at://did:plc:k4ygxco5hestlipl4dfvlenl/app.bsky.graph.starterpack/3lnnror7nae2e,2,at://did:plc:z72i7hdynmk6r22z27h6tvur/app.bsky.feed.generator/hot-classic
at://did:plc:k4ygxco5hestlipl4dfvlenl/app.bsky.graph.starterpack/3lnogcpkqp32d,0,at://did:plc:z72i7hdynmk6r22z27h6tvur/app.bsky.feed.generator/with-friends
at://did:plc:k4ygxco5hestlipl4dfvlenl/app.bsky.graph.starterpack/3lnogcpkqp32d,1,at://did:plc:z72i7hdynmk6r22z27h6tvur/app.bsky.feed.generator/bsky-team
at://did:plc:k4ygxco5hestlipl4dfvlenl/app.bsky.graph.starterpack/3lnogcpkqp32d,2,at://did:plc:z72i7hdynmk6r22z27h6tvur/app.bsky.feed.generator/hot-classic
at://did:plc:k4ygxco5hestlipl4dfvlenl/app.bsky.graph.starterpack/3lnq4r7psxe2k,0,at://did:plc:z72i7hdynmk6r22z27h6tvur/app.bsky.feed.generator/with-friends
at://did:plc:k4ygxco5hestlipl4dfvlenl/app.bsky.graph.starterpack/3lnq4r7psxe2k,1,at://did:plc:z72i7hdynmk6r22z27h6tvur/app.bsky.feed.generator/bsky-team
at://did:plc:k4ygxco5hestlipl4dfvlenl/app.bsky.graph.starterpack/3lnq4r7psxe2k,2,at://did:plc:z72i7hdynmk6r22z27h6tvur/app.bsky.feed.generator/hot-classic
at://did:plc:k4ygxco5hestlipl4dfvlenl/app.bsky.graph.starterpack/3lnv5ae6yzr2c,0,at://did:plc:z72i7hdynmk6r22z27h6tvur/app.bsky.feed.generator/with-friends
at://did:plc:k4ygxco5hestlipl4dfvlenl/app.bsky.graph.starterpack/3lnv5ae6yzr2c,1,at://did:plc:z72i7hdynmk6r22z27h6tvur/app.bsky.feed.generator/bsky-team
at://did:plc:k4ygxco5hestlipl4dfvlenl/app.bsky.graph.starterpack/3lnv5ae6yzr2c,2,at://did:plc:z72i7hdynmk6r22z27h6tvur/app.bsky.feed.generator/hot-classic
at://did:plc:k4ygxco5hestlipl4dfvlenl/app.bsky.graph.starterpack/3lnvxb5sglt2c,0,at://did:plc:z72i7hdynmk6r22z27h6tvur/app.bsky.feed.generator/with-friends
at://did:plc:k4ygxco5hestlipl4dfvlenl/app.bsky.graph.starterpack/3lnvxb5sglt2c,1,at://did:plc:z72i7hdynmk6r22z27h6tvur/app.bsky.feed.generator/bsky-team
at://did:plc:k4ygxco5hestlipl4dfvlenl/app.bsky.graph.starterpack/3lnvxb5sglt2c,2,at://did:plc:z72i7hdynmk6r22z27h6tvur/app.bsky.feed.generator/hot-classic
at://did:plc:k4ygxco5hestlipl4dfvlenl/app.bsky.graph.starterpack/3lnxz7guyrp2f,0,at://did:plc:z72i7hdynmk6r22z27h6tvur/app.bsky.feed.generator/with-friends
at://did:plc:k4ygxco5hestlipl4dfvlenl/app.bsky.graph.starterpack/3lnxz7guyrp2f,1,at://did:plc:z72i7hdynmk6r22z27h6tvur/app.bsky.feed.generator/bsky-team
at://did:plc:k4ygxco5hestlipl4dfvlenl/app.bsky.graph.starterpack/3lnxz7guyrp2f,2,at://did:plc:z72i7hdynmk6r22z27h6tvur/app.bsky.feed.generator/hot-classic
at://did:plc:k4ygxco5hestlipl4dfvlenl/app.bsky.graph.starterpack/3lo2dqtbevh22,0,at://did:plc:z72i7hdynmk6r22z27h6tvur/app.bsky.feed.generator/with-friends
at://did:plc:k4ygxco5hestlipl4dfvlenl/app.bsky.graph.starterpack/3lo2dqtbevh22,1,at://did:plc:z72i7hdynmk6r22z27h6tvur/app.bsky.feed.generator/bsky-team
at://did:plc:k4ygxco5hestlipl4dfvlenl/app.bsky.graph.starterpack/3lo2dqtbevh22,2,at://did:plc:z72i7hdynmk6r22z27h6tvur/app.bsky.feed.generator/hot-classic
at://did:plc:k4ygxco5hestlipl4dfvlenl/app.bsky.graph.starterpack/3lo532vga362d,0,at://did:plc:z72i7hdynmk6r22z27h6tvur/app.bsky.feed.generator/with-friends
at://did:plc:k4ygxco5hestlipl4dfvlenl/app.bsky.graph.starterpack/3lo532vga362d,1,at://did:plc:z72i7hdynmk6r22z27h6tvur/app.bsky.feed.generator/bsky-team
at://did:plc:k4ygxco5hestlipl4dfvlenl/app.bsky.graph.starterpack/3lo532vga362d,2,at://did:plc:z72i7hdynmk6r22z27h6tvur/app.bsky.feed.generator/hot-classic
at://did:plc:k4ygxco5hestlipl4dfvlenl/app.bsky.graph.starterpack/3lo7qgejtzl2h,0,at://did:plc:z72i7hdynmk6r22z27h6tvur/app.bsky.feed.generator/with-friends
at://did:plc:k4ygxco5hestlipl4dfvlenl/app.bsky.graph.starterpack/3lo7qgejtzl2h,1,at://did:plc:z72i7hdynmk6r22z27h6tvur/app.bsky.feed.generator/bsky-team
at://did:plc:k4ygxco5hestlipl4dfvlenl/app.bsky.graph.starterpack/3lo7qgejtzl2h,2,at://did:plc:z72i7hdynmk6r22z27h6tvur/app.bsky.feed.generator/hot-classic
at://did:plc:k4ygxco5hestlipl4dfvlenl/app.bsky.graph.starterpack/3lobslnmeei2a,0,at://did:plc:z72i7hdynmk6r22z27h6tvur/app.bsky.feed.generator/with-friends
at://did:plc:k4ygxco5hestlipl4dfvlenl/app.bsky.graph.starterpack/3lobslnmeei2a,1,at://did:plc:z72i7hdynmk6r22z27h6tvur/app.bsky.feed.generator/bsky-team
at://did:plc:k4ygxco5hestlipl4dfvlenl/app.bsky.graph.starterpack/3lobslnmeei2a,2,at://did:plc:z72i7hdynmk6r22z27h6tvur/app.bsky.feed.generator/hot-classic
at://did:plc:k4ygxco5hestlipl4dfvlenl/app.bsky.graph.starterpack/3local5mt5z2y,0,at://did:plc:z72i7hdynmk6r22z27h6tvur/app.bsky.feed.generator/with-friends
at://did:plc:k4ygxco5hestlipl4dfvlenl/app.bsky.graph.starterpack/3local5mt5z2y,1,at://did:plc:z72i7hdynmk6r22z27h6tvur/app.bsky.feed.generator/bsky-team
at://did:plc:k4ygxco5hestlipl4dfvlenl/app.bsky.graph.starterpack/3local5mt5z2y,2,at://did:plc:z72i7hdynmk6r22z27h6tvur/app.bsky.feed.generator/hot-classic
at://did:plc:k4ygxco5hestlipl4dfvlenl/app.bsky.graph.starterpack/3loeeykrtpt2a,0,at://did:plc:z72i7hdynmk6r22z27h6tvur/app.bsky.feed.generator/with-friends
at://did:plc:k4ygxco5hestlipl4dfvlenl/app.bsky.graph.starterpack/3loeeykrtpt2a,1,at://did:plc:z72i7hdynmk6r22z27h6tvur/app.bsky.feed.generator/bsky-team
at://did:plc:k4ygxco5hestlipl4dfvlenl/app.bsky.graph.starterpack/3loeeykrtpt2a,2,at://did:plc:z72i7hdynmk6r22z27h6tvur/app.bsky.feed.generator/hot-classic
at://did:plc:k4ygxco5hestlipl4dfvlenl/app.bsky.graph.starterpack/3loejybskiw2a,0,at://did:plc:z72i7hdynmk6r22z27h6tvur/app.bsky.feed.generator/with-friends
at://did:plc:k4ygxco5hestlipl4dfvlenl/app.bsky.graph.starterpack/3loejybskiw2a,1,at://did:plc:z72i7hdynmk6r22z27h6tvur/app.bsky.feed.generator/bsky-team
at://did:plc:k4ygxco5hestlipl4dfvlenl/app.bsky.graph.starterpack/3loejybskiw2a,2,at://did:plc:z72i7hdynmk6r22z27h6tvur/app.bsky.feed.generator/hot-classic
at://did:plc:k4ygxco5hestlipl4dfvlenl/app.bsky.graph.starterpack/3logna6qw6f2i,0,at://did:plc:z72i7hdynmk6r22z27h6tvur/app.bsky.feed.generator/with-friends
at://did:plc:k4ygxco5hestlipl4dfvlenl/app.bsky.graph.starterpack/3logna6qw6f2i,1,at://did:plc:z72i7hdynmk6r22z27h6tvur/app.bsky.feed.generator/bsky-team
at://did:plc:k4ygxco5hestlipl4dfvlenl/app.bsky.graph.starterpack/3logna6qw6f2i,2,at://did:plc:z72i7hdynmk6r22z27h6tvur/app.bsky.feed.generator/hot-classic
at://did:plc:k4ygxco5hestlipl4dfvlenl/app.bsky.graph.starterpack/3lohd6exefw2s,0,at://did:plc:z72i7hdynmk6r22z27h6tvur/app.bsky.feed.generator/with-friends
at://did:plc:k4ygxco5hestlipl4dfvlenl/app.bsky.graph.starterpack/3lohd6exefw2s,1,at://did:plc:z72i7hdynmk6r22z27h6tvur/app.bsky.feed.generator/bsky-team
at://did:plc:k4ygxco5hestlipl4dfvlenl/app.bsky.graph.starterpack/3lohd6exefw2s,2,at://did:plc:z72i7hdynmk6r22z27h6tvur/app.bsky.feed.generator/hot-classic
at://did:plc:k4ygxco5hestlipl4dfvlenl/app.bsky.graph.starterpack/3lojh6eoiry24,0,at://did:plc:z72i7hdynmk6r22z27h6tvur/app.bsky.feed.generator/with-friends
at://did:plc:k4ygxco5hestlipl4dfvlenl/app.bsky.graph.starterpack/3lojh6eoiry24,1,at://did:plc:z72i7hdynmk6r22z27h6tvur/app.bsky.feed.generator/bsky-team
at://did:plc:k4ygxco5hestlipl4dfvlenl/app.bsky.graph.starterpack/3lojh6eoiry24,2,at://did:plc:z72i7hdynmk6r22z27h6tvur/app.bsky.feed.generator/hot-classic
at://did:plc:k4ygxco5hestlipl4dfvlenl/app.bsky.graph.starterpack/3lok35n2diz2y,0,at://did:plc:z72i7hdynmk6r22z27h6tvur/app.bsky.feed.generator/with-friends
at://did:plc:k4ygxco5hestlipl4dfvlenl/app.bsky.graph.starterpack/3lok35n2diz2y,1,at://did:plc:z72i7hdynmk6r22z27h6tvur/app.bsky.feed.generator/bsky-team
at://did:plc:k4ygxco5hestlipl4dfvlenl/app.bsky.graph.starterpack/3lok35n2diz2y,2,at://did:plc:z72i7hdynmk6r22z27h6tvur/app.bsky.feed.generator/hot-classic
at://did:plc:k4ygxco5hestlipl4dfvlenl/app.bsky.graph.starterpack/3looqgxl5zy24,0,at://did:plc:z72i7hdynmk6r22z27h6tvur/app.bsky.feed.generator/with-friends
at://did:plc:k4ygxco5hestlipl4dfvlenl/app.bsky.graph.starterpack/3looqgxl5zy24,1,at://did:plc:z72i7hdynmk6r22z27h6tvur/app.bsky.feed.generator/bsky-team
at://did:plc:k4ygxco5hestlipl4dfvlenl/app.bsky.graph.starterpack/3looqgxl5zy24,2,at://did:plc:z72i7hdynmk6r22z27h6tvur/app.bsky.feed.generator/hot-classic
at://did:plc:k4ygxco5hestlipl4dfvlenl/app.bsky.graph.starterpack/3loqybgpxug24,0,at://did:plc:z72i7hdynmk6r22z27h6tvur/app.bsky.feed.generator/with-friends
at://did:plc:k4ygxco5hestlipl4dfvlenl/app.bsky.graph.starterpack/3loqybgpxug24,1,at://did:plc:z72i7hdynmk6r22z27h6tvur/app.bsky.feed.generator/bsky-team
at://did:plc:k4ygxco5hestlipl4dfvlenl/app.bsky.graph.starterpack/3loqybgpxug24,2,at://did:plc:z72i7hdynmk6r22z27h6tvur/app.bsky.feed.generator/hot-classic
at://did:plc:k4ygxco5hestlipl4dfvlenl/app.bsky.graph.starterpack/3lorjondels22,0,at://did:plc:z72i7hdynmk6r22z27h6tvur/app.bsky.feed.generator/with-friends
at://did:plc:k4ygxco5hestlipl4dfvlenl/app.bsky.graph.starterpack/3lorjondels22,1,at://did:plc:z72i7hdynmk6r22z27h6tvur/app.bsky.feed.generator/bsky-team
at://did:plc:k4ygxco5hestlipl4dfvlenl/app.bsky.graph.starterpack/3lorjondels22,2,at://did:plc:z72i7hdynmk6r22z27h6tvur/app.bsky.feed.generator/hot-classic
at://did:plc:k4ygxco5hestlipl4dfvlenl/app.bsky.graph.starterpack/3lotr35z7x62s,0,at://did:plc:z72i7hdynmk6r22z27h6tvur/app.bsky.feed.generator/with-friends
at://did:plc:k4ygxco5hestlipl4dfvlenl/app.bsky.graph.starterpack/3lotr35z7x62s,1,at://did:plc:z72i7hdynmk6r22z27h6tvur/app.bsky.feed.generator/bsky-team
at://did:plc:k4ygxco5hestlipl4dfvlenl/app.bsky.graph.starterpack/3lotr35z7x62s,2,at://did:plc:z72i7hdynmk6r22z27h6tvur/app.bsky.feed.generator/hot-classic
at://did:plc:k4ygxco5hestlipl4dfvlenl/app.bsky.graph.starterpack/3lovydonqwa2s,0,at://did:plc:z72i7hdynmk6r22z27h6tvur/app.bsky.feed.generator/with-friends
at://did:plc:k4ygxco5hestlipl4dfvlenl/app.bsky.graph.starterpack/3lovydonqwa2s,1,at://did:plc:z72i7hdynmk6r22z27h6tvur/app.bsky.feed.generator/bsky-team
at://did:plc:k4ygxco5hestlipl4dfvlenl/app.bsky.graph.starterpack/3lovydonqwa2s,2,at://did:plc:z72i7hdynmk6r22z27h6tvur/app.bsky.feed.generator/hot-classic
at://did:plc:k4ygxco5hestlipl4dfvlenl/app.bsky.graph.starterpack/3lowbpxf5jk2h,0,at://did:plc:z72i7hdynmk6r22z27h6tvur/app.bsky.feed.generator/with-friends
at://did:plc:k4ygxco5hestlipl4dfvlenl/app.bsky.graph.starterpack/3lowbpxf5jk2h,1,at://did:plc:z72i7hdynmk6r22z27h6tvur/app.bsky.feed.generator/bsky-team
at://did:plc:k4ygxco5hestlipl4dfvlenl/app.bsky.graph.starterpack/3lowbpxf5jk2h,2,at://did:plc:z72i7hdynmk6r22z27h6tvur/app.bsky.feed.generator/hot-classic
at://did:plc:k4ygxco5hestlipl4dfvlenl/app.bsky.graph.starterpack/3loyif6wesw2a,0,at://did:plc:z72i7hdynmk6r22z27h6tvur/app.bsky.feed.generator/with-friends
at://did:plc:k4ygxco5hestlipl4dfvlenl/app.bsky.graph.starterpack/3loyif6wesw2a,1,at://did:plc:z72i7hdynmk6r22z27h6tvur/app.bsky.feed.generator/bsky-team
at://did:plc:k4ygxco5hestlipl4dfvlenl/app.bsky.graph.starterpack/3loyif6wesw2a,2,at://did:plc:z72i7hdynmk6r22z27h6tvur/app.bsky.feed.generator/hot-classic
at://did:plc:k4ygxco5hestlipl4dfvlenl/app.bsky.graph.starterpack/3loywry7j4u24,0,at://did:plc:z72i7hdynmk6r22z27h6tvur/app.bsky.feed.generator/with-friends
at://did:plc:k4ygxco5hestlipl4dfvlenl/app.bsky.graph.starterpack/3loywry7j4u24,1,at://did:plc:z72i7hdynmk6r22z27h6tvur/app.bsky.feed.generator/bsky-team
at://did:plc:k4ygxco5hestlipl4dfvlenl/app.bsky.graph.starterpack/3loywry7j4u24,2,at://did:plc:z72i7hdynmk6r22z27h6tvur/app.bsky.feed.generator/hot-classic
at://did:plc:k4ygxco5hestlipl4dfvlenl/app.bsky.graph.starterpack/3lp2zn646at2u,0,at://did:plc:z72i7hdynmk6r22z27h6tvur/app.bsky.feed.generator/with-friends
at://did:plc:k4ygxco5hestlipl4dfvlenl/app.bsky.graph.starterpack/3lp2zn646at2u,1,at://did:plc:z72i7hdynmk6r22z27h6tvur/app.bsky.feed.generator/bsky-team
at://did:plc:k4ygxco5hestlipl4dfvlenl/app.bsky.graph.starterpack/3lp2zn646at2u,2,at://did:plc:z72i7hdynmk6r22z27h6tvur/app.bsky.feed.generator/hot-classic
at://did:plc:k4ygxco5hestlipl4dfvlenl/app.bsky.graph.starterpack/3lp3golfo2y2y,0,at://did:plc:z72i7hdynmk6r22z27h6tvur/app.bsky.feed.generator/with-friends
at://did:plc:k4ygxco5hestlipl4dfvlenl/app.bsky.graph.starterpack/3lp3golfo2y2y,1,at://did:plc:z72i7hdynmk6r22z27h6tvur/app.bsky.feed.generator/bsky-team
at://did:plc:k4ygxco5hestlipl4dfvlenl/app.bsky.graph.starterpack/3lp3golfo2y2y,2,at://did:plc:z72i7hdynmk6r22z27h6tvur/app.bsky.feed.generator/hot-classic
at://did:plc:k4ygxco5hestlipl4dfvlenl/app.bsky.graph.starterpack/3lpeuhyyz3p24,0,at://did:plc:z72i7hdynmk6r22z27h6tvur/app.bsky.feed.generator/with-friends
at://did:plc:k4ygxco5hestlipl4dfvlenl/app.bsky.graph.starterpack/3lpeuhyyz3p24,1,at://did:plc:z72i7hdynmk6r22z27h6tvur/app.bsky.feed.generator/bsky-team
at://did:plc:k4ygxco5hestlipl4dfvlenl/app.bsky.graph.starterpack/3lpeuhyyz3p24,2,at://did:plc:z72i7hdynmk6r22z27h6tvur/app.bsky.feed.generator/hot-classic
at://did:plc:k4ygxco5hestlipl4dfvlenl/app.bsky.graph.starterpack/3lpevbll3up22,0,at://did:plc:z72i7hdynmk6r22z27h6tvur/app.bsky.feed.generator/with-friends
at://did:plc:k4ygxco5hestlipl4dfvlenl/app.bsky.graph.starterpack/3lpevbll3up22,1,at://did:plc:z72i7hdynmk6r22z27h6tvur/app.bsky.feed.generator/bsky-team
at://did:plc:k4ygxco5hestlipl4dfvlenl/app.bsky.graph.starterpack/3lpevbll3up22,2,at://did:plc:z72i7hdynmk6r22z27h6tvur/app.bsky.feed.generator/hot-classic
at://did:plc:k4ygxco5hestlipl4dfvlenl/app.bsky.graph.starterpack/3lphgs3ndm222,0,at://did:plc:z72i7hdynmk6r22z27h6tvur/app.bsky.feed.generator/with-friends
at://did:plc:k4ygxco5hestlipl4dfvlenl/app.bsky.graph.starterpack/3lphgs3ndm222,1,at://did:plc:z72i7hdynmk6r22z27h6tvur/app.bsky.feed.generator/bsky-team
at://did:plc:k4ygxco5hestlipl4dfvlenl/app.bsky.graph.starterpack/3lphgs3ndm222,2,at://did:plc:z72i7hdynmk6r22z27h6tvur/app.bsky.feed.generator/hot-classic
at://did:plc:k4ygxco5hestlipl4dfvlenl/app.bsky.graph.starterpack/3lphxpskln42e,0,at://did:plc:z72i7hdynmk6r22z27h6tvur/app.bsky.feed.generator/with-friends
at://did:plc:k4ygxco5hestlipl4dfvlenl/app.bsky.graph.starterpack/3lphxpskln42e,1,at://did:plc:z72i7hdynmk6r22z27h6tvur/app.bsky.feed.generator/bsky-team
at://did:plc:k4ygxco5hestlipl4dfvlenl/app.bsky.graph.starterpack/3lphxpskln42e,2,at://did:plc:z72i7hdynmk6r22z27h6tvur/app.bsky.feed.generator/hot-classic
at://did:plc:k4ygxco5hestlipl4dfvlenl/app.bsky.graph.starterpack/3lpi5wzuv3z2o,0,at://did:plc:z72i7hdynmk6r22z27h6tvur/app.bsky.feed.generator/with-friends
at://did:plc:k4ygxco5hestlipl4dfvlenl/app.bsky.graph.starterpack/3lpi5wzuv3z2o,1,at://did:plc:z72i7hdynmk6r22z27h6tvur/app.bsky.feed.generator/bsky-team
at://did:plc:k4ygxco5hestlipl4dfvlenl/app.bsky.graph.starterpack/3lpi5wzuv3z2o,2,at://did:plc:z72i7hdynmk6r22z27h6tvur/app.bsky.feed.generator/hot-classic
at://did:plc:k4ygxco5hestlipl4dfvlenl/app.bsky.graph.starterpack/3lpjskkulxh23,0,at://did:plc:z72i7hdynmk6r22z27h6tvur/app.bsky.feed.generator/with-friends
at://did:plc:k4ygxco5hestlipl4dfvlenl/app.bsky.graph.starterpack/3lpjskkulxh23,1,at://did:plc:z72i7hdynmk6r22z27h6tvur/app.bsky.feed.generator/bsky-team
at://did:plc:k4ygxco5hestlipl4dfvlenl/app.bsky.graph.starterpack/3lpjskkulxh23,2,at://did:plc:z72i7hdynmk6r22z27h6tvur/app.bsky.feed.generator/hot-classic
at://did:plc:k4ygxco5hestlipl4dfvlenl/app.bsky.graph.starterpack/3lpjwnaco2b2s,0,at://did:plc:z72i7hdynmk6r22z27h6tvur/app.bsky.feed.generator/with-friends
at://did:plc:k4ygxco5hestlipl4dfvlenl/app.bsky.graph.starterpack/3lpjwnaco2b2s,1,at://did:plc:z72i7hdynmk6r22z27h6tvur/app.bsky.feed.generator/bsky-team
at://did:plc:k4ygxco5hestlipl4dfvlenl/app.bsky.graph.starterpack/3lpjwnaco2b2s,2,at://did:plc:z72i7hdynmk6r22z27h6tvur/app.bsky.feed.generator/hot-classic
at://did:plc:k4ygxco5hestlipl4dfvlenl/app.bsky.graph.starterpack/3lpk63z7i2t2h,0,at://did:plc:z72i7hdynmk6r22z27h6tvur/app.bsky.feed.generator/with-friends
at://did:plc:k4ygxco5hestlipl4dfvlenl/app.bsky.graph.starterpack/3lpk63z7i2t2h,1,at://did:plc:z72i7hdynmk6r22z27h6tvur/app.bsky.feed.generator/bsky-team
at://did:plc:k4ygxco5hestlipl4dfvlenl/app.bsky.graph.starterpack/3lpk63z7i2t2h,2,at://did:plc:z72i7hdynmk6r22z27h6tvur/app.bsky.feed.generator/hot-classic
at://did:plc:k4ygxco5hestlipl4dfvlenl/app.bsky.graph.starterpack/3lpkojrfbvn2d,0,at://did:plc:z72i7hdynmk6r22z27h6tvur/app.bsky.feed.generator/with-friends
at://did:plc:k4ygxco5hestlipl4dfvlenl/app.bsky.graph.starterpack/3lpkojrfbvn2d,1,at://did:plc:z72i7hdynmk6r22z27h6tvur/app.bsky.feed.generator/bsky-team
at://did:plc:k4ygxco5hestlipl4dfvlenl/app.bsky.graph.starterpack/3lpkojrfbvn2d,2,at://did:plc:z72i7hdynmk6r22z27h6tvur/app.bsky.feed.generator/hot-classic
at://did:plc:k4ygxco5hestlipl4dfvlenl/app.bsky.graph.starterpack/3lpmouzkfjk2h,0,at://did:plc:z72i7hdynmk6r22z27h6tvur/app.bsky.feed.generator/with-friends
at://did:plc:k4ygxco5hestlipl4dfvlenl/app.bsky.graph.starterpack/3lpmouzkfjk2h,1,at://did:plc:z72i7hdynmk6r22z27h6tvur/app.bsky.feed.generator/bsky-team
at://did:plc:k4ygxco5hestlipl4dfvlenl/app.bsky.graph.starterpack/3lpmouzkfjk2h,2,at://did:plc:z72i7hdynmk6r22z27h6tvur/app.bsky.feed.generator/hot-classic
at://did:plc:k4ygxco5hestlipl4dfvlenl/app.bsky.graph.starterpack/3lprla4ggsw2s,0,at://did:plc:z72i7hdynmk6r22z27h6tvur/app.bsky.feed.generator/with-friends
at://did:plc:k4ygxco5hestlipl4dfvlenl/app.bsky.graph.starterpack/3lprla4ggsw2s,1,at://did:plc:z72i7hdynmk6r22z27h6tvur/app.bsky.feed.generator/bsky-team
at://did:plc:k4ygxco5hestlipl4dfvlenl/app.bsky.graph.starterpack/3lprla4ggsw2s,2,at://did:plc:z72i7hdynmk6r22z27h6tvur/app.bsky.feed.generator/hot-classic
at://did:plc:k4ygxco5hestlipl4dfvlenl/app.bsky.graph.starterpack/3lpwn2pisib26,0,at://did:plc:z72i7hdynmk6r22z27h6tvur/app.bsky.feed.generator/with-friends
at://did:plc:k4ygxco5hestlipl4dfvlenl/app.bsky.graph.starterpack/3lpwn2pisib26,1,at://did:plc:z72i7hdynmk6r22z27h6tvur/app.bsky.feed.generator/bsky-team
at://did:plc:k4ygxco5hestlipl4dfvlenl/app.bsky.graph.starterpack/3lpwn2pisib26,2,at://did:plc:z72i7hdynmk6r22z27h6tvur/app.bsky.feed.generator/hot-classic
at://did:plc:k4ygxco5hestlipl4dfvlenl/app.bsky.graph.starterpack/3lpzntlvufy23,0,at://did:plc:z72i7hdynmk6r22z27h6tvur/app.bsky.feed.generator/with-friends
at://did:plc:k4ygxco5hestlipl4dfvlenl/app.bsky.graph.starterpack/3lpzntlvufy23,1,at://did:plc:z72i7hdynmk6r22z27h6tvur/app.bsky.feed.generator/bsky-team
at://did:plc:k4ygxco5hestlipl4dfvlenl/app.bsky.graph.starterpack/3lpzntlvufy23,2,at://did:plc:z72i7hdynmk6r22z27h6tvur/app.bsky.feed.generator/hot-classic
at://did:plc:k4ygxco5hestlipl4dfvlenl/app.bsky.graph.starterpack/3lq46lg6rb62p,0,at://did:plc:z72i7hdynmk6r22z27h6tvur/app.bsky.feed.generator/with-friends
at://did:plc:k4ygxco5hestlipl4dfvlenl/app.bsky.graph.starterpack/3lq46lg6rb62p,1,at://did:plc:z72i7hdynmk6r22z27h6tvur/app.bsky.feed.generator/bsky-team
at://did:plc:k4ygxco5hestlipl4dfvlenl/app.bsky.graph.starterpack/3lq46lg6rb62p,2,at://did:plc:z72i7hdynmk6r22z27h6tvur/app.bsky.feed.generator/hot-classic
at://did:plc:k4ygxco5hestlipl4dfvlenl/app.bsky.graph.starterpack/3lqdbhdcz5h2d,0,at://did:plc:z72i7hdynmk6r22z27h6tvur/app.bsky.feed.generator/with-friends
at://did:plc:k4ygxco5hestlipl4dfvlenl/app.bsky.graph.starterpack/3lqdbhdcz5h2d,1,at://did:plc:z72i7hdynmk6r22z27h6tvur/app.bsky.feed.generator/bsky-team
at://did:plc:k4ygxco5hestlipl4dfvlenl/app.bsky.graph.starterpack/3lqdbhdcz5h2d,2,at://did:plc:z72i7hdynmk6r22z27h6tvur/app.bsky.feed.generator/hot-classic
at://did:plc:k4ygxco5hestlipl4dfvlenl/app.bsky.graph.starterpack/3lqdbr32rgd27,0,at://did:plc:z72i7hdynmk6r22z27h6tvur/app.bsky.feed.generator/with-friends
at://did:plc:k4ygxco5hestlipl4dfvlenl/app.bsky.graph.starterpack/3lqdbr32rgd27,1,at://did:plc:z72i7hdynmk6r22z27h6tvur/app.bsky.feed.generator/bsky-team
at://did:plc:k4ygxco5hestlipl4dfvlenl/app.bsky.graph.starterpack/3lqdbr32rgd27,2,at://did:plc:z72i7hdynmk6r22z27h6tvur/app.bsky.feed.generator/hot-classic
at://did:plc:k4ygxco5hestlipl4dfvlenl/app.bsky.graph.starterpack/3lqgazp6ucp23,0,at://did:plc:z72i7hdynmk6r22z27h6tvur/app.bsky.feed.generator/with-friends
at://did:plc:k4ygxco5hestlipl4dfvlenl/app.bsky.graph.starterpack/3lqgazp6ucp23,1,at://did:plc:z72i7hdynmk6r22z27h6tvur/app.bsky.feed.generator/bsky-team
at://did:plc:k4ygxco5hestlipl4dfvlenl/app.bsky.graph.starterpack/3lqgazp6ucp23,2,at://did:plc:z72i7hdynmk6r22z27h6tvur/app.bsky.feed.generator/hot-classic
at://did:plc:k4ygxco5hestlipl4dfvlenl/app.bsky.graph.starterpack/3lqibf6tse72s,0,at://did:plc:z72i7hdynmk6r22z27h6tvur/app.bsky.feed.generator/with-friends
at://did:plc:k4ygxco5hestlipl4dfvlenl/app.bsky.graph.starterpack/3lqibf6tse72s,1,at://did:plc:z72i7hdynmk6r22z27h6tvur/app.bsky.feed.generator/bsky-team
at://did:plc:k4ygxco5hestlipl4dfvlenl/app.bsky.graph.starterpack/3lqibf6tse72s,2,at://did:plc:z72i7hdynmk6r22z27h6tvur/app.bsky.feed.generator/hot-classic
at://did:plc:k4ygxco5hestlipl4dfvlenl/app.bsky.graph.starterpack/3lqiivca24r2a,0,at://did:plc:z72i7hdynmk6r22z27h6tvur/app.bsky.feed.generator/with-friends
at://did:plc:k4ygxco5hestlipl4dfvlenl/app.bsky.graph.starterpack/3lqiivca24r2a,1,at://did:plc:z72i7hdynmk6r22z27h6tvur/app.bsky.feed.generator/bsky-team
at://did:plc:k4ygxco5hestlipl4dfvlenl/app.bsky.graph.starterpack/3lqiivca24r2a,2,at://did:plc:z72i7hdynmk6r22z27h6tvur/app.bsky.feed.generator/hot-classic
at://did:plc:k4ygxco5hestlipl4dfvlenl/app.bsky.graph.starterpack/3lqiryx7trd2p,0,at://did:plc:z72i7hdynmk6r22z27h6tvur/app.bsky.feed.generator/with-friends
at://did:plc:k4ygxco5hestlipl4dfvlenl/app.bsky.graph.starterpack/3lqiryx7trd2p,1,at://did:plc:z72i7hdynmk6r22z27h6tvur/app.bsky.feed.generator/bsky-team
at://did:plc:k4ygxco5hestlipl4dfvlenl/app.bsky.graph.starterpack/3lqiryx7trd2p,2,at://did:plc:z72i7hdynmk6r22z27h6tvur/app.bsky.feed.generator/hot-classic
at://did:plc:k4ygxco5hestlipl4dfvlenl/app.bsky.graph.starterpack/3lqptp4vqbp22,0,at://did:plc:z72i7hdynmk6r22z27h6tvur/app.bsky.feed.generator/with-friends
at://did:plc:k4ygxco5hestlipl4dfvlenl/app.bsky.graph.starterpack/3lqptp4vqbp22,1,at://did:plc:z72i7hdynmk6r22z27h6tvur/app.bsky.feed.generator/bsky-team
at://did:plc:k4ygxco5hestlipl4dfvlenl/app.bsky.graph.starterpack/3lqptp4vqbp22,2,at://did:plc:z72i7hdynmk6r22z27h6tvur/app.bsky.feed.generator/hot-classic
at://did:plc:k4ygxco5hestlipl4dfvlenl/app.bsky.graph.starterpack/3lquzffnzcg2l,0,at://did:plc:z72i7hdynmk6r22z27h6tvur/app.bsky.feed.generator/with-friends
at://did:plc:k4ygxco5hestlipl4dfvlenl/app.bsky.graph.starterpack/3lquzffnzcg2l,1,at://did:plc:z72i7hdynmk6r22z27h6tvur/app.bsky.feed.generator/bsky-team
at://did:plc:k4ygxco5hestlipl4dfvlenl/app.bsky.graph.starterpack/3lquzffnzcg2l,2,at://did:plc:z72i7hdynmk6r22z27h6tvur/app.bsky.feed.generator/hot-classic
at://did:plc:k4ygxco5hestlipl4dfvlenl/app.bsky.graph.starterpack/3lqxoln4qnd2b,0,at://did:plc:z72i7hdynmk6r22z27h6tvur/app.bsky.feed.generator/with-friends
at://did:plc:k4ygxco5hestlipl4dfvlenl/app.bsky.graph.starterpack/3lqxoln4qnd2b,1,at://did:plc:z72i7hdynmk6r22z27h6tvur/app.bsky.feed.generator/bsky-team
at://did:plc:k4ygxco5hestlipl4dfvlenl/app.bsky.graph.starterpack/3lqxoln4qnd2b,2,at://did:plc:z72i7hdynmk6r22z27h6tvur/app.bsky.feed.generator/hot-classic
at://did:plc:k4ygxco5hestlipl4dfvlenl/app.bsky.graph.starterpack/3lqxp5oegxz27,0,at://did:plc:z72i7hdynmk6r22z27h6tvur/app.bsky.feed.generator/with-friends
at://did:plc:k4ygxco5hestlipl4dfvlenl/app.bsky.graph.starterpack/3lqxp5oegxz27,1,at://did:plc:z72i7hdynmk6r22z27h6tvur/app.bsky.feed.generator/bsky-team
at://did:plc:k4ygxco5hestlipl4dfvlenl/app.bsky.graph.starterpack/3lqxp5oegxz27,2,at://did:plc:z72i7hdynmk6r22z27h6tvur/app.bsky.feed.generator/hot-classic
at://did:plc:k4ygxco5hestlipl4dfvlenl/app.bsky.graph.starterpack/3lr4wkx5tjt27,0,at://did:plc:z72i7hdynmk6r22z27h6tvur/app.bsky.feed.generator/bsky-team
at://did:plc:k4ygxco5hestlipl4dfvlenl/app.bsky.graph.starterpack/3lr4wkx5tjt27,1,at://did:plc:z72i7hdynmk6r22z27h6tvur/app.bsky.feed.generator/with-friends
at://did:plc:k4ygxco5hestlipl4dfvlenl/app.bsky.graph.starterpack/3lr4wkx5tjt27,2,at://did:plc:z72i7hdynmk6r22z27h6tvur/app.bsky.feed.generator/hot-classic
at://did:plc:k4ygxco5hestlipl4dfvlenl/app.bsky.graph.starterpack/3lr76jisw742j,0,at://did:plc:z72i7hdynmk6r22z27h6tvur/app.bsky.feed.generator/with-friends
at://did:plc:k4ygxco5hestlipl4dfvlenl/app.bsky.graph.starterpack/3lr76jisw742j,1,at://did:plc:z72i7hdynmk6r22z27h6tvur/app.bsky.feed.generator/bsky-team
at://did:plc:k4ygxco5hestlipl4dfvlenl/app.bsky.graph.starterpack/3lr76jisw742j,2,at://did:plc:z72i7hdynmk6r22z27h6tvur/app.bsky.feed.generator/hot-classic
at://did:plc:k4ygxco5hestlipl4dfvlenl/app.bsky.graph.starterpack/3lr76xjdqam2j,0,at://did:plc:z72i7hdynmk6r22z27h6tvur/app.bsky.feed.generator/with-friends
at://did:plc:k4ygxco5hestlipl4dfvlenl/app.bsky.graph.starterpack/3lr76xjdqam2j,1,at://did:plc:z72i7hdynmk6r22z27h6tvur/app.bsky.feed.generator/bsky-team
at://did:plc:k4ygxco5hestlipl4dfvlenl/app.bsky.graph.starterpack/3lr76xjdqam2j,2,at://did:plc:z72i7hdynmk6r22z27h6tvur/app.bsky.feed.generator/hot-classic
at://did:plc:k4ygxco5hestlipl4dfvlenl/app.bsky.graph.starterpack/3lrc6yp2oh323,0,at://did:plc:z72i7hdynmk6r22z27h6tvur/app.bsky.feed.generator/with-friends
at://did:plc:k4ygxco5hestlipl4dfvlenl/app.bsky.graph.starterpack/3lrc6yp2oh323,1,at://did:plc:z72i7hdynmk6r22z27h6tvur/app.bsky.feed.generator/bsky-team
at://did:plc:k4ygxco5hestlipl4dfvlenl/app.bsky.graph.starterpack/3lrc6yp2oh323,2,at://did:plc:z72i7hdynmk6r22z27h6tvur/app.bsky.feed.generator/hot-classic
at://did:plc:k4ygxco5hestlipl4dfvlenl/app.bsky.graph.starterpack/3lrgra6a2fs2b,0,at://did:plc:z72i7hdynmk6r22z27h6tvur/app.bsky.feed.generator/with-friends
at://did:plc:k4ygxco5hestlipl4dfvlenl/app.bsky.graph.starterpack/3lrgra6a2fs2b,1,at://did:plc:z72i7hdynmk6r22z27h6tvur/app.bsky.feed.generator/bsky-team
at://did:plc:k4ygxco5hestlipl4dfvlenl/app.bsky.graph.starterpack/3lrgra6a2fs2b,2,at://did:plc:z72i7hdynmk6r22z27h6tvur/app.bsky.feed.generator/hot-classic
at://did:plc:k4ygxco5hestlipl4dfvlenl/app.bsky.graph.starterpack/3lrgsqnv7rp2f,0,at://did:plc:z72i7hdynmk6r22z27h6tvur/app.bsky.feed.generator/with-friends
at://did:plc:k4ygxco5hestlipl4dfvlenl/app.bsky.graph.starterpack/3lrgsqnv7rp2f,1,at://did:plc:z72i7hdynmk6r22z27h6tvur/app.bsky.feed.generator/bsky-team
at://did:plc:k4ygxco5hestlipl4dfvlenl/app.bsky.graph.starterpack/3lrgsqnv7rp2f,2,at://did:plc:z72i7hdynmk6r22z27h6tvur/app.bsky.feed.generator/hot-classic
at://did:plc:k4ygxco5hestlipl4dfvlenl/app.bsky.graph.starterpack/3lrjcbl3x7z2d,0,at://did:plc:z72i7hdynmk6r22z27h6tvur/app.bsky.feed.generator/with-friends
at://did:plc:k4ygxco5hestlipl4dfvlenl/app.bsky.graph.starterpack/3lrjcbl3x7z2d,1,at://did:plc:z72i7hdynmk6r22z27h6tvur/app.bsky.feed.generator/bsky-team
at://did:plc:k4ygxco5hestlipl4dfvlenl/app.bsky.graph.starterpack/3lrjcbl3x7z2d,2,at://did:plc:z72i7hdynmk6r22z27h6tvur/app.bsky.feed.generator/hot-classic
at://did:plc:k4ygxco5hestlipl4dfvlenl/app.bsky.graph.starterpack/3lrlshocjgo2o,0,at://did:plc:z72i7hdynmk6r22z27h6tvur/app.bsky.feed.generator/with-friends
at://did:plc:k4ygxco5hestlipl4dfvlenl/app.bsky.graph.starterpack/3lrlshocjgo2o,1,at://did:plc:z72i7hdynmk6r22z27h6tvur/app.bsky.feed.generator/bsky-team
at://did:plc:k4ygxco5hestlipl4dfvlenl/app.bsky.graph.starterpack/3lrlshocjgo2o,2,at://did:plc:z72i7hdynmk6r22z27h6tvur/app.bsky.feed.generator/hot-classic
at://did:plc:k4ygxco5hestlipl4dfvlenl/app.bsky.graph.starterpack/3lrltbuuunm2p,0,at://did:plc:z72i7hdynmk6r22z27h6tvur/app.bsky.feed.generator/with-friends
at://did:plc:k4ygxco5hestlipl4dfvlenl/app.bsky.graph.starterpack/3lrltbuuunm2p,1,at://did:plc:z72i7hdynmk6r22z27h6tvur/app.bsky.feed.generator/bsky-team
at://did:plc:k4ygxco5hestlipl4dfvlenl/app.bsky.graph.starterpack/3lrltbuuunm2p,2,at://did:plc:z72i7hdynmk6r22z27h6tvur/app.bsky.feed.generator/hot-classic
at://did:plc:k4ygxco5hestlipl4dfvlenl/app.bsky.graph.starterpack/3lrnqsmwhqi2d,0,at://did:plc:z72i7hdynmk6r22z27h6tvur/app.bsky.feed.generator/with-friends
at://did:plc:k4ygxco5hestlipl4dfvlenl/app.bsky.graph.starterpack/3lrnqsmwhqi2d,1,at://did:plc:z72i7hdynmk6r22z27h6tvur/app.bsky.feed.generator/bsky-team
at://did:plc:k4ygxco5hestlipl4dfvlenl/app.bsky.graph.starterpack/3lrnqsmwhqi2d,2,at://did:plc:z72i7hdynmk6r22z27h6tvur/app.bsky.feed.generator/hot-classic
at://did:plc:k4ygxco5hestlipl4dfvlenl/app.bsky.graph.starterpack/3lroctk6btm2r,0,at://did:plc:z72i7hdynmk6r22z27h6tvur/app.bsky.feed.generator/with-friends
at://did:plc:k4ygxco5hestlipl4dfvlenl/app.bsky.graph.starterpack/3lroctk6btm2r,1,at://did:plc:z72i7hdynmk6r22z27h6tvur/app.bsky.feed.generator/bsky-team
at://did:plc:k4ygxco5hestlipl4dfvlenl/app.bsky.graph.starterpack/3lroctk6btm2r,2,at://did:plc:z72i7hdynmk6r22z27h6tvur/app.bsky.feed.generator/hot-classic
at://did:plc:k4ygxco5hestlipl4dfvlenl/app.bsky.graph.starterpack/3lrodbjtfr62j,0,at://did:plc:z72i7hdynmk6r22z27h6tvur/app.bsky.feed.generator/with-friends
at://did:plc:k4ygxco5hestlipl4dfvlenl/app.bsky.graph.starterpack/3lrodbjtfr62j,1,at://did:plc:z72i7hdynmk6r22z27h6tvur/app.bsky.feed.generator/bsky-team
at://did:plc:k4ygxco5hestlipl4dfvlenl/app.bsky.graph.starterpack/3lrodbjtfr62j,2,at://did:plc:z72i7hdynmk6r22z27h6tvur/app.bsky.feed.generator/hot-classic
at://did:plc:k4ygxco5hestlipl4dfvlenl/app.bsky.graph.starterpack/3lrqpna7dgk27,0,at://did:plc:z72i7hdynmk6r22z27h6tvur/app.bsky.feed.generator/with-friends
at://did:plc:k4ygxco5hestlipl4dfvlenl/app.bsky.graph.starterpack/3lrqpna7dgk27,1,at://did:plc:z72i7hdynmk6r22z27h6tvur/app.bsky.feed.generator/bsky-team
at://did:plc:k4ygxco5hestlipl4dfvlenl/app.bsky.graph.starterpack/3lrqpna7dgk27,2,at://did:plc:z72i7hdynmk6r22z27h6tvur/app.bsky.feed.generator/hot-classic
at://did:plc:k4ygxco5hestlipl4dfvlenl/app.bsky.graph.starterpack/3lrqqvvlhdn2p,0,at://did:plc:z72i7hdynmk6r22z27h6tvur/app.bsky.feed.generator/with-friends
at://did:plc:k4ygxco5hestlipl4dfvlenl/app.bsky.graph.starterpack/3lrqqvvlhdn2p,1,at://did:plc:z72i7hdynmk6r22z27h6tvur/app.bsky.feed.generator/bsky-team
at://did:plc:k4ygxco5hestlipl4dfvlenl/app.bsky.graph.starterpack/3lrqqvvlhdn2p,2,at://did:plc:z72i7hdynmk6r22z27h6tvur/app.bsky.feed.generator/hot-classic
at://did:plc:k4ygxco5hestlipl4dfvlenl/app.bsky.graph.starterpack/3lry2wssvps2s,0,at://did:plc:z72i7hdynmk6r22z27h6tvur/app.bsky.feed.generator/with-friends
at://did:plc:k4ygxco5hestlipl4dfvlenl/app.bsky.graph.starterpack/3lry2wssvps2s,1,at://did:plc:z72i7hdynmk6r22z27h6tvur/app.bsky.feed.generator/bsky-team
at://did:plc:k4ygxco5hestlipl4dfvlenl/app.bsky.graph.starterpack/3lry2wssvps2s,2,at://did:plc:z72i7hdynmk6r22z27h6tvur/app.bsky.feed.generator/hot-classic
at://did:plc:k4ygxco5hestlipl4dfvlenl/app.bsky.graph.starterpack/3lry3bjudg423,0,at://did:plc:z72i7hdynmk6r22z27h6tvur/app.bsky.feed.generator/with-friends
at://did:plc:k4ygxco5hestlipl4dfvlenl/app.bsky.graph.starterpack/3lry3bjudg423,1,at://did:plc:z72i7hdynmk6r22z27h6tvur/app.bsky.feed.generator/bsky-team
at://did:plc:k4ygxco5hestlipl4dfvlenl/app.bsky.graph.starterpack/3lry3bjudg423,2,at://did:plc:z72i7hdynmk6r22z27h6tvur/app.bsky.feed.generator/hot-classic
at://did:plc:k4ygxco5hestlipl4dfvlenl/app.bsky.graph.starterpack/3lrycvlzrwi23,0,at://did:plc:z72i7hdynmk6r22z27h6tvur/app.bsky.feed.generator/with-friends
at://did:plc:k4ygxco5hestlipl4dfvlenl/app.bsky.graph.starterpack/3lrycvlzrwi23,1,at://did:plc:z72i7hdynmk6r22z27h6tvur/app.bsky.feed.generator/bsky-team
at://did:plc:k4ygxco5hestlipl4dfvlenl/app.bsky.graph.starterpack/3lrycvlzrwi23,2,at://did:plc:z72i7hdynmk6r22z27h6tvur/app.bsky.feed.generator/hot-classic
at://did:plc:k4ygxco5hestlipl4dfvlenl/app.bsky.graph.starterpack/3lrym6qzcp32r,0,at://did:plc:z72i7hdynmk6r22z27h6tvur/app.bsky.feed.generator/with-friends
at://did:plc:k4ygxco5hestlipl4dfvlenl/app.bsky.graph.starterpack/3lrym6qzcp32r,1,at://did:plc:z72i7hdynmk6r22z27h6tvur/app.bsky.feed.generator/bsky-team
at://did:plc:k4ygxco5hestlipl4dfvlenl/app.bsky.graph.starterpack/3lrym6qzcp32r,2,at://did:plc:z72i7hdynmk6r22z27h6tvur/app.bsky.feed.generator/hot-classic
at://did:plc:k4ygxco5hestlipl4dfvlenl/app.bsky.graph.starterpack/3ls4yqnbtfz2a,0,at://did:plc:z72i7hdynmk6r22z27h6tvur/app.bsky.feed.generator/with-friends
at://did:plc:k4ygxco5hestlipl4dfvlenl/app.bsky.graph.starterpack/3ls4yqnbtfz2a,1,at://did:plc:z72i7hdynmk6r22z27h6tvur/app.bsky.feed.generator/bsky-team
at://did:plc:k4ygxco5hestlipl4dfvlenl/app.bsky.graph.starterpack/3ls4yqnbtfz2a,2,at://did:plc:z72i7hdynmk6r22z27h6tvur/app.bsky.feed.generator/hot-classic
at://did:plc:k4ygxco5hestlipl4dfvlenl/app.bsky.graph.starterpack/3ls5lcdtv3u2s,0,at://did:plc:z72i7hdynmk6r22z27h6tvur/app.bsky.feed.generator/with-friends
at://did:plc:k4ygxco5hestlipl4dfvlenl/app.bsky.graph.starterpack/3ls5lcdtv3u2s,1,at://did:plc:z72i7hdynmk6r22z27h6tvur/app.bsky.feed.generator/bsky-team
at://did:plc:k4ygxco5hestlipl4dfvlenl/app.bsky.graph.starterpack/3ls5lcdtv3u2s,2,at://did:plc:z72i7hdynmk6r22z27h6tvur/app.bsky.feed.generator/hot-classic
at://did:plc:k4ygxco5hestlipl4dfvlenl/app.bsky.graph.starterpack/3ls5vn2okho2a,0,at://did:plc:z72i7hdynmk6r22z27h6tvur/app.bsky.feed.generator/with-friends
at://did:plc:k4ygxco5hestlipl4dfvlenl/app.bsky.graph.starterpack/3ls5vn2okho2a,1,at://did:plc:z72i7hdynmk6r22z27h6tvur/app.bsky.feed.generator/bsky-team
at://did:plc:k4ygxco5hestlipl4dfvlenl/app.bsky.graph.starterpack/3ls5vn2okho2a,2,at://did:plc:z72i7hdynmk6r22z27h6tvur/app.bsky.feed.generator/hot-classic
at://did:plc:k4ygxco5hestlipl4dfvlenl/app.bsky.graph.starterpack/3ls7hs5r6xl2z,0,at://did:plc:z72i7hdynmk6r22z27h6tvur/app.bsky.feed.generator/with-friends
at://did:plc:k4ygxco5hestlipl4dfvlenl/app.bsky.graph.starterpack/3ls7hs5r6xl2z,1,at://did:plc:z72i7hdynmk6r22z27h6tvur/app.bsky.feed.generator/bsky-team
at://did:plc:k4ygxco5hestlipl4dfvlenl/app.bsky.graph.starterpack/3ls7hs5r6xl2z,2,at://did:plc:z72i7hdynmk6r22z27h6tvur/app.bsky.feed.generator/hot-classic
at://did:plc:k4ygxco5hestlipl4dfvlenl/app.bsky.graph.starterpack/3lscbxyek5l2r,0,at://did:plc:z72i7hdynmk6r22z27h6tvur/app.bsky.feed.generator/with-friends
at://did:plc:k4ygxco5hestlipl4dfvlenl/app.bsky.graph.starterpack/3lscbxyek5l2r,1,at://did:plc:z72i7hdynmk6r22z27h6tvur/app.bsky.feed.generator/bsky-team
at://did:plc:k4ygxco5hestlipl4dfvlenl/app.bsky.graph.starterpack/3lscbxyek5l2r,2,at://did:plc:z72i7hdynmk6r22z27h6tvur/app.bsky.feed.generator/hot-classic
at://did:plc:k4ygxco5hestlipl4dfvlenl/app.bsky.graph.starterpack/3lscgaidsef2m,0,at://did:plc:z72i7hdynmk6r22z27h6tvur/app.bsky.feed.generator/with-friends
at://did:plc:k4ygxco5hestlipl4dfvlenl/app.bsky.graph.starterpack/3lscgaidsef2m,1,at://did:plc:z72i7hdynmk6r22z27h6tvur/app.bsky.feed.generator/bsky-team
at://did:plc:k4ygxco5hestlipl4dfvlenl/app.bsky.graph.starterpack/3lscgaidsef2m,2,at://did:plc:z72i7hdynmk6r22z27h6tvur/app.bsky.feed.generator/hot-classic
at://did:plc:k4ygxco5hestlipl4dfvlenl/app.bsky.graph.starterpack/3lsfb4xb6jq2j,0,at://did:plc:z72i7hdynmk6r22z27h6tvur/app.bsky.feed.generator/with-friends
at://did:plc:k4ygxco5hestlipl4dfvlenl/app.bsky.graph.starterpack/3lsfb4xb6jq2j,1,at://did:plc:z72i7hdynmk6r22z27h6tvur/app.bsky.feed.generator/bsky-team
at://did:plc:k4ygxco5hestlipl4dfvlenl/app.bsky.graph.starterpack/3lsfb4xb6jq2j,2,at://did:plc:z72i7hdynmk6r22z27h6tvur/app.bsky.feed.generator/hot-classic
at://did:plc:k4ygxco5hestlipl4dfvlenl/app.bsky.graph.starterpack/3lsjij2gww624,0,at://did:plc:z72i7hdynmk6r22z27h6tvur/app.bsky.feed.generator/with-friends
at://did:plc:k4ygxco5hestlipl4dfvlenl/app.bsky.graph.starterpack/3lsjij2gww624,1,at://did:plc:z72i7hdynmk6r22z27h6tvur/app.bsky.feed.generator/bsky-team
at://did:plc:k4ygxco5hestlipl4dfvlenl/app.bsky.graph.starterpack/3lsjij2gww624,2,at://did:plc:z72i7hdynmk6r22z27h6tvur/app.bsky.feed.generator/hot-classic
at://did:plc:k4ygxco5hestlipl4dfvlenl/app.bsky.graph.starterpack/3lsjitaeaxr2y,0,at://did:plc:z72i7hdynmk6r22z27h6tvur/app.bsky.feed.generator/with-friends
at://did:plc:k4ygxco5hestlipl4dfvlenl/app.bsky.graph.starterpack/3lsjitaeaxr2y,1,at://did:plc:z72i7hdynmk6r22z27h6tvur/app.bsky.feed.generator/bsky-team
at://did:plc:k4ygxco5hestlipl4dfvlenl/app.bsky.graph.starterpack/3lsjitaeaxr2y,2,at://did:plc:z72i7hdynmk6r22z27h6tvur/app.bsky.feed.generator/hot-classic
at://did:plc:k4ygxco5hestlipl4dfvlenl/app.bsky.graph.starterpack/3lsoiyrdvns2e,0,at://did:plc:z72i7hdynmk6r22z27h6tvur/app.bsky.feed.generator/with-friends
at://did:plc:k4ygxco5hestlipl4dfvlenl/app.bsky.graph.starterpack/3lsoiyrdvns2e,1,at://did:plc:z72i7hdynmk6r22z27h6tvur/app.bsky.feed.generator/bsky-team
at://did:plc:k4ygxco5hestlipl4dfvlenl/app.bsky.graph.starterpack/3lsoiyrdvns2e,2,at://did:plc:z72i7hdynmk6r22z27h6tvur/app.bsky.feed.generator/hot-classic
at://did:plc:k4ygxco5hestlipl4dfvlenl/app.bsky.graph.starterpack/3lsojamu5vp24,0,at://did:plc:z72i7hdynmk6r22z27h6tvur/app.bsky.feed.generator/with-friends
at://did:plc:k4ygxco5hestlipl4dfvlenl/app.bsky.graph.starterpack/3lsojamu5vp24,1,at://did:plc:z72i7hdynmk6r22z27h6tvur/app.bsky.feed.generator/bsky-team
at://did:plc:k4ygxco5hestlipl4dfvlenl/app.bsky.graph.starterpack/3lsojamu5vp24,2,at://did:plc:z72i7hdynmk6r22z27h6tvur/app.bsky.feed.generator/hot-classic
at://did:plc:k4ygxco5hestlipl4dfvlenl/app.bsky.graph.starterpack/3lsp6zobqnh23,0,at://did:plc:z72i7hdynmk6r22z27h6tvur/app.bsky.feed.generator/with-friends
at://did:plc:k4ygxco5hestlipl4dfvlenl/app.bsky.graph.starterpack/3lsp6zobqnh23,1,at://did:plc:z72i7hdynmk6r22z27h6tvur/app.bsky.feed.generator/bsky-team
at://did:plc:k4ygxco5hestlipl4dfvlenl/app.bsky.graph.starterpack/3lsp6zobqnh23,2,at://did:plc:z72i7hdynmk6r22z27h6tvur/app.bsky.feed.generator/hot-classic
at://did:plc:k4ygxco5hestlipl4dfvlenl/app.bsky.graph.starterpack/3lsr4uwzqjh24,0,at://did:plc:z72i7hdynmk6r22z27h6tvur/app.bsky.feed.generator/with-friends
at://did:plc:k4ygxco5hestlipl4dfvlenl/app.bsky.graph.starterpack/3lsr4uwzqjh24,1,at://did:plc:z72i7hdynmk6r22z27h6tvur/app.bsky.feed.generator/bsky-team
at://did:plc:k4ygxco5hestlipl4dfvlenl/app.bsky.graph.starterpack/3lsr4uwzqjh24,2,at://did:plc:z72i7hdynmk6r22z27h6tvur/app.bsky.feed.generator/hot-classic
at://did:plc:k4ygxco5hestlipl4dfvlenl/app.bsky.graph.starterpack/3lsrc4z7x7h2s,0,at://did:plc:z72i7hdynmk6r22z27h6tvur/app.bsky.feed.generator/with-friends
at://did:plc:k4ygxco5hestlipl4dfvlenl/app.bsky.graph.starterpack/3lsrc4z7x7h2s,1,at://did:plc:z72i7hdynmk6r22z27h6tvur/app.bsky.feed.generator/bsky-team
at://did:plc:k4ygxco5hestlipl4dfvlenl/app.bsky.graph.starterpack/3lsrc4z7x7h2s,2,at://did:plc:z72i7hdynmk6r22z27h6tvur/app.bsky.feed.generator/hot-classic
at://did:plc:k4ygxco5hestlipl4dfvlenl/app.bsky.graph.starterpack/3lstkaex67f2z,0,at://did:plc:z72i7hdynmk6r22z27h6tvur/app.bsky.feed.generator/with-friends
at://did:plc:k4ygxco5hestlipl4dfvlenl/app.bsky.graph.starterpack/3lstkaex67f2z,1,at://did:plc:z72i7hdynmk6r22z27h6tvur/app.bsky.feed.generator/bsky-team
at://did:plc:k4ygxco5hestlipl4dfvlenl/app.bsky.graph.starterpack/3lstkaex67f2z,2,at://did:plc:z72i7hdynmk6r22z27h6tvur/app.bsky.feed.generator/hot-classic
at://did:plc:k4ygxco5hestlipl4dfvlenl/app.bsky.graph.starterpack/3lstqhnxc7p2m,0,at://did:plc:z72i7hdynmk6r22z27h6tvur/app.bsky.feed.generator/with-friends
at://did:plc:k4ygxco5hestlipl4dfvlenl/app.bsky.graph.starterpack/3lstqhnxc7p2m,1,at://did:plc:z72i7hdynmk6r22z27h6tvur/app.bsky.feed.generator/bsky-team
at://did:plc:k4ygxco5hestlipl4dfvlenl/app.bsky.graph.starterpack/3lstqhnxc7p2m,2,at://did:plc:z72i7hdynmk6r22z27h6tvur/app.bsky.feed.generator/hot-classic
at://did:plc:k4ygxco5hestlipl4dfvlenl/app.bsky.graph.starterpack/3lsulhfer7q2r,0,at://did:plc:z72i7hdynmk6r22z27h6tvur/app.bsky.feed.generator/with-friends
at://did:plc:k4ygxco5hestlipl4dfvlenl/app.bsky.graph.starterpack/3lsulhfer7q2r,1,at://did:plc:z72i7hdynmk6r22z27h6tvur/app.bsky.feed.generator/bsky-team
at://did:plc:k4ygxco5hestlipl4dfvlenl/app.bsky.graph.starterpack/3lsulhfer7q2r,2,at://did:plc:z72i7hdynmk6r22z27h6tvur/app.bsky.feed.generator/hot-classic
at://did:plc:k4ygxco5hestlipl4dfvlenl/app.bsky.graph.starterpack/3lswcctpmyj22,0,at://did:plc:z72i7hdynmk6r22z27h6tvur/app.bsky.feed.generator/with-friends
at://did:plc:k4ygxco5hestlipl4dfvlenl/app.bsky.graph.starterpack/3lswcctpmyj22,1,at://did:plc:z72i7hdynmk6r22z27h6tvur/app.bsky.feed.generator/bsky-team
at://did:plc:k4ygxco5hestlipl4dfvlenl/app.bsky.graph.starterpack/3lswcctpmyj22,2,at://did:plc:z72i7hdynmk6r22z27h6tvur/app.bsky.feed.generator/hot-classic
at://did:plc:k4ygxco5hestlipl4dfvlenl/app.bsky.graph.starterpack/3lszmvejzfy2u,0,at://did:plc:z72i7hdynmk6r22z27h6tvur/app.bsky.feed.generator/with-friends
at://did:plc:k4ygxco5hestlipl4dfvlenl/app.bsky.graph.starterpack/3lszmvejzfy2u,1,at://did:plc:z72i7hdynmk6r22z27h6tvur/app.bsky.feed.generator/bsky-team
at://did:plc:k4ygxco5hestlipl4dfvlenl/app.bsky.graph.starterpack/3lszmvejzfy2u,2,at://did:plc:z72i7hdynmk6r22z27h6tvur/app.bsky.feed.generator/hot-classic
at://did:plc:k4ygxco5hestlipl4dfvlenl/app.bsky.graph.starterpack/3ltavng2ewh24,0,at://did:plc:z72i7hdynmk6r22z27h6tvur/app.bsky.feed.generator/with-friends
at://did:plc:k4ygxco5hestlipl4dfvlenl/app.bsky.graph.starterpack/3ltavng2ewh24,1,at://did:plc:z72i7hdynmk6r22z27h6tvur/app.bsky.feed.generator/bsky-team
at://did:plc:k4ygxco5hestlipl4dfvlenl/app.bsky.graph.starterpack/3ltavng2ewh24,2,at://did:plc:z72i7hdynmk6r22z27h6tvur/app.bsky.feed.generator/hot-classic
at://did:plc:k4ygxco5hestlipl4dfvlenl/app.bsky.graph.starterpack/3ltaw66w4bt23,0,at://did:plc:z72i7hdynmk6r22z27h6tvur/app.bsky.feed.generator/with-friends
at://did:plc:k4ygxco5hestlipl4dfvlenl/app.bsky.graph.starterpack/3ltaw66w4bt23,1,at://did:plc:z72i7hdynmk6r22z27h6tvur/app.bsky.feed.generator/bsky-team
at://did:plc:k4ygxco5hestlipl4dfvlenl/app.bsky.graph.starterpack/3ltaw66w4bt23,2,at://did:plc:z72i7hdynmk6r22z27h6tvur/app.bsky.feed.generator/hot-classic
at://did:plc:k4ygxco5hestlipl4dfvlenl/app.bsky.graph.starterpack/3ltdd2almib2p,0,at://did:plc:z72i7hdynmk6r22z27h6tvur/app.bsky.feed.generator/with-friends
at://did:plc:k4ygxco5hestlipl4dfvlenl/app.bsky.graph.starterpack/3ltdd2almib2p,1,at://did:plc:z72i7hdynmk6r22z27h6tvur/app.bsky.feed.generator/bsky-team
at://did:plc:k4ygxco5hestlipl4dfvlenl/app.bsky.graph.starterpack/3ltdd2almib2p,2,at://did:plc:z72i7hdynmk6r22z27h6tvur/app.bsky.feed.generator/hot-classic
at://did:plc:k4ygxco5hestlipl4dfvlenl/app.bsky.graph.starterpack/3ltddjpwmzw24,0,at://did:plc:z72i7hdynmk6r22z27h6tvur/app.bsky.feed.generator/with-friends
at://did:plc:k4ygxco5hestlipl4dfvlenl/app.bsky.graph.starterpack/3ltddjpwmzw24,1,at://did:plc:z72i7hdynmk6r22z27h6tvur/app.bsky.feed.generator/bsky-team
at://did:plc:k4ygxco5hestlipl4dfvlenl/app.bsky.graph.starterpack/3ltddjpwmzw24,2,at://did:plc:z72i7hdynmk6r22z27h6tvur/app.bsky.feed.generator/hot-classic
at://did:plc:k4ygxco5hestlipl4dfvlenl/app.bsky.graph.starterpack/3ltn3gijapx2b,0,at://did:plc:z72i7hdynmk6r22z27h6tvur/app.bsky.feed.generator/with-friends
at://did:plc:k4ygxco5hestlipl4dfvlenl/app.bsky.graph.starterpack/3ltn3gijapx2b,1,at://did:plc:z72i7hdynmk6r22z27h6tvur/app.bsky.feed.generator/bsky-team
at://did:plc:k4ygxco5hestlipl4dfvlenl/app.bsky.graph.starterpack/3ltn3gijapx2b,2,at://did:plc:z72i7hdynmk6r22z27h6tvur/app.bsky.feed.generator/hot-classic
at://did:plc:k4ygxco5hestlipl4dfvlenl/app.bsky.graph.starterpack/3ltn63tl2be2g,0,at://did:plc:z72i7hdynmk6r22z27h6tvur/app.bsky.feed.generator/with-friends
at://did:plc:k4ygxco5hestlipl4dfvlenl/app.bsky.graph.starterpack/3ltn63tl2be2g,1,at://did:plc:z72i7hdynmk6r22z27h6tvur/app.bsky.feed.generator/bsky-team
at://did:plc:k4ygxco5hestlipl4dfvlenl/app.bsky.graph.starterpack/3ltn63tl2be2g,2,at://did:plc:z72i7hdynmk6r22z27h6tvur/app.bsky.feed.generator/hot-classic
at://did:plc:k4ygxco5hestlipl4dfvlenl/app.bsky.graph.starterpack/3ltuqjttc4r2e,0,at://did:plc:z72i7hdynmk6r22z27h6tvur/app.bsky.feed.generator/with-friends
at://did:plc:k4ygxco5hestlipl4dfvlenl/app.bsky.graph.starterpack/3ltuqjttc4r2e,1,at://did:plc:z72i7hdynmk6r22z27h6tvur/app.bsky.feed.generator/bsky-team
at://did:plc:k4ygxco5hestlipl4dfvlenl/app.bsky.graph.starterpack/3ltuqjttc4r2e,2,at://did:plc:z72i7hdynmk6r22z27h6tvur/app.bsky.feed.generator/hot-classic
at://did:plc:k4ygxco5hestlipl4dfvlenl/app.bsky.graph.starterpack/3lu3z56i6d52e,0,at://did:plc:z72i7hdynmk6r22z27h6tvur/app.bsky.feed.generator/with-friends
at://did:plc:k4ygxco5hestlipl4dfvlenl/app.bsky.graph.starterpack/3lu3z56i6d52e,1,at://did:plc:z72i7hdynmk6r22z27h6tvur/app.bsky.feed.generator/bsky-team
at://did:plc:k4ygxco5hestlipl4dfvlenl/app.bsky.graph.starterpack/3lu3z56i6d52e,2,at://did:plc:z72i7hdynmk6r22z27h6tvur/app.bsky.feed.generator/hot-classic
at://did:plc:k4ygxco5hestlipl4dfvlenl/app.bsky.graph.starterpack/3lu47plthik2e,0,at://did:plc:z72i7hdynmk6r22z27h6tvur/app.bsky.feed.generator/with-friends
at://did:plc:k4ygxco5hestlipl4dfvlenl/app.bsky.graph.starterpack/3lu47plthik2e,1,at://did:plc:z72i7hdynmk6r22z27h6tvur/app.bsky.feed.generator/bsky-team
at://did:plc:k4ygxco5hestlipl4dfvlenl/app.bsky.graph.starterpack/3lu47plthik2e,2,at://did:plc:z72i7hdynmk6r22z27h6tvur/app.bsky.feed.generator/hot-classic
at://did:plc:k4ygxco5hestlipl4dfvlenl/app.bsky.graph.starterpack/3lu4tp6rjet2p,0,at://did:plc:z72i7hdynmk6r22z27h6tvur/app.bsky.feed.generator/with-friends
at://did:plc:k4ygxco5hestlipl4dfvlenl/app.bsky.graph.starterpack/3lu4tp6rjet2p,1,at://did:plc:z72i7hdynmk6r22z27h6tvur/app.bsky.feed.generator/bsky-team
at://did:plc:k4ygxco5hestlipl4dfvlenl/app.bsky.graph.starterpack/3lu4tp6rjet2p,2,at://did:plc:z72i7hdynmk6r22z27h6tvur/app.bsky.feed.generator/hot-classic
at://did:plc:k4ygxco5hestlipl4dfvlenl/app.bsky.graph.starterpack/3lufy5nf4372e,0,at://did:plc:z72i7hdynmk6r22z27h6tvur/app.bsky.feed.generator/with-friends
at://did:plc:k4ygxco5hestlipl4dfvlenl/app.bsky.graph.starterpack/3lufy5nf4372e,1,at://did:plc:z72i7hdynmk6r22z27h6tvur/app.bsky.feed.generator/bsky-team
at://did:plc:k4ygxco5hestlipl4dfvlenl/app.bsky.graph.starterpack/3lufy5nf4372e,2,at://did:plc:z72i7hdynmk6r22z27h6tvur/app.bsky.feed.generator/hot-classic
at://did:plc:k4ygxco5hestlipl4dfvlenl/app.bsky.graph.starterpack/3luikbgeilr2f,0,at://did:plc:z72i7hdynmk6r22z27h6tvur/app.bsky.feed.generator/with-friends
at://did:plc:k4ygxco5hestlipl4dfvlenl/app.bsky.graph.starterpack/3luikbgeilr2f,1,at://did:plc:z72i7hdynmk6r22z27h6tvur/app.bsky.feed.generator/bsky-team
at://did:plc:k4ygxco5hestlipl4dfvlenl/app.bsky.graph.starterpack/3luikbgeilr2f,2,at://did:plc:z72i7hdynmk6r22z27h6tvur/app.bsky.feed.generator/hot-classic
at://did:plc:k4ygxco5hestlipl4dfvlenl/app.bsky.graph.starterpack/3luqdc7penv24,0,at://did:plc:z72i7hdynmk6r22z27h6tvur/app.bsky.feed.generator/with-friends
at://did:plc:k4ygxco5hestlipl4dfvlenl/app.bsky.graph.starterpack/3luqdc7penv24,1,at://did:plc:z72i7hdynmk6r22z27h6tvur/app.bsky.feed.generator/bsky-team
at://did:plc:k4ygxco5hestlipl4dfvlenl/app.bsky.graph.starterpack/3luqdc7penv24,2,at://did:plc:z72i7hdynmk6r22z27h6tvur/app.bsky.feed.generator/hot-classic
at://did:plc:k4ygxco5hestlipl4dfvlenl/app.bsky.graph.starterpack/3luqj35aens2c,0,at://did:plc:z72i7hdynmk6r22z27h6tvur/app.bsky.feed.generator/with-friends
at://did:plc:k4ygxco5hestlipl4dfvlenl/app.bsky.graph.starterpack/3luqj35aens2c,1,at://did:plc:z72i7hdynmk6r22z27h6tvur/app.bsky.feed.generator/bsky-team
at://did:plc:k4ygxco5hestlipl4dfvlenl/app.bsky.graph.starterpack/3luqj35aens2c,2,at://did:plc:z72i7hdynmk6r22z27h6tvur/app.bsky.feed.generator/hot-classic
at://did:plc:k4ygxco5hestlipl4dfvlenl/app.bsky.graph.starterpack/3luxxiu23sn2a,0,at://did:plc:z72i7hdynmk6r22z27h6tvur/app.bsky.feed.generator/with-friends
at://did:plc:k4ygxco5hestlipl4dfvlenl/app.bsky.graph.starterpack/3luxxiu23sn2a,1,at://did:plc:z72i7hdynmk6r22z27h6tvur/app.bsky.feed.generator/bsky-team
at://did:plc:k4ygxco5hestlipl4dfvlenl/app.bsky.graph.starterpack/3luxxiu23sn2a,2,at://did:plc:z72i7hdynmk6r22z27h6tvur/app.bsky.feed.generator/hot-classic
at://did:plc:k4ygxco5hestlipl4dfvlenl/app.bsky.graph.starterpack/3luydmn533324,0,at://did:plc:z72i7hdynmk6r22z27h6tvur/app.bsky.feed.generator/with-friends
at://did:plc:k4ygxco5hestlipl4dfvlenl/app.bsky.graph.starterpack/3luydmn533324,1,at://did:plc:z72i7hdynmk6r22z27h6tvur/app.bsky.feed.generator/bsky-team
at://did:plc:k4ygxco5hestlipl4dfvlenl/app.bsky.graph.starterpack/3luydmn533324,2,at://did:plc:z72i7hdynmk6r22z27h6tvur/app.bsky.feed.generator/hot-classic
at://did:plc:k4ygxco5hestlipl4dfvlenl/app.bsky.graph.starterpack/3lv7nsxwzhv2a,0,at://did:plc:z72i7hdynmk6r22z27h6tvur/app.bsky.feed.generator/with-friends
at://did:plc:k4ygxco5hestlipl4dfvlenl/app.bsky.graph.starterpack/3lv7nsxwzhv2a,1,at://did:plc:z72i7hdynmk6r22z27h6tvur/app.bsky.feed.generator/bsky-team
at://did:plc:k4ygxco5hestlipl4dfvlenl/app.bsky.graph.starterpack/3lv7nsxwzhv2a,2,at://did:plc:z72i7hdynmk6r22z27h6tvur/app.bsky.feed.generator/hot-classic
at://did:plc:k4ygxco5hestlipl4dfvlenl/app.bsky.graph.starterpack/3lw5xqo2yuw27,0,at://did:plc:z72i7hdynmk6r22z27h6tvur/app.bsky.feed.generator/with-friends
at://did:plc:k4ygxco5hestlipl4dfvlenl/app.bsky.graph.starterpack/3lw5xqo2yuw27,1,at://did:plc:z72i7hdynmk6r22z27h6tvur/app.bsky.feed.generator/bsky-team
at://did:plc:k4ygxco5hestlipl4dfvlenl/app.bsky.graph.starterpack/3lw5xqo2yuw27,2,at://did:plc:z72i7hdynmk6r22z27h6tvur/app.bsky.feed.generator/hot-classic
at://did:plc:k4ygxco5hestlipl4dfvlenl/app.bsky.graph.starterpack/3lwajzfkqto2o,0,at://did:plc:z72i7hdynmk6r22z27h6tvur/app.bsky.feed.generator/with-friends
at://did:plc:k4ygxco5hestlipl4dfvlenl/app.bsky.graph.starterpack/3lwajzfkqto2o,1,at://did:plc:z72i7hdynmk6r22z27h6tvur/app.bsky.feed.generator/bsky-team
at://did:plc:k4ygxco5hestlipl4dfvlenl/app.bsky.graph.starterpack/3lwajzfkqto2o,2,at://did:plc:z72i7hdynmk6r22z27h6tvur/app.bsky.feed.generator/hot-classic
at://did:plc:k4ygxco5hestlipl4dfvlenl/app.bsky.graph.starterpack/3lwfeokhnm52o,0,at://did:plc:z72i7hdynmk6r22z27h6tvur/app.bsky.feed.generator/with-friends
at://did:plc:k4ygxco5hestlipl4dfvlenl/app.bsky.graph.starterpack/3lwfeokhnm52o,1,at://did:plc:z72i7hdynmk6r22z27h6tvur/app.bsky.feed.generator/bsky-team
at://did:plc:k4ygxco5hestlipl4dfvlenl/app.bsky.graph.starterpack/3lwfeokhnm52o,2,at://did:plc:z72i7hdynmk6r22z27h6tvur/app.bsky.feed.generator/hot-classic
at://did:plc:k4ygxco5hestlipl4dfvlenl/app.bsky.graph.starterpack/3lwrnwsetzx2l,0,at://did:plc:z72i7hdynmk6r22z27h6tvur/app.bsky.feed.generator/with-friends
at://did:plc:k4ygxco5hestlipl4dfvlenl/app.bsky.graph.starterpack/3lwrnwsetzx2l,1,at://did:plc:z72i7hdynmk6r22z27h6tvur/app.bsky.feed.generator/bsky-team
at://did:plc:k4ygxco5hestlipl4dfvlenl/app.bsky.graph.starterpack/3lwrnwsetzx2l,2,at://did:plc:z72i7hdynmk6r22z27h6tvur/app.bsky.feed.generator/hot-classic
at://did:plc:k4ygxco5hestlipl4dfvlenl/app.bsky.graph.starterpack/3m6g6hedcju2j,0,at://did:plc:z72i7hdynmk6r22z27h6tvur/app.bsky.feed.generator/with-friends
at://did:plc:k4ygxco5hestlipl4dfvlenl/app.bsky.graph.starterpack/3m6g6hedcju2j,1,at://did:plc:z72i7hdynmk6r22z27h6tvur/app.bsky.feed.generator/bsky-team
at://did:plc:k4ygxco5hestlipl4dfvlenl/app.bsky.graph.starterpack/3m6g6hedcju2j,2,at://did:plc:z72i7hdynmk6r22z27h6tvur/app.bsky.feed.generator/hot-classic
at://did:plc:nnqqnqt7wohobqte7flrowhx/app.bsky.graph.starterpack/3ldbbrjwoye2i,0,at://did:plc:y7crv2yh74s7qhmtx3mvbgv5/app.bsky.feed.generator/art-new
at://did:plc:nnqqnqt7wohobqte7flrowhx/app.bsky.graph.starterpack/3ldbbrjwoye2i,1,at://did:plc:dvgliotey33vix3wlltybgkd/app.bsky.feed.generator/ukrainian-view
at://did:plc:nnqqnqt7wohobqte7flrowhx/app.bsky.graph.starterpack/3ldbbrjwoye2i,2,at://did:plc:jfhpnnst6flqway4eaeqzj2a/app.bsky.feed.generator/for-science
at://did:plc:ntcpvxp2x4wvc6womlag6fam/app.bsky.graph.starterpack/3ljyjhk7tgx2x,0,at://did:plc:l32leysyum6sa6q2z77ha4da/app.bsky.feed.generator/aaamvjfwhxczs
at://did:plc:nubjnimkaontsl5thydrvsiz/app.bsky.graph.starterpack/3lcj3u35vwj2t,0,at://did:plc:64rbg6zoljfju3lb6ednvokb/app.bsky.feed.generator/aaakwm273mwum
at://did:plc:nubjnimkaontsl5thydrvsiz/app.bsky.graph.starterpack/3lcj3u35vwj2t,1,at://did:plc:bh5nvxcuy7nf356e2luizpxx/app.bsky.feed.generator/aaaay7hebu23w
at://did:plc:nubjnimkaontsl5thydrvsiz/app.bsky.graph.starterpack/3lcj3u35vwj2t,2,at://did:plc:o4s55v3tsfph6whswxccpsia/app.bsky.feed.generator/aaaieye3ez2ws
at://did:plc:nubjnimkaontsl5thydrvsiz/app.bsky.graph.starterpack/3lcj4yboqk22q,0,at://did:plc:o4s55v3tsfph6whswxccpsia/app.bsky.feed.generator/aaaieye3ez2ws
at://did:plc:nubjnimkaontsl5thydrvsiz/app.bsky.graph.starterpack/3lcj4yboqk22q,1,at://did:plc:5evg2o47kepgquxi6ku4az4m/app.bsky.feed.generator/aaaih6wopc2da
at://did:plc:nubjnimkaontsl5thydrvsiz/app.bsky.graph.starterpack/3lcj4yboqk22q,2,at://did:plc:kzh2ze4pntcg5jtcdoce6bjr/app.bsky.feed.generator/bluecrew
at://did:plc:nubjnimkaontsl5thydrvsiz/app.bsky.graph.starterpack/3leppuhsxfl2e,0,at://did:plc:5evg2o47kepgquxi6ku4az4m/app.bsky.feed.generator/aaaih6wopc2da
at://did:plc:nubjnimkaontsl5thydrvsiz/app.bsky.graph.starterpack/3leppuhsxfl2e,1,at://did:plc:lyrmsmhhg7vzz4ghj44y5xzq/app.bsky.feed.generator/2e275eb3ed72
at://did:plc:nubjnimkaontsl5thydrvsiz/app.bsky.graph.starterpack/3leppuhsxfl2e,2,at://did:plc:o4s55v3tsfph6whswxccpsia/app.bsky.feed.generator/aaaieye3ez2ws
at://did:plc:nubjnimkaontsl5thydrvsiz/app.bsky.graph.starterpack/3lq626vyila24,0,at://did:plc:geoqe3qls5mwezckxxsewys2/app.bsky.feed.generator/aaabrbjcg4hmk
at://did:plc:nubjnimkaontsl5thydrvsiz/app.bsky.graph.starterpack/3lq626vyila24,1,at://did:plc:q6gjnaw2blty4crticxkmujt/app.bsky.feed.generator/cv:cat
at://did:plc:nubjnimkaontsl5thydrvsiz/app.bsky.graph.starterpack/3lq626vyila24,2,at://did:plc:q6gjnaw2blty4crticxkmujt/app.bsky.feed.generator/cv:dog
at://did:plc:nubjnimkaontsl5thydrvsiz/app.bsky.graph.starterpack/3lt3s4ezlvc2g,0,at://did:plc:q6gjnaw2blty4crticxkmujt/app.bsky.feed.generator/cv:cat
at://did:plc:nubjnimkaontsl5thydrvsiz/app.bsky.graph.starterpack/3lt3s4ezlvc2g,1,at://did:plc:5rw2on4i56btlcajojaxwcat/app.bsky.feed.generator/aaao6g552b33o
at://did:plc:nubjnimkaontsl5thydrvsiz/app.bsky.graph.starterpack/3lt3s4ezlvc2g,2,at://did:plc:geoqe3qls5mwezckxxsewys2/app.bsky.feed.generator/aaabrbjcg4hmk
at://did:plc:nubjnimkaontsl5thydrvsiz/app.bsky.graph.starterpack/3lvr43eaz6k27,0,at://did:plc:geoqe3qls5mwezckxxsewys2/app.bsky.feed.generator/aaabrbjcg4hmk
at://did:plc:nubjnimkaontsl5thydrvsiz/app.bsky.graph.starterpack/3lvr43eaz6k27,1,at://did:plc:q6gjnaw2blty4crticxkmujt/app.bsky.feed.generator/cv:cat
at://did:plc:nubjnimkaontsl5thydrvsiz/app.bsky.graph.starterpack/3lvr43eaz6k27,2,at://did:plc:ffkgesg3jsv2j7aagkzrtcvt/app.bsky.feed.generator/aaagllxbcbsje
at://did:plc:nubjnimkaontsl5thydrvsiz/app.bsky.graph.starterpack/3ly47eey7yf2h,0,at://did:plc:y7crv2yh74s7qhmtx3mvbgv5/app.bsky.feed.generator/art-new
at://did:plc:nubjnimkaontsl5thydrvsiz/app.bsky.graph.starterpack/3ly47eey7yf2h,1,at://did:plc:q6gjnaw2blty4crticxkmujt/app.bsky.feed.generator/cv:cat
at://did:plc:nubjnimkaontsl5thydrvsiz/app.bsky.graph.starterpack/3ly47eey7yf2h,2,at://did:plc:geoqe3qls5mwezckxxsewys2/app.bsky.feed.generator/aaabrbjcg4hmk
at://did:plc:nubjnimkaontsl5thydrvsiz/app.bsky.graph.starterpack/3lyq4mcouvd26,0,at://did:plc:q6gjnaw2blty4crticxkmujt/app.bsky.feed.generator/cv:cat
at://did:plc:nubjnimkaontsl5thydrvsiz/app.bsky.graph.starterpack/3lyq4mcouvd26,1,at://did:plc:geoqe3qls5mwezckxxsewys2/app.bsky.feed.generator/aaabrbjcg4hmk
at://did:plc:nubjnimkaontsl5thydrvsiz/app.bsky.graph.starterpack/3lyq4mcouvd26,2,at://did:plc:jdkvwye2lf4mingzk7qdebzc/app.bsky.feed.generator/art-clean
at://did:plc:nubjnimkaontsl5thydrvsiz/app.bsky.graph.starterpack/3m556houjpc2b,0,at://did:plc:geoqe3qls5mwezckxxsewys2/app.bsky.feed.generator/aaabrbjcg4hmk
at://did:plc:nubjnimkaontsl5thydrvsiz/app.bsky.graph.starterpack/3m556houjpc2b,1,at://did:plc:ffkgesg3jsv2j7aagkzrtcvt/app.bsky.feed.generator/aaagllxbcbsje
at://did:plc:nubjnimkaontsl5thydrvsiz/app.bsky.graph.starterpack/3m556houjpc2b,2,at://did:plc:odqmsar3ikz5ubokya4sempk/app.bsky.feed.generator/aaabfn4o34jdi
at://did:plc:nubjnimkaontsl5thydrvsiz/app.bsky.graph.starterpack/3m6pf2bud472q,0,at://did:plc:5rw2on4i56btlcajojaxwcat/app.bsky.feed.generator/aaao6g552b33o
at://did:plc:nubjnimkaontsl5thydrvsiz/app.bsky.graph.starterpack/3m6pf2bud472q,1,at://did:plc:geoqe3qls5mwezckxxsewys2/app.bsky.feed.generator/aaabrbjcg4hmk
at://did:plc:nubjnimkaontsl5thydrvsiz/app.bsky.graph.starterpack/3m6pf2bud472q,2,at://did:plc:odqmsar3ikz5ubokya4sempk/app.bsky.feed.generator/aaabfn4o34jdi
at://did:plc:nubjnimkaontsl5thydrvsiz/app.bsky.graph.starterpack/3m7dwf47ggd24,0,at://did:plc:geoqe3qls5mwezckxxsewys2/app.bsky.feed.generator/aaabrbjcg4hmk
at://did:plc:nubjnimkaontsl5thydrvsiz/app.bsky.graph.starterpack/3m7dwf47ggd24,1,at://did:plc:odqmsar3ikz5ubokya4sempk/app.bsky.feed.generator/aaabfn4o34jdi
at://did:plc:nubjnimkaontsl5thydrvsiz/app.bsky.graph.starterpack/3m7dwf47ggd24,2,at://did:plc:abv47bjgzjgoh3yrygwoi36x/app.bsky.feed.generator/aaagt6amuur5e
at://did:plc:nubjnimkaontsl5thydrvsiz/app.bsky.graph.starterpack/3m7v65bjg7g2b,0,at://did:plc:geoqe3qls5mwezckxxsewys2/app.bsky.feed.generator/aaabrbjcg4hmk
at://did:plc:nubjnimkaontsl5thydrvsiz/app.bsky.graph.starterpack/3m7v65bjg7g2b,1,at://did:plc:5rw2on4i56btlcajojaxwcat/app.bsky.feed.generator/aaao6g552b33o
at://did:plc:nubjnimkaontsl5thydrvsiz/app.bsky.graph.starterpack/3m7v65bjg7g2b,2,at://did:plc:abv47bjgzjgoh3yrygwoi36x/app.bsky.feed.generator/aaagt6amuur5e
at://did:plc:nubjnimkaontsl5thydrvsiz/app.bsky.graph.starterpack/3m7y4xyy5g72f,0,at://did:plc:geoqe3qls5mwezckxxsewys2/app.bsky.feed.generator/aaabrbjcg4hmk
at://did:plc:nubjnimkaontsl5thydrvsiz/app.bsky.graph.starterpack/3m7y4xyy5g72f,1,at://did:plc:odqmsar3ikz5ubokya4sempk/app.bsky.feed.generator/aaabfn4o34jdi
at://did:plc:nubjnimkaontsl5thydrvsiz/app.bsky.graph.starterpack/3m7y4xyy5g72f,2,at://did:plc:abv47bjgzjgoh3yrygwoi36x/app.bsky.feed.generator/aaai4f7awwzkc
at://did:plc:nubjnimkaontsl5thydrvsiz/app.bsky.graph.starterpack/3ma4sp5ogxa2s,0,at://did:plc:geoqe3qls5mwezckxxsewys2/app.bsky.feed.generator/aaabrbjcg4hmk
at://did:plc:nubjnimkaontsl5thydrvsiz/app.bsky.graph.starterpack/3ma4sp5ogxa2s,1,at://did:plc:abv47bjgzjgoh3yrygwoi36x/app.bsky.feed.generator/aaagt6amuur5e
at://did:plc:nubjnimkaontsl5thydrvsiz/app.bsky.graph.starterpack/3ma4sp5ogxa2s,2,at://did:plc:nmm26ltnxjx4oskwzdue4xvq/app.bsky.feed.generator/aaacoviie4ygo
at://did:plc:nubjnimkaontsl5thydrvsiz/app.bsky.graph.starterpack/3mahdwwnywk2k,0,at://did:plc:geoqe3qls5mwezckxxsewys2/app.bsky.feed.generator/aaabrbjcg4hmk
at://did:plc:nubjnimkaontsl5thydrvsiz/app.bsky.graph.starterpack/3mahdwwnywk2k,1,at://did:plc:abv47bjgzjgoh3yrygwoi36x/app.bsky.feed.generator/aaagt6amuur5e
at://did:plc:nubjnimkaontsl5thydrvsiz/app.bsky.graph.starterpack/3mahdwwnywk2k,2,at://did:plc:dvgliotey33vix3wlltybgkd/app.bsky.feed.generator/art
at://did:plc:nubjnimkaontsl5thydrvsiz/app.bsky.graph.starterpack/3maohlyfkv22b,0,at://did:plc:geoqe3qls5mwezckxxsewys2/app.bsky.feed.generator/aaabrbjcg4hmk
at://did:plc:nubjnimkaontsl5thydrvsiz/app.bsky.graph.starterpack/3maohlyfkv22b,1,at://did:plc:2gx2noukxzwmj6dkxbmh3qt5/app.bsky.feed.generator/aaahcxau33dt4
at://did:plc:nubjnimkaontsl5thydrvsiz/app.bsky.graph.starterpack/3maohlyfkv22b,2,at://did:plc:abv47bjgzjgoh3yrygwoi36x/app.bsky.feed.generator/aaai4f7awwzkc
at://did:plc:nubjnimkaontsl5thydrvsiz/app.bsky.graph.starterpack/3mayhrpz55y2z,0,at://did:plc:geoqe3qls5mwezckxxsewys2/app.bsky.feed.generator/aaabrbjcg4hmk
at://did:plc:nubjnimkaontsl5thydrvsiz/app.bsky.graph.starterpack/3mayhrpz55y2z,1,at://did:plc:abv47bjgzjgoh3yrygwoi36x/app.bsky.feed.generator/aaagt6amuur5e
at://did:plc:nubjnimkaontsl5thydrvsiz/app.bsky.graph.starterpack/3mayhrpz55y2z,2,at://did:plc:6qswqt6prj5ch3jwjyqedexs/app.bsky.feed.generator/aaafcf5orer4q
at://did:plc:nubjnimkaontsl5thydrvsiz/app.bsky.graph.starterpack/3mbcxfov7pb26,0,at://did:plc:geoqe3qls5mwezckxxsewys2/app.bsky.feed.generator/aaabrbjcg4hmk
at://did:plc:nubjnimkaontsl5thydrvsiz/app.bsky.graph.starterpack/3mbcxfov7pb26,1,at://did:plc:4vjdrhro4bxoawbyjgixesij/app.bsky.feed.generator/aaadepeaxdboc
at://did:plc:nubjnimkaontsl5thydrvsiz/app.bsky.graph.starterpack/3mbcxfov7pb26,2,at://did:plc:abv47bjgzjgoh3yrygwoi36x/app.bsky.feed.generator/aaai4f7awwzkc
at://did:plc:nubjnimkaontsl5thydrvsiz/app.bsky.graph.starterpack/3mbrttvukhv23,0,at://did:plc:geoqe3qls5mwezckxxsewys2/app.bsky.feed.generator/aaabrbjcg4hmk
at://did:plc:nubjnimkaontsl5thydrvsiz/app.bsky.graph.starterpack/3mbrttvukhv23,1,at://did:plc:abv47bjgzjgoh3yrygwoi36x/app.bsky.feed.generator/aaai4f7awwzkc
at://did:plc:nubjnimkaontsl5thydrvsiz/app.bsky.graph.starterpack/3mbrttvukhv23,2,at://did:plc:abv47bjgzjgoh3yrygwoi36x/app.bsky.feed.generator/aaagt6amuur5e
at://did:plc:nubjnimkaontsl5thydrvsiz/app.bsky.graph.starterpack/3mcncuxbp2r2x,0,at://did:plc:geoqe3qls5mwezckxxsewys2/app.bsky.feed.generator/aaabrbjcg4hmk
at://did:plc:nubjnimkaontsl5thydrvsiz/app.bsky.graph.starterpack/3mcncuxbp2r2x,1,at://did:plc:abv47bjgzjgoh3yrygwoi36x/app.bsky.feed.generator/aaai4f7awwzkc
at://did:plc:nubjnimkaontsl5thydrvsiz/app.bsky.graph.starterpack/3mcncuxbp2r2x,2,at://did:plc:abv47bjgzjgoh3yrygwoi36x/app.bsky.feed.generator/aaagt6amuur5e
at://did:plc:nubjnimkaontsl5thydrvsiz/app.bsky.graph.starterpack/3md4lggsmvl2x,0,at://did:plc:geoqe3qls5mwezckxxsewys2/app.bsky.feed.generator/aaabrbjcg4hmk
at://did:plc:nubjnimkaontsl5thydrvsiz/app.bsky.graph.starterpack/3md4lggsmvl2x,1,at://did:plc:abv47bjgzjgoh3yrygwoi36x/app.bsky.feed.generator/aaai4f7awwzkc
at://did:plc:nubjnimkaontsl5thydrvsiz/app.bsky.graph.starterpack/3md4lggsmvl2x,2,at://did:plc:abv47bjgzjgoh3yrygwoi36x/app.bsky.feed.generator/aaagt6amuur5e
at://did:plc:nubjnimkaontsl5thydrvsiz/app.bsky.graph.starterpack/3mdlu72prvw2l,0,at://did:plc:geoqe3qls5mwezckxxsewys2/app.bsky.feed.generator/aaabrbjcg4hmk
at://did:plc:nubjnimkaontsl5thydrvsiz/app.bsky.graph.starterpack/3mdlu72prvw2l,1,at://did:plc:abv47bjgzjgoh3yrygwoi36x/app.bsky.feed.generator/aaai4f7awwzkc
at://did:plc:nubjnimkaontsl5thydrvsiz/app.bsky.graph.starterpack/3mdlu72prvw2l,2,at://did:plc:abv47bjgzjgoh3yrygwoi36x/app.bsky.feed.generator/aaagt6amuur5e
at://did:plc:nubjnimkaontsl5thydrvsiz/app.bsky.graph.starterpack/3mdxzdynzfe2a,0,at://did:plc:geoqe3qls5mwezckxxsewys2/app.bsky.feed.generator/aaabrbjcg4hmk
at://did:plc:nubjnimkaontsl5thydrvsiz/app.bsky.graph.starterpack/3mdxzdynzfe2a,1,at://did:plc:abv47bjgzjgoh3yrygwoi36x/app.bsky.feed.generator/aaai4f7awwzkc
at://did:plc:nubjnimkaontsl5thydrvsiz/app.bsky.graph.starterpack/3mdxzdynzfe2a,2,at://did:plc:abv47bjgzjgoh3yrygwoi36x/app.bsky.feed.generator/aaagt6amuur5e
at://did:plc:psxxrgf6ae2tbc7t4d6haxv2/app.bsky.graph.starterpack/3lkr2xahijv2b,0,at://did:plc:z72i7hdynmk6r22z27h6tvur/app.bsky.feed.generator/with-friends
at://did:plc:psxxrgf6ae2tbc7t4d6haxv2/app.bsky.graph.starterpack/3lkr2xahijv2b,1,at://did:plc:dvgliotey33vix3wlltybgkd/app.bsky.feed.generator/ukrainian-view
at://did:plc:pzbl34vmr6qmr6v2qfs4kxyd/app.bsky.graph.starterpack/3lkr5bu6wrf2a,0,at://did:plc:5rw2on4i56btlcajojaxwcat/app.bsky.feed.generator/aaao6g552b33o
at://did:plc:pzbl34vmr6qmr6v2qfs4kxyd/app.bsky.graph.starterpack/3lkr5bu6wrf2a,1,at://did:plc:geoqe3qls5mwezckxxsewys2/app.bsky.feed.generator/aaabrbjcg4hmk
at://did:plc:pzbl34vmr6qmr6v2qfs4kxyd/app.bsky.graph.starterpack/3lkr5bu6wrf2a,2,at://did:plc:q6gjnaw2blty4crticxkmujt/app.bsky.feed.generator/cv:dog
at://did:plc:reg67pporbwxg6o7wxwexk7f/app.bsky.graph.starterpack/3lb53rgqj4626,0,at://did:plc:5ogcuyqdjfbnp7upl5ylvhms/app.bsky.feed.generator/aaag4fp3ik4ls
at://did:plc:reg67pporbwxg6o7wxwexk7f/app.bsky.graph.starterpack/3lcixjly6kq2o,0,at://did:plc:dvgliotey33vix3wlltybgkd/app.bsky.feed.generator/newcomers
at://did:plc:reg67pporbwxg6o7wxwexk7f/app.bsky.graph.starterpack/3lcixjly6kq2o,1,at://did:plc:vpkhqolt662uhesyj6nxm7ys/app.bsky.feed.generator/infreq
at://did:plc:reg67pporbwxg6o7wxwexk7f/app.bsky.graph.starterpack/3lcixjly6kq2o,2,at://did:plc:dvgliotey33vix3wlltybgkd/app.bsky.feed.generator/threads
at://did:plc:ryrymvmy6pv3qoatne7xxvnw/app.bsky.graph.starterpack/3m4qtfxqkbd2t,0,at://did:plc:z72i7hdynmk6r22z27h6tvur/app.bsky.feed.generator/with-friends
at://did:plc:seuxa6nq26ixwez7j74gsboe/app.bsky.graph.starterpack/3lkr2zphyhr2n,0,at://did:plc:lyrmsmhhg7vzz4ghj44y5xzq/app.bsky.feed.generator/edcfac0b68f2
at://did:plc:seuxa6nq26ixwez7j74gsboe/app.bsky.graph.starterpack/3lkr2zphyhr2n,1,at://did:plc:tazrmeme4dzahimsykusrwrk/app.bsky.feed.generator/anime-en-new
at://did:plc:tihggv2lcgqpw5fu4ilri5cq/app.bsky.graph.starterpack/3lyt2md5cw32l,0,at://did:plc:tihggv2lcgqpw5fu4ilri5cq/app.bsky.feed.generator/aaaahezwhk2wc
at://did:plc:u22htakgtv54i2gct7udjjt3/app.bsky.graph.starterpack/3lkqxspahed2g,0,at://did:plc:y7crv2yh74s7qhmtx3mvbgv5/app.bsky.feed.generator/art-new
at://did:plc:u22htakgtv54i2gct7udjjt3/app.bsky.graph.starterpack/3lkqxspahed2g,1,at://did:plc:geoqe3qls5mwezckxxsewys2/app.bsky.feed.generator/aaai43yetqshu
at://did:plc:u22htakgtv54i2gct7udjjt3/app.bsky.graph.starterpack/3lkqxspahed2g,2,at://did:plc:z42jlhnp575qnuzzruy7kfoq/app.bsky.feed.generator/aaafetekjdqjg
at://did:plc:uhm6cnf6nwoufcx3xm7ib3ji/app.bsky.graph.starterpack/3lkr4htmtim2u,0,at://did:plc:w4xbfzo7kqfes5zb7r6qv3rw/app.bsky.feed.generator/blacksky
at://did:plc:uhm6cnf6nwoufcx3xm7ib3ji/app.bsky.graph.starterpack/3lkr4htmtim2u,1,at://did:plc:tenurhgjptubkk5zf5qhi3og/app.bsky.feed.generator/mutuals
at://did:plc:uhm6cnf6nwoufcx3xm7ib3ji/app.bsky.graph.starterpack/3lkr4htmtim2u,2,at://did:plc:z72i7hdynmk6r22z27h6tvur/app.bsky.feed.generator/with-friends
at://did:plc:ybqpgar7mamupzczgfjs2uah/app.bsky.graph.starterpack/3lk2aja5eay2n,0,at://did:plc:ylm5bw5b3wspfxulgzzty65e/app.bsky.feed.generator/aaac7r6pj6bdq
at://did:plc:ybqpgar7mamupzczgfjs2uah/app.bsky.graph.starterpack/3lk2aja5eay2n,1,at://did:plc:bfuck3vwwacatltdmnilloym/app.bsky.feed.generator/mutuals-ad
at://did:plc:ybqpgar7mamupzczgfjs2uah/app.bsky.graph.starterpack/3llzidkci762i,0,at://did:plc:odqmsar3ikz5ubokya4sempk/app.bsky.feed.generator/aaabfn4o34jdi
at://did:plc:ybqpgar7mamupzczgfjs2uah/app.bsky.graph.starterpack/3llzidkci762i,1,at://did:plc:odqmsar3ikz5ubokya4sempk/app.bsky.feed.generator/aaabhy3bowhbo
at://did:plc:ybqpgar7mamupzczgfjs2uah/app.bsky.graph.starterpack/3llzidkci762i,2,at://did:plc:odqmsar3ikz5ubokya4sempk/app.bsky.feed.generator/aaahvpkfdo5qo
at://did:plc:ybqpgar7mamupzczgfjs2uah/app.bsky.graph.starterpack/3lmemokdb4x2w,0,at://did:plc:mtw7bfxqppedkursd6zlb537/app.bsky.feed.generator/spicyvrc
at://did:plc:ybqpgar7mamupzczgfjs2uah/app.bsky.graph.starterpack/3lmemokdb4x2w,1,at://did:plc:kfzwlje6igopcdc76gejhpmj/app.bsky.feed.generator/aaambhmiazap2
at://did:plc:ybqpgar7mamupzczgfjs2uah/app.bsky.graph.starterpack/3lnrg3obhn527,0,at://did:plc:4jrld6fwpnwqehtce56qshzv/app.bsky.feed.generator/game-dev
