run_id,snapshot_hour_utc,captured_at_utc,viewer_mode,vantage_id,feed_uri,bucket,post_uri,post_cid,author_did,author_handle,record_created_at,indexed_at,text
e343bb6533dc432482842160f550d38b,2026-02-28T01:00:00Z,2026-02-28T01:17:44Z,auth,auth_enUS_labelerexp,at://did:plc:4jb3re5tvklsvhuc3lkerj5q/app.bsky.feed.generator/aaak6p5s2f3cu,suggested_labelerexp,at://did:plc:x7ctpap6xtexldfhrkcm5hhi/app.bsky.feed.post/3mfucwkpo2bj2,bafyreigtv5c6ooe7t226qbrf4te6qbqbt4rd6qxsvtttwhhbgwvuh252je,did:plc:x7ctpap6xtexldfhrkcm5hhi,kofanchen.biologists.social.ap.brid.gy,2026-02-27T18:15:24.000Z,2026-02-27T18:18:22.250Z,"#Accadamicchatter
Had a very full but satisfying week. Tick off all the items on the ""To Do"" list and had a pint in the pub with the colleagues! 😁"
e343bb6533dc432482842160f550d38b,2026-02-28T01:00:00Z,2026-02-28T01:17:45Z,auth,auth_enUS_labelerexp,at://did:plc:6brknehpd7ecbvd56ko6mhlm/app.bsky.feed.generator/aaaby3zazwhrq,suggested_labelerexp,at://did:plc:atqha7cmdeptuv7wjgwlvdbn/app.bsky.feed.post/3mfv2cgt4mz2v,bafyreifei2abb2ikzyjkhg2f6ep4lae2ocqdoxujjn7lscrxlktw5gpfve,did:plc:atqha7cmdeptuv7wjgwlvdbn,citizenwald.bsky.social,2026-02-28T01:13:46.000Z,2026-02-28T01:13:47.851Z,"Long day

channeling Joanne Freeman here

#skystorians"
e343bb6533dc432482842160f550d38b,2026-02-28T01:00:00Z,2026-02-28T01:17:45Z,auth,auth_enUS_labelerexp,at://did:plc:7tessqxe6pssegenvcehnu6t/app.bsky.feed.generator/aaapo66fyrrga,suggested_labelerexp,at://did:plc:n7xsqoc7ztdsmfuvfmtndp52/app.bsky.feed.post/3mfuzobma5k2m,bafyreicbe3ijefd7dtmfp7goqjznwy2iz3r23dwyxnucgoqbqki3t2z7ia,did:plc:n7xsqoc7ztdsmfuvfmtndp52,catacalypto.bsky.social,2026-02-28T01:02:30.567Z,2026-02-28T01:02:31.159Z,this makes me feel better about all the times I lose
e343bb6533dc432482842160f550d38b,2026-02-28T01:00:00Z,2026-02-28T01:17:45Z,auth,auth_enUS_labelerexp,at://did:plc:7tessqxe6pssegenvcehnu6t/app.bsky.feed.generator/aaapo66fyrrga,suggested_labelerexp,at://did:plc:nrh7ngbqmdfdxowtxn6dazec/app.bsky.feed.post/3mfuy55spnc2t,bafyreigiofwr7oczu5vc7r6zbstlnpc74slqku6tftzdeuygx45n3dyuci,did:plc:nrh7ngbqmdfdxowtxn6dazec,docseuss.bsky.social,2026-02-28T00:35:02.418Z,2026-02-28T00:35:05.553Z,*gestures at publishers* give me one million dollars and i will make you very happy you signed me
e343bb6533dc432482842160f550d38b,2026-02-28T01:00:00Z,2026-02-28T01:17:45Z,auth,auth_enUS_labelerexp,at://did:plc:7tessqxe6pssegenvcehnu6t/app.bsky.feed.generator/aaapo66fyrrga,suggested_labelerexp,at://did:plc:5oe5abkdpfipztz64dkfjby7/app.bsky.feed.post/3mfuwylyutc2a,bafyreifgvcpna7ltjlr7gjuunbs6u6iuk6kfksm2fxymt7x37ofl3tu6xm,did:plc:5oe5abkdpfipztz64dkfjby7,hownottodraw.bsky.social,2026-02-28T00:14:35.786Z,2026-02-28T00:14:34.556Z,"I worked at Official Xbox and Official Nintendo magazines, and neither were owned by the publisher or retailer. I was never pressured to give a good review and I CERTAINLY wasn't paid enough to shill. Games journalism has always been enthusiast press - we just like the subject a lot."
e343bb6533dc432482842160f550d38b,2026-02-28T01:00:00Z,2026-02-28T01:17:47Z,auth,auth_enUS_labelerexp,at://did:plc:dkh643asru53huyrgpjmobgl/app.bsky.feed.generator/aaacg5ovpq3w6,suggested_labelerexp,at://did:plc:ru5zioxqfv6fctxyl45qqcj7/app.bsky.feed.post/3mfuwhe76vxii,bafyreidevucbvpv57kztbak5y3jnussiln7ukakel4ioikmu6fdu7c2bui,did:plc:ru5zioxqfv6fctxyl45qqcj7,nataliehall.bsky.social,2026-02-28T00:04:57.178Z,2026-02-28T00:05:12.855Z,It’s Pokemon day so get ready y’all cause I gotta loooooot of sketches 
e343bb6533dc432482842160f550d38b,2026-02-28T01:00:00Z,2026-02-28T01:17:49Z,auth,auth_enUS_labelerexp,at://did:plc:geoqe3qls5mwezckxxsewys2/app.bsky.feed.generator/aaabrbjcg4hmk,suggested_labelerexp,at://did:plc:mfl376sgl5e4atkl3ioc56nd/app.bsky.feed.post/3mfv2gwdke22z,bafyreihpwbznsxbvo254kwwyysb3jm2wlusapf6gevoaicb62npuaheiw4,did:plc:mfl376sgl5e4atkl3ioc56nd,nsiabblog.bsky.social,2026-02-28T01:16:17.606Z,2026-02-28T01:16:19.657Z,"10 FREE BOOKS from Shandi Boyes! #booksky
Enigma: amazon.com/dp/B01LYBKEH6
Hotshot Boss: amazon.com/dp/B0B3M7S643
Doctored Vows: amazon.com/dp/B0D48PMR5Z
Sugar and Spice: amazon.com/dp/B07MBB25ST
Just Playin': amazon.com/dp/B07VXGXLM9
Dimitri: amazon.com/dp/B08CYCVQFG"
e343bb6533dc432482842160f550d38b,2026-02-28T01:00:00Z,2026-02-28T01:17:49Z,auth,auth_enUS_labelerexp,at://did:plc:geoqe3qls5mwezckxxsewys2/app.bsky.feed.generator/aaabrbjcg4hmk,suggested_labelerexp,at://did:plc:4pfwrlggkwoclup42zt6sujl/app.bsky.feed.post/3mfv2evfs322e,bafyreidoyuipdh5txa4fllv2mit7z4zuhtqx2nxlg5uh6r2ohv2rylpoei,did:plc:4pfwrlggkwoclup42zt6sujl,chainsawmochi.bsky.social,2026-02-28T01:15:09.525Z,2026-02-28T01:15:14.057Z,"My Review of ""The Wolf and His King"" by Finn Longman is now up on my usual platforms! 4.5/5 stars, recommended!

www.netgalley.com/book/702501/...

app.thestorygraph.com/reviews/5643...

chainsawmochi.wordpress.com/2026/02/27/b...

www.goodreads.com/review/show/...

#booksky #lgbtqia+"
e343bb6533dc432482842160f550d38b,2026-02-28T01:00:00Z,2026-02-28T01:17:49Z,auth,auth_enUS_labelerexp,at://did:plc:geoqe3qls5mwezckxxsewys2/app.bsky.feed.generator/aaabrbjcg4hmk,suggested_labelerexp,at://did:plc:2bdw7fvv4g4edwm4rovg2fls/app.bsky.feed.post/3mfv2ehlyes2g,bafyreiccl3gtjxf6m4q52juieq742p2cn6uaunsuy4yx54qcobuhp2ntoy,did:plc:2bdw7fvv4g4edwm4rovg2fls,athistleinthewind.bsky.social,2026-02-28T01:14:55.028Z,2026-02-28T01:14:59.152Z,Quote of the day #BookSky
e343bb6533dc432482842160f550d38b,2026-02-28T01:00:00Z,2026-02-28T01:17:49Z,auth,auth_enUS_labelerexp,at://did:plc:geoqe3qls5mwezckxxsewys2/app.bsky.feed.generator/aaabrbjcg4hmk,suggested_labelerexp,at://did:plc:e7em534iyjjwgujhrteffxep/app.bsky.feed.post/3mfv2cvw62b23,bafyreicw7i7lyviifbzde67l6lxtxbs4tzja3wglqw6clc64uog2q4uiai,did:plc:e7em534iyjjwgujhrteffxep,jbiebezr.bsky.social,2026-02-28T01:14:02.738Z,2026-02-28T01:14:05.551Z,"Estou em 15% de ""Recados do além (IDEAL)"" - Francisco Cândido Xavier

🟢 pensativa

→ maratona.app 💙📚 https://maratona.social/att/cmm5modrq00o404jy2fwc46vf"
e343bb6533dc432482842160f550d38b,2026-02-28T01:00:00Z,2026-02-28T01:17:49Z,auth,auth_enUS_labelerexp,at://did:plc:geoqe3qls5mwezckxxsewys2/app.bsky.feed.generator/aaabrbjcg4hmk,suggested_labelerexp,at://did:plc:e7em534iyjjwgujhrteffxep/app.bsky.feed.post/3mfv2ck2cpx22,bafyreia4rqe25u3wuqj5n77yejmzwhlf2mmmwne437k5t3siubweo2zmfq,did:plc:e7em534iyjjwgujhrteffxep,jbiebezr.bsky.social,2026-02-28T01:13:50.297Z,2026-02-28T01:13:51.052Z,"Estou em 17% de ""Recados do além (IDEAL)"" - Francisco Cândido Xavier

🟢 pensativa

→ maratona.app 💙📚 https://maratona.social/att/cmm5mo3ks00fl04jiup6wvwtn"
e343bb6533dc432482842160f550d38b,2026-02-28T01:00:00Z,2026-02-28T01:17:49Z,auth,auth_enUS_labelerexp,at://did:plc:geoqe3qls5mwezckxxsewys2/app.bsky.feed.generator/aaabrbjcg4hmk,suggested_labelerexp,at://did:plc:v3ozumtqcapoplh2fpjrvsj3/app.bsky.feed.post/3mfv27bjxkc2v,bafyreiccbhgtkm33aoalmzj4do7upy47nx5qwizcahvo32hjousrbfvwpa,did:plc:v3ozumtqcapoplh2fpjrvsj3,ccpublishing.bsky.social,2026-02-28T01:12:00.916Z,2026-02-28T01:12:03.656Z,"We will be represented at AWP26 in Baltimore by three extraordinary authors — Tulasi Acharya, Dawn Caldwell, and Barbara G. Tucker. If you're attending #AWP26, visit Booth 771 and help us celebrate.

Small press. Big stories. 

#Memoir #ChildrensBooks #LiteraryFiction💙📚 #booksky"
e343bb6533dc432482842160f550d38b,2026-02-28T01:00:00Z,2026-02-28T01:17:49Z,auth,auth_enUS_labelerexp,at://did:plc:geoqe3qls5mwezckxxsewys2/app.bsky.feed.generator/aaabrbjcg4hmk,suggested_labelerexp,at://did:plc:3zgr6zmgvau4vj7nhaf3yl4t/app.bsky.feed.post/3mfv24hyqzk2i,bafyreifk4msse3tfreo5mon52vbxhuyo4yxh7w7gvg4kf66st7lrg6nspa,did:plc:3zgr6zmgvau4vj7nhaf3yl4t,junqueiraliv.bsky.social,2026-02-28T01:10:27.025Z,2026-02-28T01:10:27.355Z,"#BookSky
#BlueBrewBooks"
e343bb6533dc432482842160f550d38b,2026-02-28T01:00:00Z,2026-02-28T01:17:49Z,auth,auth_enUS_labelerexp,at://did:plc:geoqe3qls5mwezckxxsewys2/app.bsky.feed.generator/aaabrbjcg4hmk,suggested_labelerexp,at://did:plc:bewpauetgvtqajhhsnlniph7/app.bsky.feed.post/3mfv23rnmb22k,bafyreieuduaq4ar2ie3c2dcvdz53r2bgad4wymehecdmrskpldepusoweq,did:plc:bewpauetgvtqajhhsnlniph7,pjbraley.bsky.social,2026-02-28T01:10:03.596Z,2026-02-28T01:10:06.188Z,"I am celebrating the birthday of Henry Wadsworth Longfellow, American poet and writer, author of one of the most beautiful English translations of Dante’s La Commedia ever written. More than a linguist – a word artist. 📚💙 

More: www.poetryfoundation.org/poets/henry-... 

#authors #quotes #nation"
e343bb6533dc432482842160f550d38b,2026-02-28T01:00:00Z,2026-02-28T01:17:49Z,auth,auth_enUS_labelerexp,at://did:plc:geoqe3qls5mwezckxxsewys2/app.bsky.feed.generator/aaabrbjcg4hmk,suggested_labelerexp,at://did:plc:6sdx24lgvi64j7guj2afxe5f/app.bsky.feed.post/3mfv23l54f22s,bafyreicfherkrbno244x2vogjmtrr3e723qqqzmdbaqclfgd2lrkswlcmi,did:plc:6sdx24lgvi64j7guj2afxe5f,aydan-sattler.bsky.social,2026-02-28T01:09:56.750Z,2026-02-28T01:10:04.350Z,"You know you’re a nerd when you read a dragon book next to a giant sword while wearing earring you made for a cosplay.

Check out my cosplayers: @mistborn-silver.bsky.social 

Reading: “The Last Dragon on Mars” by Scott Reintgen

#BookSky #CosplaySky #BookWyrm #Reader #NerdLife"
e343bb6533dc432482842160f550d38b,2026-02-28T01:00:00Z,2026-02-28T01:17:49Z,auth,auth_enUS_labelerexp,at://did:plc:geoqe3qls5mwezckxxsewys2/app.bsky.feed.generator/aaabrbjcg4hmk,suggested_labelerexp,at://did:plc:b7xflrtra6puulrzilyxeh3d/app.bsky.feed.post/3mfv23b7p5s2k,bafyreib4eq7qjy4tlcdou4kc5resudxqs374qym7pj53sllbff36466kbq,did:plc:b7xflrtra6puulrzilyxeh3d,writerpoetsierra.bsky.social,2026-02-28T01:09:46.364Z,2026-02-28T01:09:47.756Z,#WhatLiesBeneathTheSurface #PoetrySky #BookSky #WriterSky Day 9: Survival Of The Strongest
e343bb6533dc432482842160f550d38b,2026-02-28T01:00:00Z,2026-02-28T01:17:49Z,auth,auth_enUS_labelerexp,at://did:plc:geoqe3qls5mwezckxxsewys2/app.bsky.feed.generator/aaabrbjcg4hmk,suggested_labelerexp,at://did:plc:4gpjgl43svj3eusyxnas5x4d/app.bsky.feed.post/3mfuzoomgj22p,bafyreibnxy3y7t4rjt4zosxxzp4kuzhiaqaaevt4vblyyitjjnhsnww5da,did:plc:4gpjgl43svj3eusyxnas5x4d,hashtagspiruli.bsky.social,2026-02-28T01:02:44.202Z,2026-02-28T01:03:20.354Z,Further Weekend Reading: NOTHING TASTES AS GOOD by Luke Dumas. #amReading #NetGalley #BookSky #ReadSky
e343bb6533dc432482842160f550d38b,2026-02-28T01:00:00Z,2026-02-28T01:17:49Z,auth,auth_enUS_labelerexp,at://did:plc:geoqe3qls5mwezckxxsewys2/app.bsky.feed.generator/aaabrbjcg4hmk,suggested_labelerexp,at://did:plc:4gpjgl43svj3eusyxnas5x4d/app.bsky.feed.post/3mfuzbmsgo22p,bafyreidvttycztqpouxdg5nxedv2iwms5rdvqbpfbrnmo6saikg6v7v2li,did:plc:4gpjgl43svj3eusyxnas5x4d,hashtagspiruli.bsky.social,2026-02-28T00:55:26.093Z,2026-02-28T00:56:03.852Z,"Weekend Read: MURDER BIMBO by Rebecca Novack. Recom by @almakatsu.bsky.social who writes terrific thrillers, too. #amReading #BookSky #ReadSky"
e343bb6533dc432482842160f550d38b,2026-02-28T01:00:00Z,2026-02-28T01:17:49Z,auth,auth_enUS_labelerexp,at://did:plc:geoqe3qls5mwezckxxsewys2/app.bsky.feed.generator/aaabrbjcg4hmk,suggested_labelerexp,at://did:plc:zgfyct3voge2yvotzkdozg4k/app.bsky.feed.post/3mfuz6shpqc2z,bafyreihdzmm4bui5sq7fodleeykmryeuhqa4ibf4xi3f3axv4icnvf7yiq,did:plc:zgfyct3voge2yvotzkdozg4k,kravitzandsons.bsky.social,2026-02-28T00:53:51.374Z,2026-02-28T00:53:52.156Z,"🛒Grab your copies:
KravitzandSons Bookstore:
kravitzandsons.com/books/betray...
Amazon:
a.co/d/0heICIWl
Barnes&Noble:
www.barnesandnoble.com/w/betrayed-r...

#authorlife #writercommunity #2026mustreads  #booksky #Kravitzandsons #WorthToRead #bookcommunity #writercommunity #RossGallen #Betrayed"
e343bb6533dc432482842160f550d38b,2026-02-28T01:00:00Z,2026-02-28T01:17:49Z,auth,auth_enUS_labelerexp,at://did:plc:geoqe3qls5mwezckxxsewys2/app.bsky.feed.generator/aaabrbjcg4hmk,suggested_labelerexp,at://did:plc:geqeavgcrqwuybiix6cw34m2/app.bsky.feed.post/3mfuz6psctk2l,bafyreihzqcodunuwbhxm6hzhumvu4hpc6ttj7g7bfuddsenguqf424mq34,did:plc:geqeavgcrqwuybiix6cw34m2,handle.invalid,2026-02-28T00:53:48.366Z,2026-02-28T00:53:48.757Z,"Estou em 85% de ""Nero"" - S.J. Tilly



→ maratona.app 💙📚"
e343bb6533dc432482842160f550d38b,2026-02-28T01:00:00Z,2026-02-28T01:17:49Z,auth,auth_enUS_labelerexp,at://did:plc:geoqe3qls5mwezckxxsewys2/app.bsky.feed.generator/aaabrbjcg4hmk,suggested_labelerexp,at://did:plc:mz5n3zu5ksrn5wa7tlahaxth/app.bsky.feed.post/3mfuz675uas2b,bafyreigrlp7nwgn4t5qsyjfdqh2tfnshia32ntcyn5eijnyq3wswpauvwi,did:plc:mz5n3zu5ksrn5wa7tlahaxth,lsauclair.bsky.social,2026-02-28T00:53:31.128Z,2026-02-28T00:53:32.152Z,"Excited for this event! I had a conflict with the date last year, so if I start planning now, I hope that it will work out this year! Are any of my #booksky friends planning to go?

www.nhbookfestival.org"
e343bb6533dc432482842160f550d38b,2026-02-28T01:00:00Z,2026-02-28T01:17:49Z,auth,auth_enUS_labelerexp,at://did:plc:geoqe3qls5mwezckxxsewys2/app.bsky.feed.generator/aaabrbjcg4hmk,suggested_labelerexp,at://did:plc:f5m5f3coauktzvxa4qjbzdks/app.bsky.feed.post/3mfuz5vcfph2j,bafyreiavjll7cu4iiff7jhnbshgqkb5i2rwil33ys27vkzimxyjbxzjiye,did:plc:f5m5f3coauktzvxa4qjbzdks,simonebastos.bsky.social,2026-02-28T00:53:20.763Z,2026-02-28T00:53:20.952Z,"Estou em 29% de ""Ensaio sobre a cegueira (Ensaio sobre a cegueira, #1)"" - José Saramago

🔵 triste | 🔴 indignada

→ maratona.app 💙📚 https://maratona.social/att/cmm5lxr8x00ch04jyahrhnkwr"
e343bb6533dc432482842160f550d38b,2026-02-28T01:00:00Z,2026-02-28T01:17:49Z,auth,auth_enUS_labelerexp,at://did:plc:geoqe3qls5mwezckxxsewys2/app.bsky.feed.generator/aaabrbjcg4hmk,suggested_labelerexp,at://did:plc:nf52fscqsnudyh6wyv3dhluu/app.bsky.feed.post/3mfuz3br4m222,bafyreifnermpiuq4vwrtzvj4hwyt5pjevxmnu4qpzytkqvdselmyo6jddy,did:plc:nf52fscqsnudyh6wyv3dhluu,rainbowofcrazy.bsky.social,2026-02-28T00:51:53.142Z,2026-02-28T00:51:55.806Z,"36. Natsume's Book of Friends, Vol. 1, by Yuki Midorikawa 💙📚🪐

TY @flickerbucket.bsky.social for this manga rec bc it was right up my alley! It's also episodic but worked better for me than Mushishi. Sad yet joyful, a very interesting mix of emotions and characters & aa my heart 🥹 Excited for more!"
e343bb6533dc432482842160f550d38b,2026-02-28T01:00:00Z,2026-02-28T01:17:49Z,auth,auth_enUS_labelerexp,at://did:plc:geoqe3qls5mwezckxxsewys2/app.bsky.feed.generator/aaabrbjcg4hmk,suggested_labelerexp,at://did:plc:hnmysus3zvditkqzd5xpyego/app.bsky.feed.post/3mfuz33s56z2c,bafyreigjmvuuf3665lhk5ekjohtdb26t7jre5ejtrensjtzdlucrzshpr4,did:plc:hnmysus3zvditkqzd5xpyego,darieler.bsky.social,2026-02-28T00:51:46.908Z,2026-02-28T00:51:47.058Z,"Finalizei leitura de ""Cutelo e Corvo"" - Brynne Weaver

🟡 apaixonada | 🟠 surtada | 🟣 focada

→ maratona.app 💙📚 https://maratona.social/att/cmm5lvr7000ox04jz17lt1cmo"
e343bb6533dc432482842160f550d38b,2026-02-28T01:00:00Z,2026-02-28T01:17:49Z,auth,auth_enUS_labelerexp,at://did:plc:geoqe3qls5mwezckxxsewys2/app.bsky.feed.generator/aaabrbjcg4hmk,suggested_labelerexp,at://did:plc:irwpb4uqw74kucocvgwt63zj/app.bsky.feed.post/3mfuz244pxk2g,bafyreigjzwqwzzctnrw7t3bpzhjxjnu2d6jnesspgm4qqhv7gvbk345hxa,did:plc:irwpb4uqw74kucocvgwt63zj,mdus.bsky.social,2026-02-28T00:51:13.510Z,2026-02-28T00:51:13.856Z,"Estou em 46% de ""Minha Primeira Escolha (Corações de Diamante Livro 1)"" - Franciely Oliveira

🟢 curiosa | 🟣 focada | 🟠 ansiosa | 🔵 entediada | 🟡 surpresa

→ maratona.app 💙📚"
e343bb6533dc432482842160f550d38b,2026-02-28T01:00:00Z,2026-02-28T01:17:49Z,auth,auth_enUS_labelerexp,at://did:plc:geoqe3qls5mwezckxxsewys2/app.bsky.feed.generator/aaabrbjcg4hmk,suggested_labelerexp,at://did:plc:udelsjvkcxixsx5bsey2yxhw/app.bsky.feed.post/3mfuyzjlwhz2k,bafyreickjt6boboo2tbcs7a7mbdg33p7bwqmdhlrb6uxndpv3i5mhstjyq,did:plc:udelsjvkcxixsx5bsey2yxhw,arualscottage.bsky.social,2026-02-28T00:50:54.091Z,2026-02-28T00:50:54.851Z,"Estou em 59% de ""Imperfeitos"" - Christina Lauren

🟢 curiosa | 🟠 tensa

→ maratona.app 💙📚 https://maratona.social/att/cmm5lumdd01dz04l2yflwldoo"
e343bb6533dc432482842160f550d38b,2026-02-28T01:00:00Z,2026-02-28T01:17:49Z,auth,auth_enUS_labelerexp,at://did:plc:geoqe3qls5mwezckxxsewys2/app.bsky.feed.generator/aaabrbjcg4hmk,suggested_labelerexp,at://did:plc:5jqjchofhy6ly7mobtmnxy43/app.bsky.feed.post/3mfuyzf3xg22t,bafyreieimmls7s5k7oepdnrirbvpevaqi4nwfwmvnudfmnucw3mvnkq3rm,did:plc:5jqjchofhy6ly7mobtmnxy43,beckettcoven.bsky.social,2026-02-28T00:50:49.585Z,2026-02-28T00:50:50.950Z,"Do you want to be part of a coven? #witchbook #booksky
💙📚🩸"
e343bb6533dc432482842160f550d38b,2026-02-28T01:00:00Z,2026-02-28T01:17:49Z,auth,auth_enUS_labelerexp,at://did:plc:geoqe3qls5mwezckxxsewys2/app.bsky.feed.generator/aaabrbjcg4hmk,suggested_labelerexp,at://did:plc:f5m5f3coauktzvxa4qjbzdks/app.bsky.feed.post/3mfuyroiq4w2q,bafyreigqumnatj2vg5jho33ff4exz4b5jhex3scke4v3hgqcqaaexwnqkq,did:plc:f5m5f3coauktzvxa4qjbzdks,simonebastos.bsky.social,2026-02-28T00:46:30.978Z,2026-02-28T00:46:31.250Z,"Finalizei leitura de ""The Chase"" - Elle Kennedy

🟡 divertida | 🟠 ansiosa

→ maratona.app 💙📚 https://maratona.social/att/cmm5loz7900ko04jzpx3hp8sm"
e343bb6533dc432482842160f550d38b,2026-02-28T01:00:00Z,2026-02-28T01:17:49Z,auth,auth_enUS_labelerexp,at://did:plc:geoqe3qls5mwezckxxsewys2/app.bsky.feed.generator/aaabrbjcg4hmk,suggested_labelerexp,at://did:plc:qu2slumfck62jn2qf4bhztzr/app.bsky.feed.post/3mfuyqbzdzs25,bafyreidbuxpcwtv52dxbfu54io7pvzqhqfp6rrgcsjvk6is7e55sgz35du,did:plc:qu2slumfck62jn2qf4bhztzr,katherinemcintyre.bsky.social,2026-02-28T00:45:44.363Z,2026-02-28T00:45:46.454Z,"Want a hot new trans Little Mermaid retelling? While the book isn't coming until April, there's a few more days left to join in for an early ARC! 

forms.gle/6XCp8yv6218M...

#booksky #monsterfucker #mmromance"
e343bb6533dc432482842160f550d38b,2026-02-28T01:00:00Z,2026-02-28T01:17:49Z,auth,auth_enUS_labelerexp,at://did:plc:geoqe3qls5mwezckxxsewys2/app.bsky.feed.generator/aaabrbjcg4hmk,suggested_labelerexp,at://did:plc:tgbmnfhelkydfnv2s36fjnd2/app.bsky.feed.post/3mfuyna7eu22l,bafyreigyixpgoowijm5bryo742yhvbi4czueuo5l23esgtj7ntyhfb6crm,did:plc:tgbmnfhelkydfnv2s36fjnd2,j-w-marek.bsky.social,2026-02-28T00:44:01.798Z,2026-02-28T00:44:07.759Z,"#booksky

📚💙 I have 33 books on Amazon that I've either written or edited/annotated. Give them a look!

Yes, I write about Ceremonial Magic.

Search under my full name, ""Joseph William Marek"", on Amazon. 💙📚"
e343bb6533dc432482842160f550d38b,2026-02-28T01:00:00Z,2026-02-28T01:17:49Z,auth,auth_enUS_labelerexp,at://did:plc:geoqe3qls5mwezckxxsewys2/app.bsky.feed.generator/aaabrbjcg4hmk,suggested_labelerexp,at://did:plc:n7kvzhe6i5no3pztvaurozjp/app.bsky.feed.post/3mfuyjntegz2q,bafyreid2izywkwbgydbfviz257qhj7izz6ks7qjmynu56eicojn7xzwyzy,did:plc:n7kvzhe6i5no3pztvaurozjp,kindles.bsky.social,2026-02-28T00:42:00.407Z,2026-02-28T00:42:02.750Z,"Too Late: Definitive Edition

""Love shouldn’t feel like added weight It should make you feel as light as air""

Sale: $18.99 to $2.99

by Colleen Hoover
Rating: 4.4/5 (126,598 Reviews)

#Thriller #Psychological #Romance #Suspense #Books #BookTok #BookSky"
e343bb6533dc432482842160f550d38b,2026-02-28T01:00:00Z,2026-02-28T01:17:49Z,auth,auth_enUS_labelerexp,at://did:plc:geoqe3qls5mwezckxxsewys2/app.bsky.feed.generator/aaabrbjcg4hmk,suggested_labelerexp,at://did:plc:fjeq7scipthphqdjjnktz3kj/app.bsky.feed.post/3mfuyikslis2r,bafyreibvmcecavarfndyh5iukgojwhgpgyhsyaddq2qspzkidbqibda7ya,did:plc:fjeq7scipthphqdjjnktz3kj,nikchick.bsky.social,2026-02-28T00:41:25.140Z,2026-02-28T00:41:26.955Z,"30 day books-by-women challenge! Choose 30 books, one per day, no particular order, that you’ve read that were written by women. #BookSky #30DaysBooksByWomen #books 24/30"
e343bb6533dc432482842160f550d38b,2026-02-28T01:00:00Z,2026-02-28T01:17:49Z,auth,auth_enUS_labelerexp,at://did:plc:geoqe3qls5mwezckxxsewys2/app.bsky.feed.generator/aaabrbjcg4hmk,suggested_labelerexp,at://did:plc:zwgu5a5e4zg4rlh6l6kj2nsv/app.bsky.feed.post/3mfuyikfrds2l,bafyreihybbz3pti4ifgao2bhrv54eqf3fpmug73qcx6fbelulq6g5qjx7i,did:plc:zwgu5a5e4zg4rlh6l6kj2nsv,notforthegirls.bsky.social,2026-02-28T00:41:24.723Z,2026-02-28T00:41:25.461Z,#booksky
e343bb6533dc432482842160f550d38b,2026-02-28T01:00:00Z,2026-02-28T01:17:49Z,auth,auth_enUS_labelerexp,at://did:plc:geoqe3qls5mwezckxxsewys2/app.bsky.feed.generator/aaabrbjcg4hmk,suggested_labelerexp,at://did:plc:pdbwgrhll4rnyje6ytelz2k6/app.bsky.feed.post/3mfuyhssyys2c,bafyreidmrcmyc3yutha6xt7bcdraecnxkyqjlrovqnc4qc6c24bqjl7hqe,did:plc:pdbwgrhll4rnyje6ytelz2k6,lewislibrary4052.bsky.social,2026-02-28T00:40:59.989Z,2026-02-28T00:41:03.054Z,"If you enjoy thrillers, I gave this a 4 out of 5 stars
#booksky

www.goodreads.com/review/show/..."
e343bb6533dc432482842160f550d38b,2026-02-28T01:00:00Z,2026-02-28T01:17:49Z,auth,auth_enUS_labelerexp,at://did:plc:geoqe3qls5mwezckxxsewys2/app.bsky.feed.generator/aaabrbjcg4hmk,suggested_labelerexp,at://did:plc:wlva433zzuwcwa2rjbfmbgpi/app.bsky.feed.post/3mfuygpdakg2n,bafyreiawxxg6fljze7r643s7ig6xlzyk4f65m6qaodd7uy4np3rnrablma,did:plc:wlva433zzuwcwa2rjbfmbgpi,poetisatorturada.bsky.social,2026-02-28T00:40:22.748Z,2026-02-28T00:40:22.976Z,"Iniciando leitura de ""A Heroína da Alvorada (A Rebelde do Deserto #3)"" - Alwyn Hamilton



→ maratona.app 💙📚 https://maratona.social/att/cmm5lh2kv00eg04jzqlmh8g69"
e343bb6533dc432482842160f550d38b,2026-02-28T01:00:00Z,2026-02-28T01:17:49Z,auth,auth_enUS_labelerexp,at://did:plc:geoqe3qls5mwezckxxsewys2/app.bsky.feed.generator/aaabrbjcg4hmk,suggested_labelerexp,at://did:plc:3vp5er4iek7ynpa4iwpvtvex/app.bsky.feed.post/3mfuydmsfnk2m,bafyreidwdxiefj7jo4uzdoi37m6xxmwikzx4gefmjt6wtjn5jmluodlbhi,did:plc:3vp5er4iek7ynpa4iwpvtvex,anamhunter.bsky.social,2026-02-28T00:38:39.408Z,2026-02-28T00:38:39.752Z,"#booksky
2026 Reading Challenge book 18
I. V. Marie - Immortal Consequences
February 26-February 27
⭐⭐⭐⭐"
e343bb6533dc432482842160f550d38b,2026-02-28T01:00:00Z,2026-02-28T01:17:49Z,auth,auth_enUS_labelerexp,at://did:plc:geoqe3qls5mwezckxxsewys2/app.bsky.feed.generator/aaabrbjcg4hmk,suggested_labelerexp,at://did:plc:e572ap6w3at6h2ur3peuozcc/app.bsky.feed.post/3mfuycknd522w,bafyreieiokj45xbbtipj4suo5u4xyduoynqrkaxms4vi3kwnd7j2n6xusm,did:plc:e572ap6w3at6h2ur3peuozcc,roselinbooks.bsky.social,2026-02-28T00:38:03.644Z,2026-02-28T00:38:22.256Z,A new episode of Grey is up today! We made it to the double-digit chapters. I'm celebrating this because it means we're closer to being done XD #booksky
e343bb6533dc432482842160f550d38b,2026-02-28T01:00:00Z,2026-02-28T01:17:49Z,auth,auth_enUS_labelerexp,at://did:plc:geoqe3qls5mwezckxxsewys2/app.bsky.feed.generator/aaabrbjcg4hmk,suggested_labelerexp,at://did:plc:e2ctbutx6kya6si4if5ngjmm/app.bsky.feed.post/3mfuyadsquc2k,bafyreif7go7m3wcmes7qf42yyltcgokqjmanpc5luqynbfktpt2g64gvba,did:plc:e2ctbutx6kya6si4if5ngjmm,jacky.wtf,2026-02-28T00:36:49.271Z,2026-02-28T00:37:09.156Z,"What new books have you gotten recently? Stella is into these! 

#BlackBookSky #BookSky"
e343bb6533dc432482842160f550d38b,2026-02-28T01:00:00Z,2026-02-28T01:17:49Z,auth,auth_enUS_labelerexp,at://did:plc:geoqe3qls5mwezckxxsewys2/app.bsky.feed.generator/aaabrbjcg4hmk,suggested_labelerexp,at://did:plc:dfalvzb4hxxhpj4eexed2itg/app.bsky.feed.post/3mfuy6xxnpz2l,bafyreigevuabh6epoun6z4spczq4oe23gtoonpekrvxixrp4v3guzwd23i,did:plc:dfalvzb4hxxhpj4eexed2itg,jubadazvdo.bsky.social,2026-02-28T00:36:03.367Z,2026-02-28T00:36:04.152Z,"Estou em 44% de ""The Apothecary Diaries: Volume 6 (Light Novel) (The Apothecary Diaries (Light Novel))"" - Natsu Hyuuga

🟢 curiosa | 🟢 relaxada | 🟡 afetuosa | 🟡 divertida | 🟣 conectada

→ maratona.app 💙📚 https://maratona.social/att/cmm5lbj3o00ah04jzv4h6cv5m"
e343bb6533dc432482842160f550d38b,2026-02-28T01:00:00Z,2026-02-28T01:17:50Z,auth,auth_enUS_labelerexp,at://did:plc:gyegckbmyj7r4vih65j7s5sf/app.bsky.feed.generator/aaace7qaoxhye,suggested_labelerexp,at://did:plc:u3g3rtwne4yypzk3w7m2mdfn/app.bsky.feed.post/3mfv26ef5ws23,bafyreictdezmn44iyxe33fb5v5wxssastlr2ypy2r4kjlhxdiesghhxqe4,did:plc:u3g3rtwne4yypzk3w7m2mdfn,bvielhaber.bsky.social,2026-02-28T01:11:30.351Z,2026-02-28T01:11:30.555Z,"Top 10 Marvel Characters?
Captain America
Captain Marvel
Captain Steubing
Captain Crunch
Captain my Captain 
Captain Hook
Captain Janeway
Captain & Tenille
El Capitan
Admiral Akbar"
e343bb6533dc432482842160f550d38b,2026-02-28T01:00:00Z,2026-02-28T01:17:50Z,auth,auth_enUS_labelerexp,at://did:plc:gyegckbmyj7r4vih65j7s5sf/app.bsky.feed.generator/aaace7qaoxhye,suggested_labelerexp,at://did:plc:uhxzefipixsi2jzdvppeecnm/app.bsky.feed.post/3mfv246s3dk2v,bafyreiap26aupw7rx7sdq5fbji2yszkmectvqjgedolixwl2o2tqmsld54,did:plc:uhxzefipixsi2jzdvppeecnm,adamosports.bsky.social,2026-02-28T01:10:17.352Z,2026-02-28T01:10:21.754Z,Darren Young vs Fred Rosser #njbgusa
e343bb6533dc432482842160f550d38b,2026-02-28T01:00:00Z,2026-02-28T01:17:50Z,auth,auth_enUS_labelerexp,at://did:plc:gyegckbmyj7r4vih65j7s5sf/app.bsky.feed.generator/aaace7qaoxhye,suggested_labelerexp,at://did:plc:t7m2cbvey6ugtwwhunt2q23w/app.bsky.feed.post/3mfv23xvzds2s,bafyreihbeiyundq3ikocsqvepnvdnyw4tg2krxh4hdel2ttvp75wc2z32a,did:plc:t7m2cbvey6ugtwwhunt2q23w,punkonbuslives.bsky.social,2026-02-28T01:10:10.161Z,2026-02-28T01:10:11.549Z,"What is your Star Trek project that only you would love?

The Travelers pluck Punk on Bus from 1986 San Francisco and take him on a tour of the best public transportation systems assuming the galaxy."
e343bb6533dc432482842160f550d38b,2026-02-28T01:00:00Z,2026-02-28T01:17:50Z,auth,auth_enUS_labelerexp,at://did:plc:gyegckbmyj7r4vih65j7s5sf/app.bsky.feed.generator/aaace7qaoxhye,suggested_labelerexp,at://did:plc:xbitfpvrviceyi6skethp2uq/app.bsky.feed.post/3mfv23v7hss24,bafyreidwindx753q62x4hcu24mrtfz4q5djznl4fsitsrqf243hgzdtlzm,did:plc:xbitfpvrviceyi6skethp2uq,deltajulietmike.bsky.social,2026-02-28T01:10:07.327Z,2026-02-28T01:10:07.651Z,"What is your Star Trek project that only you would love?

A Star Trek fan series from the perspective of the ship's counselor.

Like In Treatment, but on a Starship."
e343bb6533dc432482842160f550d38b,2026-02-28T01:00:00Z,2026-02-28T01:17:50Z,auth,auth_enUS_labelerexp,at://did:plc:gyegckbmyj7r4vih65j7s5sf/app.bsky.feed.generator/aaace7qaoxhye,suggested_labelerexp,at://did:plc:2r7muuhcqarjhxmuyzt26kw5/app.bsky.feed.post/3mfv22ivays2r,bafyreietyilnp75mhvus3slyiybyrjfrxyakvhaf3m4utgtf43v4kpiabi,did:plc:2r7muuhcqarjhxmuyzt26kw5,todayinnerdhistory.bsky.social,2026-02-28T01:09:20.853Z,2026-02-28T01:09:21.753Z,"Today In Nerd History February 28

For More Information
sites.google.com/view/today-i...

#TodayInNerdHistory #February28 #StarTrek #TheCloudMinders #StarTrekVoyager #Workforce #StarTrekDiscovery #LightAndShadows #StephanieBeacham #OlanSoule #AliLarter #FrankBonner #MichelleHorn #Birthday"
e343bb6533dc432482842160f550d38b,2026-02-28T01:00:00Z,2026-02-28T01:17:50Z,auth,auth_enUS_labelerexp,at://did:plc:gyegckbmyj7r4vih65j7s5sf/app.bsky.feed.generator/aaace7qaoxhye,suggested_labelerexp,at://did:plc:fzzpjcphbbrzosqymb4b6ffc/app.bsky.feed.post/3mfuzx6utf22s,bafyreigw7vi2gixuo4almxn3hi7riileqkklewkhrvf7zawyrmakhzjgjm,did:plc:fzzpjcphbbrzosqymb4b6ffc,sol2070.in,2026-02-28T01:07:29.693Z,2026-02-28T01:07:30.849Z,"- CBS and CBS News
- HBO and HBO Max
- CNN
- DC Comics
- Harry Potter
- TikTok
- Star Trek
- Warner Bros. Studios
- Comedy Central
- Avatar Studios
- A Bunch of Cable Channels and Networks"
e343bb6533dc432482842160f550d38b,2026-02-28T01:00:00Z,2026-02-28T01:17:50Z,auth,auth_enUS_labelerexp,at://did:plc:gyegckbmyj7r4vih65j7s5sf/app.bsky.feed.generator/aaace7qaoxhye,suggested_labelerexp,at://did:plc:afj3o7yatzf64x5gekjalbad/app.bsky.feed.post/3mfuzupuzqc2o,bafyreidq3rvfddr7th64xvf6u4oknpblj4q4tfbvgdw7kbmnxez6acsgja,did:plc:afj3o7yatzf64x5gekjalbad,srslymagenta.bsky.social,2026-02-28T01:06:06.851Z,2026-02-28T01:06:07.749Z,"Kid1 and I are watching Lower Decks: 

Me: but they have to have an honorable death. Like, playing this game (Klingon DnD) all the characters die, but the goal is for it to be in battle

1: with GRAVITAS 
Me: definitely
1: they intend to have a Hamster Death!
Me: ...
1: ...."
e343bb6533dc432482842160f550d38b,2026-02-28T01:00:00Z,2026-02-28T01:17:50Z,auth,auth_enUS_labelerexp,at://did:plc:gyegckbmyj7r4vih65j7s5sf/app.bsky.feed.generator/aaace7qaoxhye,suggested_labelerexp,at://did:plc:kqdmehaevn2p7lwraroirdvg/app.bsky.feed.post/3mfuztvjbqc2a,bafyreid2ldya3aulii5zzdkk6om5sdn5oqw7h2ypkj7uibbyqbxs2ozdq4,did:plc:kqdmehaevn2p7lwraroirdvg,junkyardjon.bsky.social,2026-02-28T01:05:39.211Z,2026-02-28T01:05:39.559Z,"Take a Star Trek episode and replace one word in the title with “bitch” (or “bitches”)

TOS: That Bitch Survives
TNG: Ensign Bitch
DS9: Bitch Me Out to the Holosuite
VOY: Death Bitch
ENT: The Bitchwalk"
e343bb6533dc432482842160f550d38b,2026-02-28T01:00:00Z,2026-02-28T01:17:50Z,auth,auth_enUS_labelerexp,at://did:plc:gyegckbmyj7r4vih65j7s5sf/app.bsky.feed.generator/aaace7qaoxhye,suggested_labelerexp,at://did:plc:m4bdrc2csri65zgrrlez6exi/app.bsky.feed.post/3mfuzt26gmk2s,bafyreiazcc2bp2q5fr35oevurrxx5vlh74eql2ix3cj4ibcvplukui2kbq,did:plc:m4bdrc2csri65zgrrlez6exi,mtgassr.bsky.social,2026-02-28T01:05:10.535Z,2026-02-28T01:05:12.056Z,Almost an all 4 star week but I just think that if Klingon Christopher Lloyd killed your son you’d come up with something a little more punchy than “I’ve had about enough of you” as you shove him to his death #LastFourWatched
e343bb6533dc432482842160f550d38b,2026-02-28T01:00:00Z,2026-02-28T01:17:50Z,auth,auth_enUS_labelerexp,at://did:plc:gyegckbmyj7r4vih65j7s5sf/app.bsky.feed.generator/aaace7qaoxhye,suggested_labelerexp,at://did:plc:7nmnzjc4urobo2ulib64ml7a/app.bsky.feed.post/3mfuzsw6ppc2j,bafyreicd5sva44lc7all2icg6hpm2wdf6gvx4fzeg2yzpjzovywne2ocxm,did:plc:7nmnzjc4urobo2ulib64ml7a,nightingveil.bsky.social,2026-02-28T01:05:06.361Z,2026-02-28T01:05:06.675Z,"Seeing a lot about how great Starfleet Academy is, but watching Zionist Oded Fehr talking about kids rebuilding after devastation is disgusting. Comcerns this is just going to resemble a Federation propaganda series."
e343bb6533dc432482842160f550d38b,2026-02-28T01:00:00Z,2026-02-28T01:17:50Z,auth,auth_enUS_labelerexp,at://did:plc:gyegckbmyj7r4vih65j7s5sf/app.bsky.feed.generator/aaace7qaoxhye,suggested_labelerexp,at://did:plc:5hcphcc5ocxkpwlmel36a62o/app.bsky.feed.post/3mfuzsad3z22a,bafyreiequd72qy7k5sgdfznwjv3tcctfughcgjza5q6pbznqqdlxjysn3m,did:plc:5hcphcc5ocxkpwlmel36a62o,thatjadelife.bsky.social,2026-02-28T01:04:43.437Z,2026-02-28T01:04:43.653Z,"What is your Star Trek project that only you would love?

-A West Wing-esq political show that takes place in President of the Federation’s office, focusing on the staff

-A show about the diplomatic corps of the Federationz"
e343bb6533dc432482842160f550d38b,2026-02-28T01:00:00Z,2026-02-28T01:17:50Z,auth,auth_enUS_labelerexp,at://did:plc:gyegckbmyj7r4vih65j7s5sf/app.bsky.feed.generator/aaace7qaoxhye,suggested_labelerexp,at://did:plc:owrim3t5raoyu6ebj522hmix/app.bsky.feed.post/3mfuzrx4wwc2f,bafyreibvo5d4pyx6lovcnmpfs44kpssrqvaryyanrulpe7sgy5mkfa3yoe,did:plc:owrim3t5raoyu6ebj522hmix,dunnagez.bsky.social,2026-02-28T01:04:33.753Z,2026-02-28T01:04:34.955Z,"Interestingly, these three boobed characters in two well known movies both share Star Trek connections. The feline stripper appeared in Star Trek V, while the sex worker in the original Total Recall was played by Lycia Naff, who also played the adorable  Ensign (later Captain) Sonya Gomez in TNG!"
e343bb6533dc432482842160f550d38b,2026-02-28T01:00:00Z,2026-02-28T01:17:50Z,auth,auth_enUS_labelerexp,at://did:plc:gyegckbmyj7r4vih65j7s5sf/app.bsky.feed.generator/aaace7qaoxhye,suggested_labelerexp,at://did:plc:r6js5cqtz2quex2niy6j5vti/app.bsky.feed.post/3mfuzrs6udc2w,bafyreibdtta6eigyid4rjitllx77hv7diziqjnjpfj4ni2xsgvhvevarui,did:plc:r6js5cqtz2quex2niy6j5vti,thatrji.bsky.social,2026-02-28T01:04:28.617Z,2026-02-28T01:04:28.758Z,"The most recent episode of Starfleet Academy has Robert Picardo bringing his SS+ game and ruining me 

May the Force be with you"
e343bb6533dc432482842160f550d38b,2026-02-28T01:00:00Z,2026-02-28T01:17:50Z,auth,auth_enUS_labelerexp,at://did:plc:gyegckbmyj7r4vih65j7s5sf/app.bsky.feed.generator/aaace7qaoxhye,suggested_labelerexp,at://did:plc:qi5tqyisvzuq2empgl65bfbb/app.bsky.feed.post/3mfuzqjxf4c2h,bafyreiessqlut5oqssjefq22bumdbbfxexfw5bwj66c6uykmrlkgfcm3aq,did:plc:qi5tqyisvzuq2empgl65bfbb,fsurich.bsky.social,2026-02-28T01:03:46.429Z,2026-02-28T01:03:46.858Z,The younger humpbacks haven’t seen Star Trek IV.
e343bb6533dc432482842160f550d38b,2026-02-28T01:00:00Z,2026-02-28T01:17:50Z,auth,auth_enUS_labelerexp,at://did:plc:gyegckbmyj7r4vih65j7s5sf/app.bsky.feed.generator/aaace7qaoxhye,suggested_labelerexp,at://did:plc:fqgsfdjimevykyfa5s6sj6dk/app.bsky.feed.post/3mfuzqax6hc22,bafyreics5muwo4rgbxgl5g5maniwzsrs3umzjxrg57n4bhrogbl2sophou,did:plc:fqgsfdjimevykyfa5s6sj6dk,bolianblue.bsky.social,2026-02-28T01:03:36.985Z,2026-02-28T01:03:37.451Z,"What is your Star Trek project that only you would love?

I was called a racist on tweeter dot com for saying I'd love a Star Trek: Blue show, where all of the characters were Bolian, Benzite and Andorian. Guess I could add Khionian to that list now too."
e343bb6533dc432482842160f550d38b,2026-02-28T01:00:00Z,2026-02-28T01:17:50Z,auth,auth_enUS_labelerexp,at://did:plc:gyegckbmyj7r4vih65j7s5sf/app.bsky.feed.generator/aaace7qaoxhye,suggested_labelerexp,at://did:plc:5672olf6vb3u4j26ctwoqczh/app.bsky.feed.post/3mfuzovuq422g,bafyreihwarjvsklimgsefpz7ez55srf62xfwlg3h6ng4aqgxd4zusmm4si,did:plc:5672olf6vb3u4j26ctwoqczh,neurosismancer.gay,2026-02-28T01:02:51.817Z,2026-02-28T01:02:52.256Z,"all of the star trek: starfleet academy haters can lick my entire goddamned fucking taint especially after s1e8

this is trek at its fucking best and if you cant see or understand that eat shit and go watch enterprise season 2 or something"
e343bb6533dc432482842160f550d38b,2026-02-28T01:00:00Z,2026-02-28T01:17:50Z,auth,auth_enUS_labelerexp,at://did:plc:gyegckbmyj7r4vih65j7s5sf/app.bsky.feed.generator/aaace7qaoxhye,suggested_labelerexp,at://did:plc:jbnriginiqitcc4h5cngn3qy/app.bsky.feed.post/3mfuzonjydx2g,bafyreidabbiybcg7fa56t2gfi23zpfndjyitthi5rcwerhpgqlar7wz374,did:plc:jbnriginiqitcc4h5cngn3qy,rawdiary.com,2026-02-28T01:02:41.941Z,2026-02-28T01:02:43.554Z,"U.S. Space Force Pauses National-Security Launches on ULA Vulcan After Booster Glitch — The U.S. Space Force has suspended national-security launches using United Launch Alliance's Vulcan rocket after operators detected a booster glitch, halting planned missions. The pause will prompt…"
e343bb6533dc432482842160f550d38b,2026-02-28T01:00:00Z,2026-02-28T01:17:50Z,auth,auth_enUS_labelerexp,at://did:plc:gyegckbmyj7r4vih65j7s5sf/app.bsky.feed.generator/aaace7qaoxhye,suggested_labelerexp,at://did:plc:4nm4tnsz7xrhppgj6puf4aot/app.bsky.feed.post/3mfuzomjaok2f,bafyreidabbiybcg7fa56t2gfi23zpfndjyitthi5rcwerhpgqlar7wz374,did:plc:4nm4tnsz7xrhppgj6puf4aot,upstract.com,2026-02-28T01:02:41.941Z,2026-02-28T01:02:42.653Z,"U.S. Space Force Pauses National-Security Launches on ULA Vulcan After Booster Glitch — The U.S. Space Force has suspended national-security launches using United Launch Alliance's Vulcan rocket after operators detected a booster glitch, halting planned missions. The pause will prompt…"
e343bb6533dc432482842160f550d38b,2026-02-28T01:00:00Z,2026-02-28T01:17:50Z,auth,auth_enUS_labelerexp,at://did:plc:gyegckbmyj7r4vih65j7s5sf/app.bsky.feed.generator/aaace7qaoxhye,suggested_labelerexp,at://did:plc:f4pyt4htk5q7hikh3v27obcm/app.bsky.feed.post/3mfuznqv63c2q,bafyreighqj4tazjn56qofuj7nf62xlusk3zsvhjaosuwnx4d5n6j5utrsm,did:plc:f4pyt4htk5q7hikh3v27obcm,mythicdruidess62.bsky.social,2026-02-28T01:02:13.033Z,2026-02-28T01:02:12.854Z,"""To destroy your home planet's ecosystem for imaginary wealth is highly illogical.”
— Mr. Spock"
e343bb6533dc432482842160f550d38b,2026-02-28T01:00:00Z,2026-02-28T01:17:50Z,auth,auth_enUS_labelerexp,at://did:plc:gyegckbmyj7r4vih65j7s5sf/app.bsky.feed.generator/aaace7qaoxhye,suggested_labelerexp,at://did:plc:av2csaxugyczjguju4nk7ytj/app.bsky.feed.post/3mfuznlaqnc2j,bafyreif4qx7prcv4xgmk5jsjjvs7fuskhqxwbejhuxt25747ofnwjyhmva,did:plc:av2csaxugyczjguju4nk7ytj,fortinstcommando.bsky.social,2026-02-28T01:02:07.122Z,2026-02-28T01:02:03.553Z,"It was Fan-tastic. Shatner, Koenig, Frakes, Delancie, Picardo to name drop just a few. Its really cool they have panels abt all the shows and lots of other stuff. Kareoke w/ Conner Trineer and Denise Crosby. Talked with Capt Pike and his wife in the elevater.  V cool www.startrek.com/news/star-tr..."
e343bb6533dc432482842160f550d38b,2026-02-28T01:00:00Z,2026-02-28T01:17:50Z,auth,auth_enUS_labelerexp,at://did:plc:gyegckbmyj7r4vih65j7s5sf/app.bsky.feed.generator/aaace7qaoxhye,suggested_labelerexp,at://did:plc:ccibdesvcrigztgviiwaw6wg/app.bsky.feed.post/3mfuzmavhis2v,bafyreidixzkq2xebpso3a5ludlozn6isw4uwiutj5sywntfttgy62gfcny,did:plc:ccibdesvcrigztgviiwaw6wg,twontwomakes5.bsky.social,2026-02-28T01:01:22.711Z,2026-02-28T01:01:24.349Z,"The wife and I are on a 'TV exchange program' where I watch something she loves and vice versa.

She is watching Star Trek and especially seems to enjoy Voyager the most so far.

@jerilryan.bsky.social made her feel feelings (my jaw got tight) at the end of S5 E2, ""Drone"".

Great episode/acting."
e343bb6533dc432482842160f550d38b,2026-02-28T01:00:00Z,2026-02-28T01:17:50Z,auth,auth_enUS_labelerexp,at://did:plc:gyegckbmyj7r4vih65j7s5sf/app.bsky.feed.generator/aaace7qaoxhye,suggested_labelerexp,at://did:plc:66qalzau2px4iincaon6dco4/app.bsky.feed.post/3mfuzlln3222j,bafyreifdbw2zils2hvbwrvderauoveqlzo6kfj6hjilowvbqcdphfhnvym,did:plc:66qalzau2px4iincaon6dco4,johnniemonkey.bsky.social,2026-02-28T01:01:00.417Z,2026-02-28T01:01:00.555Z,"Spend the weekend rewatching Picard?

Yes, I believe I shall."
e343bb6533dc432482842160f550d38b,2026-02-28T01:00:00Z,2026-02-28T01:17:50Z,auth,auth_enUS_labelerexp,at://did:plc:gyegckbmyj7r4vih65j7s5sf/app.bsky.feed.generator/aaace7qaoxhye,suggested_labelerexp,at://did:plc:yfxbzxdronxe6wd7ssiq5ct6/app.bsky.feed.post/3mfuzjtysoi2u,bafyreicdgu6hxtasj7olbqmfispu2wzvraxabgdmeobhimybnokqj7duoi,did:plc:yfxbzxdronxe6wd7ssiq5ct6,geekysteven.com,2026-02-28T01:00:01.000Z,2026-02-28T01:00:06.051Z,
e343bb6533dc432482842160f550d38b,2026-02-28T01:00:00Z,2026-02-28T01:17:50Z,auth,auth_enUS_labelerexp,at://did:plc:gyegckbmyj7r4vih65j7s5sf/app.bsky.feed.generator/aaace7qaoxhye,suggested_labelerexp,at://did:plc:hfpquhapmsmq3lyqqfqjhbpm/app.bsky.feed.post/3mfuzgwnvac26,bafyreifb7umdkvjowwu6itfjs2fzpu3wlmcnlvky65sjzmj3cvouakjjhe,did:plc:hfpquhapmsmq3lyqqfqjhbpm,revjospa.bsky.social,2026-02-28T00:58:24.205Z,2026-02-28T00:58:24.749Z,All. Of. This. #StarTrek
e343bb6533dc432482842160f550d38b,2026-02-28T01:00:00Z,2026-02-28T01:17:50Z,auth,auth_enUS_labelerexp,at://did:plc:gyegckbmyj7r4vih65j7s5sf/app.bsky.feed.generator/aaace7qaoxhye,suggested_labelerexp,at://did:plc:6wbg6wmg5uqcbsf4lfon53xn/app.bsky.feed.post/3mfuzfjs6u22u,bafyreifhco4nlwyzktgwsdgma73igot3sz6bzhilq7cwwh4ly5bufstoa4,did:plc:6wbg6wmg5uqcbsf4lfon53xn,randyman76.bsky.social,2026-02-28T00:57:37.136Z,2026-02-28T00:57:38.151Z,The #StarTrek TV and movie Universe has the greatest #Fandom on the planet!
e343bb6533dc432482842160f550d38b,2026-02-28T01:00:00Z,2026-02-28T01:17:50Z,auth,auth_enUS_labelerexp,at://did:plc:gyegckbmyj7r4vih65j7s5sf/app.bsky.feed.generator/aaace7qaoxhye,suggested_labelerexp,at://did:plc:gpkvfabqtvfhyv3x7sfr3lvi/app.bsky.feed.post/3mfuzfabs4i2v,bafyreihosmzsvpny7gtkjrmiddftc44e4coow6fkjmadcansqqxnr5p5sq,did:plc:gpkvfabqtvfhyv3x7sfr3lvi,vegh.ca,2026-02-28T00:57:26.411Z,2026-02-28T00:57:27.756Z,"Watched the latest Starfleet Academy, ""The Life of the Stars"", and I am *blown away*. The writing and acting are beautiful, deft, subtle. This show is great, but this episode was *elevated*. Here's a recap:"
e343bb6533dc432482842160f550d38b,2026-02-28T01:00:00Z,2026-02-28T01:17:50Z,auth,auth_enUS_labelerexp,at://did:plc:gyegckbmyj7r4vih65j7s5sf/app.bsky.feed.generator/aaace7qaoxhye,suggested_labelerexp,at://did:plc:2xasgcifyykkbv4u7hbnhq7u/app.bsky.feed.post/3mfuzf76grs2z,bafyreidjysyyhjc6kr6t267dbqte5434yzsgvtxcvc24oczgxxiqxz7itu,did:plc:2xasgcifyykkbv4u7hbnhq7u,jwilson051998.bsky.social,2026-02-28T00:57:25.967Z,2026-02-28T00:57:29.059Z,"Today Marks The 11th Anniversary Of The Passing Of The Late Great Actor Leonard Nimoy 
Leonard Simon Nimoy (/ˈniːmɔɪ/ NEE-moy; March 26, 1931 – February 27, 2015) Was An American Actor And Director, Famed For Playing Spock In The Star Trek Franchise For Almost 50 Years. This Includes Originating"
e343bb6533dc432482842160f550d38b,2026-02-28T01:00:00Z,2026-02-28T01:17:50Z,auth,auth_enUS_labelerexp,at://did:plc:gyegckbmyj7r4vih65j7s5sf/app.bsky.feed.generator/aaace7qaoxhye,suggested_labelerexp,at://did:plc:e37pjjezplq2zyhikjjklfal/app.bsky.feed.post/3mfuzanbijs2q,bafyreicwqhpwj4fk5ywhuclnshmsw4yij2vgeagvsjstc3ph572zxlawbi,did:plc:e37pjjezplq2zyhikjjklfal,lezbinerdy.bsky.social,2026-02-28T00:54:53.035Z,2026-02-28T00:55:06.849Z,"Going live in about 40 minutes with Another Tea-Time Livestream ☕✨
No plan, just vibes.

Come hang out while I ramble about nerd stuff, life stuff, and whatever chaos the chat brings. I will probably get distracted at least 12 times.

youtube.com/live/4_elNst..."
e343bb6533dc432482842160f550d38b,2026-02-28T01:00:00Z,2026-02-28T01:17:50Z,auth,auth_enUS_labelerexp,at://did:plc:gyegckbmyj7r4vih65j7s5sf/app.bsky.feed.generator/aaace7qaoxhye,suggested_labelerexp,at://did:plc:3q7zzpxwlq5huniqba4bnsfw/app.bsky.feed.post/3mfuzaecgyc2j,bafyreigokdszddfg3h5qda3wllskgqc26zltldn5vdynx5e4sde3izdkky,did:plc:3q7zzpxwlq5huniqba4bnsfw,colinelmustard.bsky.social,2026-02-28T00:54:43.630Z,2026-02-28T00:54:43.858Z,"Star Trek: Admirals - all of them variously corrupt, incompetent or insufferable: basically It’s Always Sunny but Sweet Dee is Nechayev."
e343bb6533dc432482842160f550d38b,2026-02-28T01:00:00Z,2026-02-28T01:17:50Z,auth,auth_enUS_labelerexp,at://did:plc:gyegckbmyj7r4vih65j7s5sf/app.bsky.feed.generator/aaace7qaoxhye,suggested_labelerexp,at://did:plc:fqgsfdjimevykyfa5s6sj6dk/app.bsky.feed.post/3mfuz7nwcxs2b,bafyreiaxjut3mlwxkcp7qpdbrk5znwufzxnl6i46jhy3qkril4jsvbloba,did:plc:fqgsfdjimevykyfa5s6sj6dk,bolianblue.bsky.social,2026-02-28T00:54:20.163Z,2026-02-28T00:54:20.656Z,"Star Trek is a very serious sci-fi show about exploring space and the human condition. Also Star Trek: “Also, remember the time the captain and 3 other characters were turned into children?"""
e343bb6533dc432482842160f550d38b,2026-02-28T01:00:00Z,2026-02-28T01:17:50Z,auth,auth_enUS_labelerexp,at://did:plc:gyegckbmyj7r4vih65j7s5sf/app.bsky.feed.generator/aaace7qaoxhye,suggested_labelerexp,at://did:plc:2hpugxpcydtrmgltrdcb6vxj/app.bsky.feed.post/3mfuz5k3pyc2p,bafyreif6buxmjgpajg6sfh4ei4wnsxuyd7a766jen27nqcxqo6wghaokfa,did:plc:2hpugxpcydtrmgltrdcb6vxj,franklyspeaking1.bsky.social,2026-02-28T00:53:09.037Z,2026-02-28T00:53:10.958Z,"truly disgusting to see SOME US mens hockey team players backtrack after the deserved backlash for their misogyny w/ tRump

MLK Jr said it best..

""The ultimate measure of a man is not where he stands in moments of comfort and convenience, but where he stands at times of challenge & controversy."""
e343bb6533dc432482842160f550d38b,2026-02-28T01:00:00Z,2026-02-28T01:17:50Z,auth,auth_enUS_labelerexp,at://did:plc:gyegckbmyj7r4vih65j7s5sf/app.bsky.feed.generator/aaace7qaoxhye,suggested_labelerexp,at://did:plc:c7kpwtj3u2dcg7flmbcn4ksh/app.bsky.feed.post/3mfuz4e6iqk2t,bafyreifi5z2mt7ahjg4pt26oaxdk5qkmqb7o2h5xk6rqdt5b5j6sinxvwa,did:plc:c7kpwtj3u2dcg7flmbcn4ksh,filmsonwax.bsky.social,2026-02-28T00:52:29.282Z,2026-02-28T00:52:30.160Z,"What is your Star Trek project that only you would love?

An animated sequel series to DS9."
e343bb6533dc432482842160f550d38b,2026-02-28T01:00:00Z,2026-02-28T01:17:50Z,auth,auth_enUS_labelerexp,at://did:plc:gyegckbmyj7r4vih65j7s5sf/app.bsky.feed.generator/aaace7qaoxhye,suggested_labelerexp,at://did:plc:areqdwbslcnb6j5yksbx3pcd/app.bsky.feed.post/3mfuz243rcs2l,bafyreian56ybtjwjciyamvbm25sq27may2k6vo6fbba73cknzsmzi4yche,did:plc:areqdwbslcnb6j5yksbx3pcd,swendland.bsky.social,2026-02-28T00:51:13.695Z,2026-02-28T00:51:27.256Z,"Starting rewatching DS9 again and was reminded again of just how many wonderful unique characters there are.

Ah, Garak.
Plain, simple Garak.

I defy you to name a better bad guy turned good guy turned bad guy turned good guy turned bad guy turned good guy turned bad guy turned good guy."
e343bb6533dc432482842160f550d38b,2026-02-28T01:00:00Z,2026-02-28T01:17:50Z,auth,auth_enUS_labelerexp,at://did:plc:gyegckbmyj7r4vih65j7s5sf/app.bsky.feed.generator/aaace7qaoxhye,suggested_labelerexp,at://did:plc:geyvy3feq3njy2pejoogdaqp/app.bsky.feed.post/3mfuyzd62x22m,bafyreig5kspnprj4bcxxvzhy6oa6rywqels3zbebxby64nbfj7afr6yfyy,did:plc:geyvy3feq3njy2pejoogdaqp,commodorable.bsky.social,2026-02-28T00:50:47.557Z,2026-02-28T00:50:49.652Z,"OMG, that would have been hilarious in the latest episode of SFA if they had done something like in the play in Charlie Brown Christmas, where everyone stops and dances. In the case of SFA, they'd be dancing to Funky Town cause the play is Our Town 🤣

#Spoilers #SFA #StarTrek"
e343bb6533dc432482842160f550d38b,2026-02-28T01:00:00Z,2026-02-28T01:17:50Z,auth,auth_enUS_labelerexp,at://did:plc:gyegckbmyj7r4vih65j7s5sf/app.bsky.feed.generator/aaace7qaoxhye,suggested_labelerexp,at://did:plc:exonjngjwti2vuzxtdsa7tgv/app.bsky.feed.post/3mfuyxnel2k2q,bafyreif632rulyariall2le3ajgtlvrczktegh7zljttewsf45drhrxfs4,did:plc:exonjngjwti2vuzxtdsa7tgv,mark2000.bsky.social,2026-02-28T00:49:51.146Z,2026-02-28T00:49:51.556Z,"What is your Star Trek project that only you would love?

A comic book adaptation of Roddenberry’s novelization of TMP, but with Decker‘s likeness recast from Stephen Collins to just about anybody else. I pick Glynn Turman."
e343bb6533dc432482842160f550d38b,2026-02-28T01:00:00Z,2026-02-28T01:17:50Z,auth,auth_enUS_labelerexp,at://did:plc:gyegckbmyj7r4vih65j7s5sf/app.bsky.feed.generator/aaace7qaoxhye,suggested_labelerexp,at://did:plc:r7f5xgu7p24x25o7c6pijdtl/app.bsky.feed.post/3mfuyxhb7422f,bafyreic7upm2vluru54capxmfy63mivxlz2lqydjcoi4vtou7lbhuej3uq,did:plc:r7f5xgu7p24x25o7c6pijdtl,xazdeezy.bsky.social,2026-02-28T00:49:44.717Z,2026-02-28T00:49:47.753Z,"What r my thoughts on emotions? As an Atheistic Taoist, I recommend keeping your emotions out of your meditations. Though at the same time it is necessary to understand our emotions, and to understand where you and other ppl r coming from. However according to many Taoists, Spock is a mindful soul."
e343bb6533dc432482842160f550d38b,2026-02-28T01:00:00Z,2026-02-28T01:17:50Z,auth,auth_enUS_labelerexp,at://did:plc:gyegckbmyj7r4vih65j7s5sf/app.bsky.feed.generator/aaace7qaoxhye,suggested_labelerexp,at://did:plc:olec54726kyamu3zhi4q5h2d/app.bsky.feed.post/3mfuyvj2yfn2o,bafyreib3wpwnzsweap762mz4erqpd2p3e222mkh6eu72547beukytkh6xy,did:plc:olec54726kyamu3zhi4q5h2d,geekyjules.julessherred.com,2026-02-28T00:48:38Z,2026-02-28T00:48:40.055Z,"Star Trek: Starfleet Academy Is the Best and Most Important Star Trek of this Era

We live in a time of unimaginable horrors. The kids, as they say, are not okay. Society keeps failing them. Star Trek: Starfleet Academy holds up a mirror to their pain, their grief, and let' them know, it's not your…"
e343bb6533dc432482842160f550d38b,2026-02-28T01:00:00Z,2026-02-28T01:17:50Z,auth,auth_enUS_labelerexp,at://did:plc:gyegckbmyj7r4vih65j7s5sf/app.bsky.feed.generator/aaace7qaoxhye,suggested_labelerexp,at://did:plc:24uo7tizyqdyy43kvvfjqbar/app.bsky.feed.post/3mfuyv3kcus2o,bafyreicku7fmi73a5llveuwopuuhjrdx6kanmawyxq53eg3rirqga4ngqq,did:plc:24uo7tizyqdyy43kvvfjqbar,duncandixoncoffee.bsky.social,2026-02-28T00:48:25.350Z,2026-02-28T00:48:25.853Z,Star Trek is a very serious SciFi-Fi show about exploring space and the human condition.  Also Star Trek: “Remember that time two characters turned into salamanders?”
e343bb6533dc432482842160f550d38b,2026-02-28T01:00:00Z,2026-02-28T01:17:50Z,auth,auth_enUS_labelerexp,at://did:plc:gyegckbmyj7r4vih65j7s5sf/app.bsky.feed.generator/aaace7qaoxhye,suggested_labelerexp,at://did:plc:k7qhmkwx2wkbiw6pqw4w4qsr/app.bsky.feed.post/3mfuytv7pvk2z,bafyreignckzussz6rokujsfztkgn7mqi3xdaxmpzl5wvvuqxmrmsvg7dee,did:plc:k7qhmkwx2wkbiw6pqw4w4qsr,ambassadordhael.bsky.social,2026-02-28T00:47:45.159Z,2026-02-28T00:47:48.153Z,"// What is your Star Trek project that only you would love?

A miniseries about everyday civilian life under the Romulan Star Empire."
e343bb6533dc432482842160f550d38b,2026-02-28T01:00:00Z,2026-02-28T01:17:50Z,auth,auth_enUS_labelerexp,at://did:plc:gyegckbmyj7r4vih65j7s5sf/app.bsky.feed.generator/aaace7qaoxhye,suggested_labelerexp,at://did:plc:gavtvpuqn2chnawosye5xlvv/app.bsky.feed.post/3mfuysrq6yc2c,bafyreibk3mha4cpfcf27niqmwecw7ep2eqa6x4jp3fofuaevqyio7aylkm,did:plc:gavtvpuqn2chnawosye5xlvv,clh2oars.bsky.social,2026-02-28T00:47:07.949Z,2026-02-28T00:47:08.253Z,"Star Trek* science officer

*but on the Romano Fafard of Dans une galaxie près de chez vous because I hadn't actually seen any trek 😂"
e343bb6533dc432482842160f550d38b,2026-02-28T01:00:00Z,2026-02-28T01:17:50Z,auth,auth_enUS_labelerexp,at://did:plc:gyegckbmyj7r4vih65j7s5sf/app.bsky.feed.generator/aaace7qaoxhye,suggested_labelerexp,at://did:plc:jvml6z4ivpq4w3ag6izz6eqx/app.bsky.feed.post/3mfuyqpkkdk22,bafyreiccyh3ede66uexyxh2gxy2bufe3xpwzk65kvobskfepmfnkjxquji,did:plc:jvml6z4ivpq4w3ag6izz6eqx,cellytron.bsky.social,2026-02-28T00:45:58.558Z,2026-02-28T00:45:59.150Z,"Wow. A Paramount/Warner Bros merger. That’s pretty damn big. And potentially awful. Hopefully it manifests as MORE shitty commercials of Star Trek and Spongebob characters hanging out with Bugs Bunny, and LESS straight up fascist propaganda."
e343bb6533dc432482842160f550d38b,2026-02-28T01:00:00Z,2026-02-28T01:17:50Z,auth,auth_enUS_labelerexp,at://did:plc:gyegckbmyj7r4vih65j7s5sf/app.bsky.feed.generator/aaace7qaoxhye,suggested_labelerexp,at://did:plc:obkmologrzwq7og2fujqumkb/app.bsky.feed.post/3mfuymfznac2u,bafyreibzifob4zibl5vytomb3jseyqvvroqxaurwpdzv5ipheqlwipmbhq,did:plc:obkmologrzwq7og2fujqumkb,markdykeman.bsky.social,2026-02-28T00:43:34.349Z,2026-02-28T00:43:34.356Z,Good Starfleet Academy this week.
e343bb6533dc432482842160f550d38b,2026-02-28T01:00:00Z,2026-02-28T01:17:50Z,auth,auth_enUS_labelerexp,at://did:plc:gyegckbmyj7r4vih65j7s5sf/app.bsky.feed.generator/aaace7qaoxhye,suggested_labelerexp,at://did:plc:i7kvf5o6cvw4itu4g3sd6roi/app.bsky.feed.post/3mfuym77cvs2y,bafyreiddkxkdjnc3i4ksmikecj3zlwbxvrez3mxizuc4oqekbli2ukgtli,did:plc:i7kvf5o6cvw4itu4g3sd6roi,timberdoodlydoo.bsky.social,2026-02-28T00:43:27.195Z,2026-02-28T00:43:27.757Z,Also. The new episode of Starfleet Academy is great and Mary Wiseman is back and I absolutely love her in this episode.
e343bb6533dc432482842160f550d38b,2026-02-28T01:00:00Z,2026-02-28T01:17:50Z,auth,auth_enUS_labelerexp,at://did:plc:gyegckbmyj7r4vih65j7s5sf/app.bsky.feed.generator/aaace7qaoxhye,suggested_labelerexp,at://did:plc:xbitfpvrviceyi6skethp2uq/app.bsky.feed.post/3mfuylqbvks24,bafyreiendewcicigvgbiacgs4f5ok32bcm7bzz7w5nkaqkxkmzmyjlaxny,did:plc:xbitfpvrviceyi6skethp2uq,deltajulietmike.bsky.social,2026-02-28T00:43:11.549Z,2026-02-28T00:43:11.652Z,"Star Trek is a very serious sci-fi show about exploring space and the human condition. Also Star Trek: “Scary. Fucking. Clowns."""
e343bb6533dc432482842160f550d38b,2026-02-28T01:00:00Z,2026-02-28T01:17:50Z,auth,auth_enUS_labelerexp,at://did:plc:gyegckbmyj7r4vih65j7s5sf/app.bsky.feed.generator/aaace7qaoxhye,suggested_labelerexp,at://did:plc:naektpks5i5k5gdffbyifma5/app.bsky.feed.post/3mfuykkk2722v,bafyreifgaxqtabi47s3iap4rtgv2wtaeixxcw56ml5is4tcbg33m2xtuzy,did:plc:naektpks5i5k5gdffbyifma5,kythkyn.bsky.social,2026-02-28T00:42:31.972Z,2026-02-28T00:42:30.951Z,"What is the Star Trek project that only you would love?

Star Trek: Picard
A show about the misadventures of a former Starfleet captain turned xenoarcheologist with a rag tag crew of Federation and non-Federation species. Also, there's a K'zinti episode 🖖"
e343bb6533dc432482842160f550d38b,2026-02-28T01:00:00Z,2026-02-28T01:17:50Z,auth,auth_enUS_labelerexp,at://did:plc:gyegckbmyj7r4vih65j7s5sf/app.bsky.feed.generator/aaace7qaoxhye,suggested_labelerexp,at://did:plc:glrzmggquzyligccz4o2anij/app.bsky.feed.post/3mfuyjwvdzs2s,bafyreic5b2plskzqn26vyu2bpf4anj45rv25uqzvi33nrb5epxrzuct6ly,did:plc:glrzmggquzyligccz4o2anij,curglaff.bsky.social,2026-02-28T00:42:11.369Z,2026-02-28T00:42:13.656Z,"El 27 de febrero de 2015, el actor Leonard Simon #Nimoy falleció #OTD a los 83 años. Famoso por su papel como el Comandante #Spock en la serie de televisión #StarTrek 🌌 nos regaló algunas joyas geológico-filosóficas como ""Debes ser uno con la roca"" 🪨🖖"
e343bb6533dc432482842160f550d38b,2026-02-28T01:00:00Z,2026-02-28T01:17:50Z,auth,auth_enUS_labelerexp,at://did:plc:gyegckbmyj7r4vih65j7s5sf/app.bsky.feed.generator/aaace7qaoxhye,suggested_labelerexp,at://did:plc:i3tnj2uiexqgfzj5jjmelmc5/app.bsky.feed.post/3mfuyj4qjpk2l,bafyreib2wufazx5qgdk6gz423zoakiu3bngerjhckjpxp42l6myqbpzpay,did:plc:i3tnj2uiexqgfzj5jjmelmc5,heartsib.bsky.social,2026-02-28T00:41:43.951Z,2026-02-28T00:41:45.359Z,"Star Trek is a very serious sci-fi show about exploring space and the human condition. Also Star Trek: “Remember the time a space filament caused the Klingons to declare battle via K-Pop?"""
e343bb6533dc432482842160f550d38b,2026-02-28T01:00:00Z,2026-02-28T01:17:50Z,auth,auth_enUS_labelerexp,at://did:plc:gyegckbmyj7r4vih65j7s5sf/app.bsky.feed.generator/aaace7qaoxhye,suggested_labelerexp,at://did:plc:ats4vvrdyt7dbtgbwrmn4kgd/app.bsky.feed.post/3mfuyh7flb22c,bafyreihhwl26uhrqejy6o7wv3gq5vstffpkcdgnsdob3afwq3lzrxtfwga,did:plc:ats4vvrdyt7dbtgbwrmn4kgd,ceciledemilla.bsky.social,2026-02-28T00:40:39.628Z,2026-02-28T00:40:39.658Z,"It was either Harry Potter or Star Trek; LiveJournal, 15-16"
e343bb6533dc432482842160f550d38b,2026-02-28T01:00:00Z,2026-02-28T01:17:52Z,auth,auth_enUS_labelerexp,at://did:plc:kkf4naxqmweop7dv4l2iqqf5/app.bsky.feed.generator/verified-news,suggested_labelerexp,at://did:plc:rpwduj2dvwfb3qkzev3eraad/app.bsky.feed.post/3mfv2i7tpna2y,bafyreibhwrh5l5sbyl6gomt5owsrlepv4ghmzg3yuku5hoowfyd2jrday4,did:plc:rpwduj2dvwfb3qkzev3eraad,thetrace.org,2026-02-28T01:17:00.559Z,2026-02-28T01:17:05.657Z,"ICYMI: The Trace’s Mike Spies, Champe Barton, and Ava Sasani discussed the inner workings of the gun industry and its lobbyists during our Investigating the Gun Industry event. Catch a recap of their talk here:"
e343bb6533dc432482842160f550d38b,2026-02-28T01:00:00Z,2026-02-28T01:17:52Z,auth,auth_enUS_labelerexp,at://did:plc:kkf4naxqmweop7dv4l2iqqf5/app.bsky.feed.generator/verified-news,suggested_labelerexp,at://did:plc:mloijreo3hj77l2mceqgou7w/app.bsky.feed.post/3mfv2ewns6h2g,bafyreicsszyf5a6m5t5mx5y4b4updudta7d2kzstbdjxscygs4zgz4lhcu,did:plc:mloijreo3hj77l2mceqgou7w,live5news.com,2026-02-28T01:15:10.756Z,2026-02-28T01:15:11.450Z,Alumni from N. Charleston’s 1st Black high school reunite to honor their legacy #chsnews 
e343bb6533dc432482842160f550d38b,2026-02-28T01:00:00Z,2026-02-28T01:17:52Z,auth,auth_enUS_labelerexp,at://did:plc:kkf4naxqmweop7dv4l2iqqf5/app.bsky.feed.generator/verified-news,suggested_labelerexp,at://did:plc:3qqoasoyamvrk7azqz6hesyu/app.bsky.feed.post/3mfv2evrrcl2c,bafyreie54idze5wjn4ufim2yv65texdks3quglvjqua3kmamawdi4agoja,did:plc:3qqoasoyamvrk7azqz6hesyu,opb.org,2026-02-28T01:15:09.891Z,2026-02-28T01:15:10.056Z,"Portland can begin levying fines against the owner of the South Portland U.S. Immigration and Customs Enforcement building each time its tenants release chemical munitions into the neighborhood.
"
e343bb6533dc432482842160f550d38b,2026-02-28T01:00:00Z,2026-02-28T01:17:52Z,auth,auth_enUS_labelerexp,at://did:plc:kkf4naxqmweop7dv4l2iqqf5/app.bsky.feed.generator/verified-news,suggested_labelerexp,at://did:plc:jszy2fvtipwprnjhe7pxytfv/app.bsky.feed.post/3mfv2eopzj32d,bafyreifjyak3k3tdlowqzi5frhgzlzq4jxohhdtywaee7tfcgbmfnvsy4a,did:plc:jszy2fvtipwprnjhe7pxytfv,chicagotribune.com,2026-02-28T01:15:02.489824Z,2026-02-28T01:15:06.958Z,"The Federal Aviation Administration says flight reductions are necessary at O’Hare International Airport this summer, citing planned increases in flights that “will exceed the airport’s capacity.”"
e343bb6533dc432482842160f550d38b,2026-02-28T01:00:00Z,2026-02-28T01:17:52Z,auth,auth_enUS_labelerexp,at://did:plc:kkf4naxqmweop7dv4l2iqqf5/app.bsky.feed.generator/verified-news,suggested_labelerexp,at://did:plc:bam3rkdzsg74tx5ddflbgils/app.bsky.feed.post/3mfv25scq4m2x,bafyreia6thkvyeddjto72b2fbqxsv7addbaks6qsdj35pl2ni7oox4f3mi,did:plc:bam3rkdzsg74tx5ddflbgils,democracydocket.com,2026-02-28T01:11:10.306Z,2026-02-28T01:11:11.950Z,"NEW: Georgia removed nearly 471,000 voters from its rolls last summer — roughly 6% of all the state’s registered voters.

Now voting rights groups are suing, arguing the state is illegally hiding records about how the purge was carried out."
e343bb6533dc432482842160f550d38b,2026-02-28T01:00:00Z,2026-02-28T01:17:52Z,auth,auth_enUS_labelerexp,at://did:plc:kkf4naxqmweop7dv4l2iqqf5/app.bsky.feed.generator/verified-news,suggested_labelerexp,at://did:plc:d2vg3ev62rmv4zrivswlpeim/app.bsky.feed.post/3mfv25pgw7b2d,bafyreifqcnucuwi5eicvrvqt2k6myhvtzm5uj3qmefcoy6j7vqqym33dk4,did:plc:d2vg3ev62rmv4zrivswlpeim,denverpost.com,2026-02-28T01:11:06.894Z,2026-02-28T01:11:08.959Z,Let citizens elect U.S. attorney general to deweaponize the Department of Justice (Letters)
e343bb6533dc432482842160f550d38b,2026-02-28T01:00:00Z,2026-02-28T01:17:52Z,auth,auth_enUS_labelerexp,at://did:plc:kkf4naxqmweop7dv4l2iqqf5/app.bsky.feed.generator/verified-news,suggested_labelerexp,at://did:plc:y522fbumuj7imq3pmyehyqwi/app.bsky.feed.post/3mfv25cioh72q,bafyreielfp6tvffl7oy2u53xbmzjp66xhckkqv5xtowwbokuqvcv3p5g44,did:plc:y522fbumuj7imq3pmyehyqwi,chalkbeat.org,2026-02-28T01:10:54Z,2026-02-28T01:10:55.655Z,Some Colorado lawmakers and education officials say more guardrails are needed after a public education co-op opened Colorado’s “first public Christian school” last summer.
e343bb6533dc432482842160f550d38b,2026-02-28T01:00:00Z,2026-02-28T01:17:52Z,auth,auth_enUS_labelerexp,at://did:plc:kkf4naxqmweop7dv4l2iqqf5/app.bsky.feed.generator/verified-news,suggested_labelerexp,at://did:plc:jbvnehrrdqoulco4rf5gxg5r/app.bsky.feed.post/3mfv242esqz2j,bafyreiddiw4txkwpa2wou3lox2q6oyzgolfeg6wx3yo66tlks2cqxnbqim,did:plc:jbvnehrrdqoulco4rf5gxg5r,reuters.com,2026-02-28T01:10:12Z,2026-02-28T01:10:13.258Z,"FAA plans to reduce flights at Chicago O'Hare, cites boost in schedules reut.rs/4aRffER"
e343bb6533dc432482842160f550d38b,2026-02-28T01:00:00Z,2026-02-28T01:17:52Z,auth,auth_enUS_labelerexp,at://did:plc:kkf4naxqmweop7dv4l2iqqf5/app.bsky.feed.generator/verified-news,suggested_labelerexp,at://did:plc:u7alwxxtf5tlndqgdh47iqkc/app.bsky.feed.post/3mfv23pihdf2j,bafyreiatsivzdwvwb46hvj2wc7ctcdcgu47jo54dpbkyxw4ntdjqdcdtme,did:plc:u7alwxxtf5tlndqgdh47iqkc,mondoweiss.net,2026-02-28T01:10:00.745Z,2026-02-28T01:10:06.359Z,"A poll conducted by Israel's Channel 12 found the half a million new Jewish Israeli voters are the most right-wing and religiously fanatic in Israel's history. They're voting in the upcoming Knesset elections.

mondoweiss.net/2026/02/new-...

#Palestine #Israel"
e343bb6533dc432482842160f550d38b,2026-02-28T01:00:00Z,2026-02-28T01:17:52Z,auth,auth_enUS_labelerexp,at://did:plc:kkf4naxqmweop7dv4l2iqqf5/app.bsky.feed.generator/verified-news,suggested_labelerexp,at://did:plc:anpfslmr5xhyw7oqzai3dprd/app.bsky.feed.post/3mfuzzrcvna2v,bafyreigy7hkoc2hn537dytd3jwvishd7kkp5dt5ygzyxx3ydxmczpfz5eq,did:plc:anpfslmr5xhyw7oqzai3dprd,leparisien.fr,2026-02-28T01:08:44.000Z,2026-02-28T01:08:56.752Z,"Le président américain a ordonné son administration à arrêter d’utiliser les outils de la start-up, qui refuse de mettre sa technologie au service de la surveillance de masse et de l’automatisation des attaques mortelles"
e343bb6533dc432482842160f550d38b,2026-02-28T01:00:00Z,2026-02-28T01:17:52Z,auth,auth_enUS_labelerexp,at://did:plc:kkf4naxqmweop7dv4l2iqqf5/app.bsky.feed.generator/verified-news,suggested_labelerexp,at://did:plc:yf6hctt2ug3qyfty4in64yob/app.bsky.feed.post/3mfuzylsm4h23,bafyreib7ylhbzbd46bilaa4npstntljru3elhpeyxoejv4l363qje52waa,did:plc:yf6hctt2ug3qyfty4in64yob,politico.com,2026-02-28T01:08:16Z,2026-02-28T01:08:17.352Z,AI industry fears ‘partial nationalization’ as Trump escalates Anthropic fight
e343bb6533dc432482842160f550d38b,2026-02-28T01:00:00Z,2026-02-28T01:17:52Z,auth,auth_enUS_labelerexp,at://did:plc:kkf4naxqmweop7dv4l2iqqf5/app.bsky.feed.generator/verified-news,suggested_labelerexp,at://did:plc:d2jith367s6ybc3ldsusgdae/app.bsky.feed.post/3mfuzyaf44u2v,bafyreico4cb3kkwvedepo6oitd3xneikwa7qnzyzbq37lj3r3zo2zlnrkq,did:plc:d2jith367s6ybc3ldsusgdae,latimes.com,2026-02-28T01:08:04.803Z,2026-02-28T01:08:06.261Z,"Power, politics and a $2.8-billion exit: How Paramount topped Netflix to win Warner Bros."
e343bb6533dc432482842160f550d38b,2026-02-28T01:00:00Z,2026-02-28T01:17:52Z,auth,auth_enUS_labelerexp,at://did:plc:kkf4naxqmweop7dv4l2iqqf5/app.bsky.feed.generator/verified-news,suggested_labelerexp,at://did:plc:a67zdrt4nl2tv2qojpngogbq/app.bsky.feed.post/3mfuzwf4xp62m,bafyreigj4oq6k3pyopett2njjanisopox4hyk4hox4kpszwg4gsqto3cse,did:plc:a67zdrt4nl2tv2qojpngogbq,apnews.com,2026-02-28T01:07:02Z,2026-02-28T01:07:06.664Z,"A cargo plane crashed moments after takeoff Friday near Bolivia’s capital, damaging about a dozen vehicles on a highway and leaving at least 15 people dead, an official said."
e343bb6533dc432482842160f550d38b,2026-02-28T01:00:00Z,2026-02-28T01:17:52Z,auth,auth_enUS_labelerexp,at://did:plc:kkf4naxqmweop7dv4l2iqqf5/app.bsky.feed.generator/verified-news,suggested_labelerexp,at://did:plc:shxqhlplcrwpegumqqltpvzz/app.bsky.feed.post/3mfuzvqkckk2z,bafyreigx333diolrllozen5xl2gtxojdc7jhymprzf2jfee4uzck6mmibe,did:plc:shxqhlplcrwpegumqqltpvzz,mirror.co.uk,2026-02-28T01:06:40.860Z,2026-02-28T01:06:41.856Z,Sarah Ferguson continues to keep a very low profile following the shocking Epstein revelations - and could be receiving support from a network of powerful allies.
e343bb6533dc432482842160f550d38b,2026-02-28T01:00:00Z,2026-02-28T01:17:52Z,auth,auth_enUS_labelerexp,at://did:plc:kkf4naxqmweop7dv4l2iqqf5/app.bsky.feed.generator/verified-news,suggested_labelerexp,at://did:plc:ank6pz6hhgvrtmwg7rmmw4fo/app.bsky.feed.post/3mfuzuoykdw2l,bafyreiceirk3vfltgjw4f3cfsrsdqkazdozmwtrnhylggyzsdtafeig3fm,did:plc:ank6pz6hhgvrtmwg7rmmw4fo,sltrib.com,2026-02-28T01:06:05.899Z,2026-02-28T01:06:06.771Z,Ritt Momney talks about needing to return to his homebase of Utah to create new music.
e343bb6533dc432482842160f550d38b,2026-02-28T01:00:00Z,2026-02-28T01:17:52Z,auth,auth_enUS_labelerexp,at://did:plc:kkf4naxqmweop7dv4l2iqqf5/app.bsky.feed.generator/verified-news,suggested_labelerexp,at://did:plc:w4zfycmbhyk6ey2q64zm6dl3/app.bsky.feed.post/3mfuzskzyo222,bafyreibcfr4gwxn54gjzpqzjb375ozl6l7ubonf4au3sh7o3rsopooyr7e,did:plc:w4zfycmbhyk6ey2q64zm6dl3,alaskabeacon.com,2026-02-28T01:04:54.672Z,2026-02-28T01:04:57.958Z,"Online sports betting could be lucrative for Alaska if new legislation gets the taxes right, writes tax analyst Jacob Macumber-Rosin in a commentary for the @alaskabeacon.com alaskabeacon.com/2026/02/27/o..."
e343bb6533dc432482842160f550d38b,2026-02-28T01:00:00Z,2026-02-28T01:17:52Z,auth,auth_enUS_labelerexp,at://did:plc:kkf4naxqmweop7dv4l2iqqf5/app.bsky.feed.generator/verified-news,suggested_labelerexp,at://did:plc:azsiq6a5plbpa7ekw7pdrnum/app.bsky.feed.post/3mfuzs2ty722a,bafyreibdrjs5ruehlbnssgs5qfw3y4fw5hb3ciwy5kovdbs7lwonud2mre,did:plc:azsiq6a5plbpa7ekw7pdrnum,businessinsider.com,2026-02-28T01:04:37.683Z,2026-02-28T01:04:38.257Z,"Laid-off Block employees say they were gamely embracing AI tools in what one called an almost ""celebratory"" way. Then it replaced them."
e343bb6533dc432482842160f550d38b,2026-02-28T01:00:00Z,2026-02-28T01:17:52Z,auth,auth_enUS_labelerexp,at://did:plc:kkf4naxqmweop7dv4l2iqqf5/app.bsky.feed.generator/verified-news,suggested_labelerexp,at://did:plc:aonrplpou355iyrtvtimbj2q/app.bsky.feed.post/3mfuzrpry2e2j,bafyreids6wuo7ebipciywrhhbgj3g6gxmuakkbtolaeezxqzpt3k4elv2y,did:plc:aonrplpou355iyrtvtimbj2q,newsweek.com,2026-02-28T01:04:25.932Z,2026-02-28T01:04:26.655Z,The Trump administration has repeatedly faced pushback from musical artists for using their songs without permission.
e343bb6533dc432482842160f550d38b,2026-02-28T01:00:00Z,2026-02-28T01:17:52Z,auth,auth_enUS_labelerexp,at://did:plc:kkf4naxqmweop7dv4l2iqqf5/app.bsky.feed.generator/verified-news,suggested_labelerexp,at://did:plc:yf6hctt2ug3qyfty4in64yob/app.bsky.feed.post/3mfuzq6inck2f,bafyreige7j5dycomvmkstsiv2ziqucjercf23ejtom6ddlbq3bfee722tq,did:plc:yf6hctt2ug3qyfty4in64yob,politico.com,2026-02-28T01:03:34Z,2026-02-28T01:03:34.651Z,Columbia student detention underscores limits of campus protections
e343bb6533dc432482842160f550d38b,2026-02-28T01:00:00Z,2026-02-28T01:17:52Z,auth,auth_enUS_labelerexp,at://did:plc:kkf4naxqmweop7dv4l2iqqf5/app.bsky.feed.generator/verified-news,suggested_labelerexp,at://did:plc:3jtbuucatknfylg5mazffvyq/app.bsky.feed.post/3mfuzplromh2n,bafyreibgf6iyosrmc6fycbqaldic7u7huxaaqubwxekinzmkmlsklguu7i,did:plc:3jtbuucatknfylg5mazffvyq,ksl.com,2026-02-28T01:03:14.007589628Z,2026-02-28T01:03:15.055Z,Defense attorneys will retain their seats on Utah's Sentencing Commission under a compromise bill passed out of the Legislature this week. https://ow.ly/o47Q50Ynl7r
e343bb6533dc432482842160f550d38b,2026-02-28T01:00:00Z,2026-02-28T01:17:52Z,auth,auth_enUS_labelerexp,at://did:plc:kkf4naxqmweop7dv4l2iqqf5/app.bsky.feed.generator/verified-news,suggested_labelerexp,at://did:plc:rynn5fx4dkz3xi6tujek5tt6/app.bsky.feed.post/3mfuznoltkl2b,bafyreidm26l6kdmbvwr32pw2gcioluec3xa5ur53n4suwrutf2m3gshc5u,did:plc:rynn5fx4dkz3xi6tujek5tt6,atlantanewsfirst.com,2026-02-28T01:02:10.608Z,2026-02-28T01:02:10.850Z,"Delivery driver arrested for allegedly pointing gun inside DeKalb County restaurant, warrants say"
e343bb6533dc432482842160f550d38b,2026-02-28T01:00:00Z,2026-02-28T01:17:52Z,auth,auth_enUS_labelerexp,at://did:plc:kkf4naxqmweop7dv4l2iqqf5/app.bsky.feed.generator/verified-news,suggested_labelerexp,at://did:plc:esuprtqiivckuufea5jclh77/app.bsky.feed.post/3mfuznicqai2u,bafyreiccvj3azydtm2rezbf4covkhp46gkauawmx4yeuimvqaowmf2lgx4,did:plc:esuprtqiivckuufea5jclh77,rtl.nl,2026-02-28T02:02:03+01:00,2026-02-28T01:02:06.777Z,"Getuigenis Bill Clinton over Epstein afgerond, 'ik zag niets en heb niets misdaan' #nieuws"
e343bb6533dc432482842160f550d38b,2026-02-28T01:00:00Z,2026-02-28T01:17:52Z,auth,auth_enUS_labelerexp,at://did:plc:kkf4naxqmweop7dv4l2iqqf5/app.bsky.feed.generator/verified-news,suggested_labelerexp,at://did:plc:dtwphuxvtvimwtra5yh4ujt4/app.bsky.feed.post/3mfuznfprcf2n,bafyreic4cbjpnb67gdx5scwywtwmoauyqnmfno27i3gzrjc6f4pc6lfiau,did:plc:dtwphuxvtvimwtra5yh4ujt4,pbsnews.org,2026-02-28T01:02:01.298664236Z,2026-02-28T01:02:03.357Z,"Former presidents are just like us. Joe Biden got stuck in delays Friday while flying commercially from Reagan National Airport.
https://to.pbs.org/4s98u8q"
e343bb6533dc432482842160f550d38b,2026-02-28T01:00:00Z,2026-02-28T01:17:52Z,auth,auth_enUS_labelerexp,at://did:plc:kkf4naxqmweop7dv4l2iqqf5/app.bsky.feed.generator/verified-news,suggested_labelerexp,at://did:plc:pkypwfeznavoxxfhabonvy6v/app.bsky.feed.post/3mfuzmsscyj2y,bafyreibzhut5hzf7d6tq24umf3pifatxhanz6tufeduo7sxrzqn453m4ri,did:plc:pkypwfeznavoxxfhabonvy6v,nikkei.com,2026-02-28T01:01:41.443048+00:00,2026-02-28T01:01:42.954Z,"ネイチャー編集長「科学に長期投資を」　基礎研究軽視に警鐘
www.nikkei.com/article/DGXZQO...

好奇心に基づく研究を軽んずべからず――。英著名科学誌ネイチャーは、こう主張する社説を2月中旬に掲載しました。

アメリカでは2025年のトランプ政権発足以降、科学を軽視する政策が相次ぎます。

アメリカや世界の科学の現状をどうみているか。マグダレーナ・スキッパー編集長に聞きました。"
e343bb6533dc432482842160f550d38b,2026-02-28T01:00:00Z,2026-02-28T01:17:52Z,auth,auth_enUS_labelerexp,at://did:plc:kkf4naxqmweop7dv4l2iqqf5/app.bsky.feed.generator/verified-news,suggested_labelerexp,at://did:plc:jbvnehrrdqoulco4rf5gxg5r/app.bsky.feed.post/3mfuzmgctcm2u,bafyreicgygmz4mbzhfaekd6wunxvgvwqs2kiitio64wurmxjr425oxz22e,did:plc:jbvnehrrdqoulco4rf5gxg5r,reuters.com,2026-02-28T01:01:28Z,2026-02-28T01:01:29.054Z,"Exclusive: QIA, Visa and ADIA set to anchor SoftBank's PayPay IPO, sources say reut.rs/4aI0CFf"
e343bb6533dc432482842160f550d38b,2026-02-28T01:00:00Z,2026-02-28T01:17:52Z,auth,auth_enUS_labelerexp,at://did:plc:kkf4naxqmweop7dv4l2iqqf5/app.bsky.feed.generator/verified-news,suggested_labelerexp,at://did:plc:2h5oj7dfciesiknuazc3s3mo/app.bsky.feed.post/3mfuzlolgvm2s,bafyreiffvfazyhwau7tkd24s3qc3pzltztfafanbfxrd4ecp2pytzknome,did:plc:2h5oj7dfciesiknuazc3s3mo,usatoday.com,2026-02-28T01:01:03Z,2026-02-28T01:01:06.461Z,"EmRata, Kim Petras and Karlie Kloss, in her first runway walk since 2023, joined Demi Moore and Kate Moss for Demna's first runway show for Gucci."
e343bb6533dc432482842160f550d38b,2026-02-28T01:00:00Z,2026-02-28T01:17:52Z,auth,auth_enUS_labelerexp,at://did:plc:kkf4naxqmweop7dv4l2iqqf5/app.bsky.feed.generator/verified-news,suggested_labelerexp,at://did:plc:4fjlxgdpuqxfqnzvvbj56q5f/app.bsky.feed.post/3mfuzlmqrz32z,bafyreideohbs6plhbs4uxie7rcsozdwst5aldmwxvp6enk6fe6rorjfpum,did:plc:4fjlxgdpuqxfqnzvvbj56q5f,rawstory.com,2026-02-28T01:01:01Z,2026-02-28T01:01:03.250Z,Rep. Dan Crenshaw's potential primary loss to state representative Steve Toth represents a stark warning sign for congressional Republicans deemed insufficiently loyal to President Donald Trump.
e343bb6533dc432482842160f550d38b,2026-02-28T01:00:00Z,2026-02-28T01:17:52Z,auth,auth_enUS_labelerexp,at://did:plc:kkf4naxqmweop7dv4l2iqqf5/app.bsky.feed.generator/verified-news,suggested_labelerexp,at://did:plc:m7ks2xhfuku7errrtfjux2lg/app.bsky.feed.post/3mfuzli74gc2k,bafyreicgcih5tcm3jebm664vaygjrwcmfhbh2jp3sfp4bu7qm7bocvxbae,did:plc:m7ks2xhfuku7errrtfjux2lg,cnbc.com,2026-02-28T01:00:56Z,2026-02-28T01:00:57.352Z,The brand's iconic drink has cost 99 cents since it was first introduced in 1992.
e343bb6533dc432482842160f550d38b,2026-02-28T01:00:00Z,2026-02-28T01:17:52Z,auth,auth_enUS_labelerexp,at://did:plc:kkf4naxqmweop7dv4l2iqqf5/app.bsky.feed.generator/verified-news,suggested_labelerexp,at://did:plc:i3fhjvvkbmirhyu4aeihhrnv/app.bsky.feed.post/3mfuzkv555k2t,bafyreih6kwg526pyygv3pvtpysipkszyuhwwd6aq2d74ilhdaomacrofoq,did:plc:i3fhjvvkbmirhyu4aeihhrnv,wsj.com,2026-02-28T01:00:36.537842Z,2026-02-28T01:00:37.450Z,The stickiness that once anchored people and capital to great cities is gone. It is not coming back. on.wsj.com/4l1VfEm
e343bb6533dc432482842160f550d38b,2026-02-28T01:00:00Z,2026-02-28T01:17:52Z,auth,auth_enUS_labelerexp,at://did:plc:kkf4naxqmweop7dv4l2iqqf5/app.bsky.feed.generator/verified-news,suggested_labelerexp,at://did:plc:t2dfq4ktezmwjdnjjaygw4bl/app.bsky.feed.post/3mfuzkqf3rr2e,bafyreigsjenkyjdcji3dk6bbxyi4i74ajju75k6dtj64vrtoohqr7m7gai,did:plc:t2dfq4ktezmwjdnjjaygw4bl,newyorker.com,2026-02-28T01:00:30.867080Z,2026-02-28T01:00:32.055Z,"In today’s crossword: Mongolian or Malaysian, for example (five letters). www.newyorker.com/puzzles-and-..."
e343bb6533dc432482842160f550d38b,2026-02-28T01:00:00Z,2026-02-28T01:17:52Z,auth,auth_enUS_labelerexp,at://did:plc:kkf4naxqmweop7dv4l2iqqf5/app.bsky.feed.generator/verified-news,suggested_labelerexp,at://did:plc:mhzk3blh4pfxo3fqh2meowbb/app.bsky.feed.post/3mfuzkedc6i2t,bafyreibfk7ubjam4w3zx27lwn7ln5j7czwys3cfdb36w3oxseuiigrzql4,did:plc:mhzk3blh4pfxo3fqh2meowbb,economist.com,2026-02-28T01:00:19Z,2026-02-28T01:00:22.061Z,"Modernised drones offer Russia a cheap, accurate substitute for missiles. Ukraine’s defence against the machines is a key front line of the war"
e343bb6533dc432482842160f550d38b,2026-02-28T01:00:00Z,2026-02-28T01:17:52Z,auth,auth_enUS_labelerexp,at://did:plc:kkf4naxqmweop7dv4l2iqqf5/app.bsky.feed.generator/verified-news,suggested_labelerexp,at://did:plc:3qqoasoyamvrk7azqz6hesyu/app.bsky.feed.post/3mfuzkaijvk2z,bafyreigt5drihg7rewxzetuyr6cakzjgfskic2cxpzwj2mqy6alnsfezpq,did:plc:3qqoasoyamvrk7azqz6hesyu,opb.org,2026-02-28T01:00:15.144Z,2026-02-28T01:00:15.850Z,"Renewable energy advocates say the addition is significant, and will help keep rates from climbing. But they also said the utility needs to do more to meet the state’s upcoming greenhouse gas emission reduction benchmark."
e343bb6533dc432482842160f550d38b,2026-02-28T01:00:00Z,2026-02-28T01:17:52Z,auth,auth_enUS_labelerexp,at://did:plc:kkf4naxqmweop7dv4l2iqqf5/app.bsky.feed.generator/verified-news,suggested_labelerexp,at://did:plc:bz67dxqh5nmjl5it36xylqyy/app.bsky.feed.post/3mfuzkaw3ri2z,bafyreiazq7wbrljao6fz5qtazgxsqx6yedjojdcde2777vfszxgiltvkf4,did:plc:bz67dxqh5nmjl5it36xylqyy,theregister.com,2026-02-28T01:00:15Z,2026-02-28T01:00:15.853Z,FYI: Fake 'interview' repos lure Next.js devs into running secret-stealing malware
e343bb6533dc432482842160f550d38b,2026-02-28T01:00:00Z,2026-02-28T01:17:52Z,auth,auth_enUS_labelerexp,at://did:plc:kkf4naxqmweop7dv4l2iqqf5/app.bsky.feed.generator/verified-news,suggested_labelerexp,at://did:plc:hbdc3q6k5lforao5vyuarvsp/app.bsky.feed.post/3mfuzk6654x2h,bafyreicrwutkjfcljizn5i2qfb3wddpcsifli32ktdlbqu3iqcl7ev6ltu,did:plc:hbdc3q6k5lforao5vyuarvsp,restofworld.org,2026-02-28T01:00:12.709960676Z,2026-02-28T01:00:12.949Z,"Congressional families are quietly trading stocks in companies like TSMC and Alibaba, even as lawmakers debate U.S.-China policy and stock trading rules

https://restofworld.org/2026/us-politicians-china-policy-family-tech-stock-trades/?utm_campaign=row-social&utm_source=bluesky"
e343bb6533dc432482842160f550d38b,2026-02-28T01:00:00Z,2026-02-28T01:17:52Z,auth,auth_enUS_labelerexp,at://did:plc:kkf4naxqmweop7dv4l2iqqf5/app.bsky.feed.generator/verified-news,suggested_labelerexp,at://did:plc:qobvnkudcv3zlaklxxjduqoi/app.bsky.feed.post/3mfuzk44kgp2c,bafyreiehizjlbiql5u2pw4sxqnz4iudl7ta6hw43vcktp4lnoulg3murgy,did:plc:qobvnkudcv3zlaklxxjduqoi,motherjones.com,2026-02-28T01:00:09.957Z,2026-02-28T01:00:11.152Z,"Jesse Jackson insisted his run for the presidency wasn’t a vanity project. History proved him right.

“I know what my job is. It’s to bang on the door. Kick at the door. Bang on the door harder and push harder still. Someday, someone else will walk through it.”"
e343bb6533dc432482842160f550d38b,2026-02-28T01:00:00Z,2026-02-28T01:17:52Z,auth,auth_enUS_labelerexp,at://did:plc:kkf4naxqmweop7dv4l2iqqf5/app.bsky.feed.generator/verified-news,suggested_labelerexp,at://did:plc:jszy2fvtipwprnjhe7pxytfv/app.bsky.feed.post/3mfuzjz6m7d2d,bafyreig3jtefze3xewcguxrz7uraopdaknra6lv2saf5mmgiwbkua7clhi,did:plc:jszy2fvtipwprnjhe7pxytfv,chicagotribune.com,2026-02-28T01:00:07.453459Z,2026-02-28T01:00:08.265Z,"Police accountability advocates gathered on the Southwest Side, continuing their calls for a public hearing with Chicago Police Department leadership to address CPD’s response to the federal government and it’s immigration crackdown."
e343bb6533dc432482842160f550d38b,2026-02-28T01:00:00Z,2026-02-28T01:17:53Z,auth,auth_enUS_labelerexp,at://did:plc:lpl45lei6abqpvmet5htdbtb/app.bsky.feed.generator/aaakc72k5sgcs,suggested_labelerexp,at://did:plc:kifd2paoxvt7qkgfvwmg6cog/app.bsky.feed.post/3mfuwzdgg6k27,bafyreigtz6zws3wzyhrongz5ips2ddzcsrligmleb3v66tkikx2mz5mj74,did:plc:kifd2paoxvt7qkgfvwmg6cog,aussiastronomer.bsky.social,2026-02-28T00:15:00.346Z,2026-02-28T00:15:01.055Z,"It all depends whether rocky planets around small red stars are habitable. We have some that we're looking at closely now to try and see (e.g. the TRAPPIST-1 planets) and so far they haven't shown a lot of evidence of atmospheres, which would be needed to maintain liquid water on the surface."
