timestamp_utc,endpoint,status_code,latency_ms,attempt,error_type,feed_uri
2026-02-27T05:16:20Z,com.atproto.server.createSession,200,647.548,0,,
2026-02-27T05:16:21Z,app.bsky.feed.getFeed,200,643.289,0,,at://did:plc:2gx2noukxzwmj6dkxbmh3qt5/app.bsky.feed.generator/aaahcxau33dt4
2026-02-27T05:16:21Z,app.bsky.feed.getFeed,200,503.469,0,,at://did:plc:2qlbivzvdt6hp6dwrd2sx4sf/app.bsky.feed.generator/aaaemkt7ysfq4
2026-02-27T05:16:21Z,app.bsky.feed.getFeed,200,382.467,0,,at://did:plc:3s2iaaxxqnyesuu3np56uv7y/app.bsky.feed.generator/aaaayx36jxs56
2026-02-27T05:16:21Z,app.bsky.feed.getFeed,200,659.624,0,,at://did:plc:2hwwem55ce6djnk6bn62cstr/app.bsky.feed.generator/aaaotdzmoni2q
2026-02-27T05:16:21Z,app.bsky.feed.getFeed,200,564.329,0,,at://did:plc:3sn6bogankaicebzdb7liro3/app.bsky.feed.generator/aaacjnrpfqxqg
2026-02-27T05:16:21Z,app.bsky.feed.getFeed,200,367.851,0,,at://did:plc:4jb3re5tvklsvhuc3lkerj5q/app.bsky.feed.generator/aaak6p5s2f3cu
2026-02-27T05:16:21Z,app.bsky.feed.getFeed,200,550.001,0,,at://did:plc:4jb3re5tvklsvhuc3lkerj5q/app.bsky.feed.generator/aaajji2bluzi2
2026-02-27T05:16:21Z,app.bsky.feed.getFeed,200,700.127,0,,at://did:plc:3yre25vmyrxl5ukvds223gha/app.bsky.feed.generator/aaacxwl2iuuj6
2026-02-27T05:16:21Z,app.bsky.feed.getFeed,200,657.64,0,,at://did:plc:2hwwem55ce6djnk6bn62cstr/app.bsky.feed.generator/aaaotdzmoni2q
2026-02-27T05:16:21Z,app.bsky.feed.getFeed,200,474.594,0,,at://did:plc:4jb3re5tvklsvhuc3lkerj5q/app.bsky.feed.generator/aaak6p5s2f3cu
2026-02-27T05:16:21Z,app.bsky.feed.getFeed,200,809.4,0,,at://did:plc:4jrld6fwpnwqehtce56qshzv/app.bsky.feed.generator/game-dev
2026-02-27T05:16:21Z,app.bsky.feed.getFeed,200,1558.924,0,,at://did:plc:3guzzweuqraryl3rdkimjamk/app.bsky.feed.generator/for-you
2026-02-27T05:16:21Z,app.bsky.feed.getFeed,200,340.736,0,,at://did:plc:4jb3re5tvklsvhuc3lkerj5q/app.bsky.feed.generator/aaajji2bluzi2
2026-02-27T05:16:21Z,app.bsky.feed.getFeed,200,911.164,0,,at://did:plc:3sn6bogankaicebzdb7liro3/app.bsky.feed.generator/aaacjnrpfqxqg
2026-02-27T05:16:21Z,app.bsky.feed.getFeed,200,499.317,0,,at://did:plc:3yre25vmyrxl5ukvds223gha/app.bsky.feed.generator/aaacxwl2iuuj6
2026-02-27T05:16:22Z,app.bsky.feed.getFeed,200,389.132,0,,at://did:plc:56fa7nq34sp444dlr5a7tqmu/app.bsky.feed.generator/aaacylrsrrkji
2026-02-27T05:16:21Z,app.bsky.feed.getFeed,200,442.534,0,,at://did:plc:4jrld6fwpnwqehtce56qshzv/app.bsky.feed.generator/game-dev
2026-02-27T05:16:22Z,app.bsky.feed.getFeed,200,387.396,0,,at://did:plc:5rw2on4i56btlcajojaxwcat/app.bsky.feed.generator/aaao6g552b33o
2026-02-27T05:16:23Z,app.bsky.feed.getFeed,200,502.518,0,,at://did:plc:65yo7ynzcyp4kpwsienyukrz/app.bsky.feed.generator/aaadfjfgt73ls
2026-02-27T05:16:23Z,app.bsky.feed.getFeed,200,468.596,0,,at://did:plc:66lbtw2porscqpmair6mir37/app.bsky.feed.generator/aaabkznpn5x2g
2026-02-27T05:16:22Z,app.bsky.feed.getFeed,200,327.511,0,,at://did:plc:56fa7nq34sp444dlr5a7tqmu/app.bsky.feed.generator/aaacylrsrrkji
2026-02-27T05:16:21Z,app.bsky.feed.getFeed,200,421.416,0,,at://did:plc:3yre25vmyrxl5ukvds223gha/app.bsky.feed.generator/aaacxwl2iuuj6
2026-02-27T05:16:22Z,app.bsky.feed.getFeed,200,1058.023,0,,at://did:plc:4vjdrhro4bxoawbyjgixesij/app.bsky.feed.generator/aaadepeaxdboc
2026-02-27T05:16:23Z,app.bsky.feed.getFeed,200,331.648,0,,at://did:plc:6brknehpd7ecbvd56ko6mhlm/app.bsky.feed.generator/aaaby3zazwhrq
2026-02-27T05:16:22Z,app.bsky.feed.getFeed,200,251.275,0,,at://did:plc:5rw2on4i56btlcajojaxwcat/app.bsky.feed.generator/aaao6g552b33o
2026-02-27T05:16:23Z,app.bsky.feed.getFeed,200,251.956,0,,at://did:plc:66lbtw2porscqpmair6mir37/app.bsky.feed.generator/aaabkznpn5x2g
2026-02-27T05:16:23Z,app.bsky.feed.getFeed,200,374.522,0,,at://did:plc:6qswqt6prj5ch3jwjyqedexs/app.bsky.feed.generator/aaafcf5orer4q
2026-02-27T05:16:24Z,app.bsky.feed.getFeed,200,330.223,0,,at://did:plc:7ba7lz54yll7pxslxv47ejws/app.bsky.feed.generator/aaandc3wz3wfa
2026-02-27T05:16:24Z,app.bsky.feed.getFeed,200,497.607,0,,at://did:plc:7dl6s4wfcygfxzxok46z5gtu/app.bsky.feed.generator/aaaiyn75rk3wy
2026-02-27T05:16:24Z,app.bsky.feed.getFeed,200,338.115,0,,at://did:plc:abv47bjgzjgoh3yrygwoi36x/app.bsky.feed.generator/aaagt6amuur5e
2026-02-27T05:16:24Z,app.bsky.feed.getFeed,200,468.314,0,,at://did:plc:7tessqxe6pssegenvcehnu6t/app.bsky.feed.generator/aaapo66fyrrga
2026-02-27T05:16:24Z,app.bsky.feed.getFeed,200,586.86,0,,at://did:plc:7opjnfmb6gtbgjrsr3777ujx/app.bsky.feed.generator/aaagz4bmp5o3c
2026-02-27T05:16:24Z,app.bsky.feed.getFeed,200,366.815,0,,at://did:plc:abv47bjgzjgoh3yrygwoi36x/app.bsky.feed.generator/aaai4f7awwzkc
2026-02-27T05:16:24Z,app.bsky.feed.getFeed,200,250.699,0,,at://did:plc:7dl6s4wfcygfxzxok46z5gtu/app.bsky.feed.generator/aaaiyn75rk3wy
2026-02-27T05:16:24Z,app.bsky.feed.getFeed,200,389.82,0,,at://did:plc:bkneatxfwesdeyyzq66svhio/app.bsky.feed.generator/aaaejyv5hzbfu
2026-02-27T05:16:22Z,app.bsky.feed.getFeed,200,1272.901,0,,at://did:plc:4vjdrhro4bxoawbyjgixesij/app.bsky.feed.generator/aaadepeaxdboc
2026-02-27T05:16:25Z,app.bsky.feed.getFeed,200,608.73,0,,at://did:plc:cgl62jlhroosxyjkaffidnon/app.bsky.feed.generator/aaae4nczs635m
2026-02-27T05:16:25Z,app.bsky.feed.getFeed,200,510.728,0,,at://did:plc:cgl62jlhroosxyjkaffidnon/app.bsky.feed.generator/aaaiilkz7knte
2026-02-27T05:16:24Z,app.bsky.feed.getFeed,200,259.36,0,,at://did:plc:bkneatxfwesdeyyzq66svhio/app.bsky.feed.generator/aaaejyv5hzbfu
2026-02-27T05:16:25Z,app.bsky.feed.getFeed,200,401.65,0,,at://did:plc:cxuzwp5dzmxkrdr55qh25mgb/app.bsky.feed.generator/aaap2eo4gzzes
2026-02-27T05:16:24Z,app.bsky.feed.getFeed,200,897.677,0,,at://did:plc:7opjnfmb6gtbgjrsr3777ujx/app.bsky.feed.generator/aaagz4bmp5o3c
2026-02-27T05:16:25Z,app.bsky.feed.getFeed,200,341.223,0,,at://did:plc:dkh643asru53huyrgpjmobgl/app.bsky.feed.generator/aaacg5ovpq3w6
2026-02-27T05:16:25Z,app.bsky.feed.getFeed,200,568.16,0,,at://did:plc:cndfx4udwgvpjaakvxvh7wm5/app.bsky.feed.generator/flipboard-tech
2026-02-27T05:16:25Z,app.bsky.feed.getFeed,200,373.905,0,,at://did:plc:cgl62jlhroosxyjkaffidnon/app.bsky.feed.generator/aaae4nczs635m
2026-02-27T05:16:25Z,app.bsky.feed.getFeed,200,423.146,0,,at://did:plc:dltmiiweocm22l656iffwn5a/app.bsky.feed.generator/aaagnt6bwkkb2
2026-02-27T05:16:26Z,app.bsky.feed.getFeed,200,525.262,0,,at://did:plc:dvgliotey33vix3wlltybgkd/app.bsky.feed.generator/all
2026-02-27T05:16:25Z,app.bsky.feed.getFeed,200,267.141,0,,at://did:plc:dkh643asru53huyrgpjmobgl/app.bsky.feed.generator/aaacg5ovpq3w6
2026-02-27T05:16:25Z,app.bsky.feed.getFeed,200,573.105,0,,at://did:plc:cxuzwp5dzmxkrdr55qh25mgb/app.bsky.feed.generator/aaap2eo4gzzes
2026-02-27T05:16:25Z,app.bsky.feed.getFeed,200,239.22,0,,at://did:plc:dltmiiweocm22l656iffwn5a/app.bsky.feed.generator/aaagnt6bwkkb2
2026-02-27T05:16:26Z,app.bsky.feed.getFeed,200,487.508,0,,at://did:plc:dvgliotey33vix3wlltybgkd/app.bsky.feed.generator/art
2026-02-27T05:16:26Z,app.bsky.feed.getFeed,200,703.964,0,,at://did:plc:dvgliotey33vix3wlltybgkd/app.bsky.feed.generator/all-plus
2026-02-27T05:16:26Z,app.bsky.feed.getFeed,200,484.874,0,,at://did:plc:dvgliotey33vix3wlltybgkd/app.bsky.feed.generator/all
2026-02-27T05:16:26Z,app.bsky.feed.getFeed,200,782.578,0,,at://did:plc:dvgliotey33vix3wlltybgkd/app.bsky.feed.generator/ukrainian-view
2026-02-27T05:16:26Z,app.bsky.feed.getFeed,200,373.526,0,,at://did:plc:dvgliotey33vix3wlltybgkd/app.bsky.feed.generator/art
2026-02-27T05:16:26Z,app.bsky.feed.getFeed,200,408.061,0,,at://did:plc:dvgliotey33vix3wlltybgkd/app.bsky.feed.generator/all-plus
2026-02-27T05:16:27Z,app.bsky.feed.getFeed,200,327.082,0,,at://did:plc:geoqe3qls5mwezckxxsewys2/app.bsky.feed.generator/aaabqvnkaktho
2026-02-27T05:16:26Z,app.bsky.feed.getFeed,200,991.109,0,,at://did:plc:ffkgesg3jsv2j7aagkzrtcvt/app.bsky.feed.generator/aaacjerk7gwek
2026-02-27T05:16:27Z,app.bsky.feed.getFeed,200,859.94,0,,at://did:plc:ffkgesg3jsv2j7aagkzrtcvt/app.bsky.feed.generator/aaaiq5xkfj2ec
2026-02-27T05:16:27Z,app.bsky.feed.getFeed,200,650.81,0,,at://did:plc:geoqe3qls5mwezckxxsewys2/app.bsky.feed.generator/aaab4fazlcktw
2026-02-27T05:16:26Z,app.bsky.feed.getFeed,200,1069.5,0,,at://did:plc:ffkgesg3jsv2j7aagkzrtcvt/app.bsky.feed.generator/aaagllxbcbsje
2026-02-27T05:16:27Z,app.bsky.feed.getFeed,200,651.772,0,,at://did:plc:geoqe3qls5mwezckxxsewys2/app.bsky.feed.generator/aaabrbjcg4hmk
2026-02-27T05:16:27Z,app.bsky.feed.getFeed,200,592.93,0,,at://did:plc:geoqe3qls5mwezckxxsewys2/app.bsky.feed.generator/aaabzkbkftnmu
2026-02-27T05:16:27Z,app.bsky.feed.getFeed,200,559.744,0,,at://did:plc:geoqe3qls5mwezckxxsewys2/app.bsky.feed.generator/aaabzr2vqbaag
2026-02-27T05:16:28Z,app.bsky.feed.getFeed,200,632.479,0,,at://did:plc:geoqe3qls5mwezckxxsewys2/app.bsky.feed.generator/aaai43yetqshu
2026-02-27T05:16:28Z,app.bsky.feed.getFeed,200,436.289,0,,at://did:plc:gkvpokm7ec5j5yxls6xk4e3z/app.bsky.feed.generator/formula-one
2026-02-27T05:16:28Z,app.bsky.feed.getFeed,200,394.741,0,,at://did:plc:gpklcf7ek667c2vpjzb6bc5p/app.bsky.feed.generator/aaair4y7siwjo
2026-02-27T05:16:27Z,app.bsky.feed.getFeed,200,857.319,0,,at://did:plc:ffkgesg3jsv2j7aagkzrtcvt/app.bsky.feed.generator/aaaiq5xkfj2ec
2026-02-27T05:16:26Z,app.bsky.feed.getFeed,200,933.207,0,,at://did:plc:ffkgesg3jsv2j7aagkzrtcvt/app.bsky.feed.generator/aaacjerk7gwek
2026-02-27T05:16:26Z,app.bsky.feed.getFeed,200,892.19,0,,at://did:plc:ffkgesg3jsv2j7aagkzrtcvt/app.bsky.feed.generator/aaagllxbcbsje
2026-02-27T05:16:28Z,app.bsky.feed.getFeed,200,305.292,0,,at://did:plc:gpklcf7ek667c2vpjzb6bc5p/app.bsky.feed.generator/aaair4y7siwjo
2026-02-27T05:16:28Z,app.bsky.feed.getFeed,200,529.76,0,,at://did:plc:gwk23pspkzx7ifoxvqvuab5q/app.bsky.feed.generator/aaakgoc6mcrr2
2026-02-27T05:16:27Z,app.bsky.feed.getFeed,200,589.477,0,,at://did:plc:geoqe3qls5mwezckxxsewys2/app.bsky.feed.generator/aaabzr2vqbaag
2026-02-27T05:16:28Z,app.bsky.feed.getFeed,200,401.342,0,,at://did:plc:gyegckbmyj7r4vih65j7s5sf/app.bsky.feed.generator/aaace7qaoxhye
2026-02-27T05:16:28Z,app.bsky.feed.getFeed,200,363.127,0,,at://did:plc:hf7ezrajxadu7v3tzcyij424/app.bsky.feed.generator/aaap7dpu57ve6
2026-02-27T05:16:28Z,app.bsky.feed.getFeed,200,717.294,0,,at://did:plc:gkvpokm7ec5j5yxls6xk4e3z/app.bsky.feed.generator/formula-one
2026-02-27T05:16:28Z,app.bsky.feed.getFeed,200,295.648,0,,at://did:plc:gwk23pspkzx7ifoxvqvuab5q/app.bsky.feed.generator/aaakgoc6mcrr2
2026-02-27T05:16:29Z,app.bsky.feed.getFeed,200,541.254,0,,at://did:plc:hsqwcidfez66lwm3gxhfv5in/app.bsky.feed.generator/aaaf2pqeodmpy
2026-02-27T05:16:28Z,app.bsky.feed.getFeed,200,311.13,0,,at://did:plc:gyegckbmyj7r4vih65j7s5sf/app.bsky.feed.generator/aaace7qaoxhye
2026-02-27T05:16:29Z,app.bsky.feed.getFeed,200,553.562,0,,at://did:plc:j67kyop65wunuspksudapktg/app.bsky.feed.generator/aaaoukweis36o
2026-02-27T05:16:28Z,app.bsky.feed.getFeed,200,372.853,0,,at://did:plc:hf7ezrajxadu7v3tzcyij424/app.bsky.feed.generator/aaap7dpu57ve6
2026-02-27T05:16:26Z,app.bsky.feed.getFeed,200,907.308,0,,at://did:plc:ffkgesg3jsv2j7aagkzrtcvt/app.bsky.feed.generator/aaagllxbcbsje
2026-02-27T05:16:29Z,app.bsky.feed.getFeed,200,496.12,0,,at://did:plc:jcoy7v3a2t4rcfdh6i4kza25/app.bsky.feed.generator/astro
2026-02-27T05:16:29Z,app.bsky.feed.getFeed,200,419.59,0,,at://did:plc:hsqwcidfez66lwm3gxhfv5in/app.bsky.feed.generator/aaaf2pqeodmpy
2026-02-27T05:16:29Z,app.bsky.feed.getFeed,200,261.239,0,,at://did:plc:j67kyop65wunuspksudapktg/app.bsky.feed.generator/aaaoukweis36o
2026-02-27T05:16:29Z,app.bsky.feed.getFeed,200,587.208,0,,at://did:plc:jdkvwye2lf4mingzk7qdebzc/app.bsky.feed.generator/art-clean
2026-02-27T05:16:30Z,app.bsky.feed.getFeed,200,352.454,0,,at://did:plc:jvrpllofboqntf5oz23ozuyp/app.bsky.feed.generator/aaabjki7ewirq
2026-02-27T05:16:30Z,app.bsky.feed.getFeed,200,753.052,0,,at://did:plc:jdkvwye2lf4mingzk7qdebzc/app.bsky.feed.generator/furry-hot
2026-02-27T05:16:29Z,app.bsky.feed.getFeed,200,444.597,0,,at://did:plc:jcoy7v3a2t4rcfdh6i4kza25/app.bsky.feed.generator/astro
2026-02-27T05:16:29Z,app.bsky.feed.getFeed,200,275.367,0,,at://did:plc:j67kyop65wunuspksudapktg/app.bsky.feed.generator/aaaoukweis36o
2026-02-27T05:16:29Z,app.bsky.feed.getFeed,200,430.523,0,,at://did:plc:hsqwcidfez66lwm3gxhfv5in/app.bsky.feed.generator/aaaf2pqeodmpy
2026-02-27T05:16:30Z,app.bsky.feed.getFeed,200,352.835,0,,at://did:plc:jzuirp2oahpmr7keujggosnm/app.bsky.feed.generator/aaamchzapws5y
2026-02-27T05:16:30Z,app.bsky.feed.getFeed,200,291.626,0,,at://did:plc:jvrpllofboqntf5oz23ozuyp/app.bsky.feed.generator/aaabjki7ewirq
2026-02-27T05:16:30Z,app.bsky.feed.getFeed,200,1130.629,0,,at://did:plc:jfhpnnst6flqway4eaeqzj2a/app.bsky.feed.generator/for-science
2026-02-27T05:16:31Z,app.bsky.feed.getFeed,200,656.399,0,,at://did:plc:kogkquurpi7vd6ck2tndcoog/app.bsky.feed.generator/aaahe25fq3iao
2026-02-27T05:16:31Z,app.bsky.feed.getFeed,200,794.581,0,,at://did:plc:kkf4naxqmweop7dv4l2iqqf5/app.bsky.feed.generator/verified-news
2026-02-27T05:16:31Z,app.bsky.feed.getFeed,200,646.704,0,,at://did:plc:l72uci4styb4jucsgcrrj5ap/app.bsky.feed.generator/aaaaelwiya4c6
2026-02-27T05:16:30Z,app.bsky.feed.getFeed,200,517.369,0,,at://did:plc:jzuirp2oahpmr7keujggosnm/app.bsky.feed.generator/aaamchzapws5y
2026-02-27T05:16:31Z,app.bsky.feed.getFeed,200,637.847,0,,at://did:plc:l72uci4styb4jucsgcrrj5ap/app.bsky.feed.generator/aaae7jzakjhkm
2026-02-27T05:16:31Z,app.bsky.feed.getFeed,200,500.466,0,,at://did:plc:l72uci4styb4jucsgcrrj5ap/app.bsky.feed.generator/aaao5dzfm36u4
2026-02-27T05:16:31Z,app.bsky.feed.getFeed,200,385.388,0,,at://did:plc:lelg6d2guxp3nvcnx7d52ejt/app.bsky.feed.generator/aaal6xtmxbqxa
2026-02-27T05:16:31Z,app.bsky.feed.getFeed,200,369.394,0,,at://did:plc:lpl45lei6abqpvmet5htdbtb/app.bsky.feed.generator/aaakc72k5sgcs
2026-02-27T05:16:31Z,app.bsky.feed.getFeed,200,325.018,0,,at://did:plc:l72uci4styb4jucsgcrrj5ap/app.bsky.feed.generator/aaaaelwiya4c6
2026-02-27T05:16:31Z,app.bsky.feed.getFeed,200,720.221,0,,at://did:plc:lcytlkvzs3wslcgbk7i3ygak/app.bsky.feed.generator/aaaezvwrdjuoy
2026-02-27T05:16:32Z,app.bsky.feed.getFeed,200,446.253,0,,at://did:plc:lptjvw6ut224kwrj7ub3sqbe/app.bsky.feed.generator/aaaotfjzjplna
2026-02-27T05:16:31Z,app.bsky.feed.getFeed,200,277.059,0,,at://did:plc:lelg6d2guxp3nvcnx7d52ejt/app.bsky.feed.generator/aaal6xtmxbqxa
2026-02-27T05:16:31Z,app.bsky.feed.getFeed,200,307.533,0,,at://did:plc:l72uci4styb4jucsgcrrj5ap/app.bsky.feed.generator/aaao5dzfm36u4
2026-02-27T05:16:32Z,app.bsky.feed.getFeed,200,387.615,0,,at://did:plc:lyvh35oonxn4rkcdx7wsph4q/app.bsky.feed.generator/aaamsaqurkzls
2026-02-27T05:16:32Z,app.bsky.feed.getFeed,200,266.501,0,,at://did:plc:mlq4aycufcuolr7ax6sezpc4/app.bsky.feed.generator/aaad2auzj4ana
2026-02-27T05:16:32Z,app.bsky.feed.getFeed,200,767.603,0,,at://did:plc:lyrmsmhhg7vzz4ghj44y5xzq/app.bsky.feed.generator/52e908b2f435
2026-02-27T05:16:32Z,app.bsky.feed.getFeed,200,216.52,0,,at://did:plc:lptjvw6ut224kwrj7ub3sqbe/app.bsky.feed.generator/aaaotfjzjplna
2026-02-27T05:16:31Z,app.bsky.feed.getFeed,200,554.682,0,,at://did:plc:lcytlkvzs3wslcgbk7i3ygak/app.bsky.feed.generator/aaaezvwrdjuoy
2026-02-27T05:16:32Z,app.bsky.feed.getFeed,200,352.65,0,,at://did:plc:nkahctfdi6bxk72umytfwghw/app.bsky.feed.generator/aaad2q353alqm
2026-02-27T05:16:32Z,app.bsky.feed.getFeed,200,306.657,0,,at://did:plc:lyvh35oonxn4rkcdx7wsph4q/app.bsky.feed.generator/aaamsaqurkzls
2026-02-27T05:16:32Z,app.bsky.feed.getFeed,200,548.042,0,,at://did:plc:mziptt6o2ngf4scj7jiwacde/app.bsky.feed.generator/UKPolitics
2026-02-27T05:16:32Z,app.bsky.feed.getFeed,200,193.287,0,,at://did:plc:lptjvw6ut224kwrj7ub3sqbe/app.bsky.feed.generator/aaaotfjzjplna
2026-02-27T05:16:32Z,app.bsky.feed.getFeed,200,634.075,0,,at://did:plc:lyrmsmhhg7vzz4ghj44y5xzq/app.bsky.feed.generator/52e908b2f435
2026-02-27T05:16:33Z,app.bsky.feed.getFeed,200,358.179,0,,at://did:plc:nylio5rpw7u3wtven3vcriam/app.bsky.feed.generator/aaai4amp77qp6
2026-02-27T05:16:33Z,app.bsky.feed.getFeed,200,803.107,0,,at://did:plc:nmm26ltnxjx4oskwzdue4xvq/app.bsky.feed.generator/aaacoviie4ygo
2026-02-27T05:16:31Z,app.bsky.feed.getFeed,200,543.083,0,,at://did:plc:lcytlkvzs3wslcgbk7i3ygak/app.bsky.feed.generator/aaaezvwrdjuoy
2026-02-27T05:16:33Z,app.bsky.feed.getFeed,200,516.133,0,,at://did:plc:odqmsar3ikz5ubokya4sempk/app.bsky.feed.generator/aaabhy3bowhbo
2026-02-27T05:16:33Z,app.bsky.feed.getFeed,200,536.07,0,,at://did:plc:nylio5rpw7u3wtven3vcriam/app.bsky.feed.generator/aaai4amp77qp6
2026-02-27T05:16:34Z,app.bsky.feed.getFeed,200,650.075,0,,at://did:plc:odqmsar3ikz5ubokya4sempk/app.bsky.feed.generator/aaahudddd6mww
2026-02-27T05:16:33Z,app.bsky.feed.getFeed,200,767.297,0,,at://did:plc:odqmsar3ikz5ubokya4sempk/app.bsky.feed.generator/aaahu6g4bonog
2026-02-27T05:16:34Z,app.bsky.feed.getFeed,200,388.611,0,,at://did:plc:odqmsar3ikz5ubokya4sempk/app.bsky.feed.generator/aaahvpkfdo5qo
2026-02-27T05:16:33Z,app.bsky.feed.getFeed,200,781.939,0,,at://did:plc:nmm26ltnxjx4oskwzdue4xvq/app.bsky.feed.generator/aaacoviie4ygo
2026-02-27T05:16:33Z,app.bsky.feed.getFeed,200,416.025,0,,at://did:plc:odqmsar3ikz5ubokya4sempk/app.bsky.feed.generator/aaabhy3bowhbo
2026-02-27T05:16:34Z,app.bsky.feed.getFeed,200,442.888,0,,at://did:plc:oenp7isehvr65elhknbdju2b/app.bsky.feed.generator/aaapasapcjrnw
2026-02-27T05:16:34Z,app.bsky.feed.getFeed,200,457.913,0,,at://did:plc:odqmsar3ikz5ubokya4sempk/app.bsky.feed.generator/aaahudddd6mww
2026-02-27T05:16:34Z,app.bsky.feed.getFeed,200,313.869,0,,at://did:plc:odqmsar3ikz5ubokya4sempk/app.bsky.feed.generator/aaahvpkfdo5qo
2026-02-27T05:16:33Z,app.bsky.feed.getFeed,200,452.316,0,,at://did:plc:odqmsar3ikz5ubokya4sempk/app.bsky.feed.generator/aaahu6g4bonog
2026-02-27T05:16:35Z,app.bsky.feed.getFeed,200,336.185,0,,at://did:plc:ojisdwhv5b7tzitkipo3yx3f/app.bsky.feed.generator/aaao3rw3oxwku
2026-02-27T05:16:35Z,app.bsky.feed.getFeed,200,329.383,0,,at://did:plc:oqbijttmayqui2xv3e2xwcdz/app.bsky.feed.generator/aaaa4qsi2gfhk
2026-02-27T05:16:34Z,app.bsky.feed.getFeed,200,279.375,0,,at://did:plc:oenp7isehvr65elhknbdju2b/app.bsky.feed.generator/aaapasapcjrnw
2026-02-27T05:16:35Z,app.bsky.feed.getFeed,200,328.705,0,,at://did:plc:p2hhevq3w2kxgw3csyailya3/app.bsky.feed.generator/aaafrn54usbj6
2026-02-27T05:16:35Z,app.bsky.feed.getFeed,200,326.554,0,,at://did:plc:psjek76mfcjrfi7a3qu6cxlw/app.bsky.feed.generator/aaabxrboy7uvw
2026-02-27T05:16:35Z,app.bsky.feed.getFeed,200,371.769,0,,at://did:plc:q6gjnaw2blty4crticxkmujt/app.bsky.feed.generator/cl-tqsp
2026-02-27T05:16:35Z,app.bsky.feed.getFeed,200,322.792,0,,at://did:plc:oqbijttmayqui2xv3e2xwcdz/app.bsky.feed.generator/aaaa4qsi2gfhk
2026-02-27T05:16:35Z,app.bsky.feed.getFeed,200,463.943,0,,at://did:plc:ojisdwhv5b7tzitkipo3yx3f/app.bsky.feed.generator/aaao3rw3oxwku
2026-02-27T05:16:34Z,app.bsky.feed.getFeed,200,291.241,0,,at://did:plc:oenp7isehvr65elhknbdju2b/app.bsky.feed.generator/aaapasapcjrnw
2026-02-27T05:16:35Z,app.bsky.feed.getFeed,200,229.774,0,,at://did:plc:psjek76mfcjrfi7a3qu6cxlw/app.bsky.feed.generator/aaabxrboy7uvw
2026-02-27T05:16:35Z,app.bsky.feed.getFeed,200,395.452,0,,at://did:plc:p2hhevq3w2kxgw3csyailya3/app.bsky.feed.generator/aaafrn54usbj6
2026-02-27T05:16:36Z,app.bsky.feed.getFeed,200,365.914,0,,at://did:plc:qgy7vt74xmouisyslwm3fgfj/app.bsky.feed.generator/aaaapknzigxfi
2026-02-27T05:16:36Z,app.bsky.feed.getFeed,200,334.35,0,,at://did:plc:qq4q5nsxhl4m7gmvnf7mdgek/app.bsky.feed.generator/aaae55kaqvsla
2026-02-27T05:16:33Z,app.bsky.feed.getFeed,200,3045.917,0,,at://did:plc:odqmsar3ikz5ubokya4sempk/app.bsky.feed.generator/aaabfn4o34jdi
2026-02-27T05:16:34Z,app.bsky.feed.getFeed,200,386.156,0,,at://did:plc:oenp7isehvr65elhknbdju2b/app.bsky.feed.generator/aaapasapcjrnw
2026-02-27T05:16:36Z,app.bsky.feed.getFeed,200,308.608,0,,at://did:plc:qv5qyhnfl53lunglnrd6axpd/app.bsky.feed.generator/aaaisd7dl67ks
2026-02-27T05:16:36Z,app.bsky.feed.getFeed,200,692.212,0,,at://did:plc:qinqxdwwxgme6r4lgmkry5qu/app.bsky.feed.generator/spanish
2026-02-27T05:16:36Z,app.bsky.feed.getFeed,200,334.598,0,,at://did:plc:qywyjbhivdo4b333ilkf2zsh/app.bsky.feed.generator/aaadbjz6gsg6c
2026-02-27T05:16:36Z,app.bsky.feed.getFeed,200,644.142,0,,at://did:plc:qgy7vt74xmouisyslwm3fgfj/app.bsky.feed.generator/aaaapknzigxfi
2026-02-27T05:16:36Z,app.bsky.feed.getFeed,200,586.81,0,,at://did:plc:stu4unkwieyt5suhyfl6u5e4/app.bsky.feed.generator/aaacjvrirvq2w
2026-02-27T05:16:37Z,app.bsky.feed.getFeed,200,556.762,0,,at://did:plc:tazrmeme4dzahimsykusrwrk/app.bsky.feed.generator/anime-en-new
2026-02-27T05:16:36Z,app.bsky.feed.getFeed,200,394.379,0,,at://did:plc:qv5qyhnfl53lunglnrd6axpd/app.bsky.feed.generator/aaaisd7dl67ks
2026-02-27T05:16:37Z,app.bsky.feed.getFeed,200,479.329,0,,at://did:plc:tenurhgjptubkk5zf5qhi3og/app.bsky.feed.generator/catch-up
2026-02-27T05:16:37Z,app.bsky.feed.getFeed,200,326.096,0,,at://did:plc:tenurhgjptubkk5zf5qhi3og/app.bsky.feed.generator/h-nba
2026-02-27T05:16:37Z,app.bsky.feed.getFeed,200,433.438,0,,at://did:plc:tenurhgjptubkk5zf5qhi3og/app.bsky.feed.generator/mutuals
2026-02-27T05:16:37Z,app.bsky.feed.getFeed,200,378.914,0,,at://did:plc:tenurhgjptubkk5zf5qhi3og/app.bsky.feed.generator/only-posts
2026-02-27T05:16:37Z,app.bsky.feed.getFeed,200,679.533,0,,at://did:plc:tenurhgjptubkk5zf5qhi3og/app.bsky.feed.generator/discover
2026-02-27T05:16:38Z,app.bsky.feed.getFeed,200,326.46,0,,at://did:plc:v336bgjhyj5suvc6ds5vkckg/app.bsky.feed.generator/aaabygc4ng36o
2026-02-27T05:16:37Z,app.bsky.feed.getFeed,200,248.487,0,,at://did:plc:tenurhgjptubkk5zf5qhi3og/app.bsky.feed.generator/catch-up
2026-02-27T05:16:37Z,app.bsky.feed.getFeed,502,448.235,0,http_502,at://did:plc:tenurhgjptubkk5zf5qhi3og/app.bsky.feed.generator/re-plus-posts
2026-02-27T05:16:38Z,app.bsky.feed.getFeed,200,359.464,0,,at://did:plc:vjyot2w7zeomrslomwpfxirl/app.bsky.feed.generator/aaabucto6sdf6
2026-02-27T05:16:38Z,app.bsky.feed.getFeed,200,445.948,0,,at://did:plc:vjyot2w7zeomrslomwpfxirl/app.bsky.feed.generator/aaajjrj657mnm
2026-02-27T05:16:38Z,app.bsky.feed.getFeed,502,1054.792,0,http_502,at://did:plc:vc7f4oafdgxsihk4cry2xpze/app.bsky.feed.generator/media
2026-02-27T05:16:38Z,app.bsky.feed.getFeed,200,234.058,0,,at://did:plc:vpkhqolt662uhesyj6nxm7ys/app.bsky.feed.generator/bestoffollows
2026-02-27T05:16:38Z,app.bsky.feed.getFeed,200,250.981,0,,at://did:plc:v336bgjhyj5suvc6ds5vkckg/app.bsky.feed.generator/aaabygc4ng36o
2026-02-27T05:16:38Z,app.bsky.feed.getFeed,200,255.084,0,,at://did:plc:vpkhqolt662uhesyj6nxm7ys/app.bsky.feed.generator/followlikes
2026-02-27T05:16:38Z,app.bsky.feed.getFeed,200,249.232,0,,at://did:plc:vjyot2w7zeomrslomwpfxirl/app.bsky.feed.generator/aaabucto6sdf6
2026-02-27T05:16:39Z,app.bsky.feed.getFeed,200,229.54,0,,at://did:plc:vpkhqolt662uhesyj6nxm7ys/app.bsky.feed.generator/followpics
2026-02-27T05:16:38Z,app.bsky.feed.getFeed,200,350.679,0,,at://did:plc:vpkhqolt662uhesyj6nxm7ys/app.bsky.feed.generator/bestoffollows
2026-02-27T05:16:40Z,app.bsky.feed.getFeed,200,373.082,0,,at://did:plc:vpkhqolt662uhesyj6nxm7ys/app.bsky.feed.generator/infreq
2026-02-27T05:16:38Z,app.bsky.feed.getFeed,502,727.931,1,http_502,at://did:plc:vc7f4oafdgxsihk4cry2xpze/app.bsky.feed.generator/media
2026-02-27T05:16:40Z,app.bsky.feed.getFeed,200,594.371,0,,at://did:plc:vwzwgnygau7ed7b7wt5ux7y2/app.bsky.feed.generator/teams
2026-02-27T05:16:41Z,app.bsky.feed.getFeed,200,487.691,0,,at://did:plc:w4xbfzo7kqfes5zb7r6qv3rw/app.bsky.feed.generator/blacksky
2026-02-27T05:16:41Z,app.bsky.feed.getFeed,200,460.283,0,,at://did:plc:wzsilnxf24ehtmmc3gssy5bu/app.bsky.feed.generator/mentions
2026-02-27T05:16:39Z,app.bsky.feed.getFeed,200,154.284,0,,at://did:plc:vpkhqolt662uhesyj6nxm7ys/app.bsky.feed.generator/followpics
2026-02-27T05:16:42Z,app.bsky.feed.getFeed,200,514.894,0,,at://did:plc:wzsilnxf24ehtmmc3gssy5bu/app.bsky.feed.generator/newskies
2026-02-27T05:16:42Z,app.bsky.feed.getFeed,200,342.415,0,,at://did:plc:x3cya3wkt4n6u4ihmvpsc5if/app.bsky.feed.generator/aaacynbxwimok
2026-02-27T05:16:43Z,app.bsky.feed.getFeed,200,324.486,0,,at://did:plc:yw3qqfa7hrhmwbc6wyrq5u7f/app.bsky.feed.generator/aaabqfmu2zuck
2026-02-27T05:16:44Z,app.bsky.feed.getFeed,200,146.322,0,,at://did:plc:z72i7hdynmk6r22z27h6tvur/app.bsky.feed.generator/best-of-follows
2026-02-27T05:16:44Z,app.bsky.feed.getFeed,200,162.298,0,,at://did:plc:z72i7hdynmk6r22z27h6tvur/app.bsky.feed.generator/bsky-team
2026-02-27T05:16:44Z,app.bsky.feed.getFeed,200,248.366,0,,at://did:plc:z72i7hdynmk6r22z27h6tvur/app.bsky.feed.generator/hot-classic
2026-02-27T05:16:45Z,app.bsky.feed.getFeed,200,152.916,0,,at://did:plc:z72i7hdynmk6r22z27h6tvur/app.bsky.feed.generator/mutuals
2026-02-27T05:16:42Z,app.bsky.feed.getFeed,200,581.335,0,,at://did:plc:wzsilnxf24ehtmmc3gssy5bu/app.bsky.feed.generator/newskies
2026-02-27T05:16:45Z,app.bsky.feed.getFeed,200,336.987,0,,at://did:plc:z72i7hdynmk6r22z27h6tvur/app.bsky.feed.generator/whats-hot
2026-02-27T05:16:45Z,app.bsky.feed.getFeed,200,413.335,0,,at://did:plc:z72i7hdynmk6r22z27h6tvur/app.bsky.feed.generator/with-friends
2026-02-27T05:16:43Z,app.bsky.feed.getFeed,200,2579.827,0,,at://did:plc:y7crv2yh74s7qhmtx3mvbgv5/app.bsky.feed.generator/art-new
2026-02-27T05:16:44Z,app.bsky.feed.getFeed,200,184.494,0,,at://did:plc:z72i7hdynmk6r22z27h6tvur/app.bsky.feed.generator/bsky-team
2026-02-27T05:16:45Z,app.bsky.feed.getFeed,200,179.534,0,,at://did:plc:z72i7hdynmk6r22z27h6tvur/app.bsky.feed.generator/whats-hot
2026-02-27T05:16:37Z,app.bsky.feed.getFeed,502,7422.12,1,http_502,at://did:plc:tenurhgjptubkk5zf5qhi3og/app.bsky.feed.generator/re-plus-posts
