cluster_rank,cluster_text,cluster_context_count,cluster_unique_posts,cluster_unique_authors,cluster_total_context_exposure,weighted_mean_gap_equal,weighted_mean_gap_timing_author_trajectory,max_gap_timing_author_trajectory,mean_riskset_size,max_riskset_size,mean_shown_count,mean_zero_share,max_zero_share,worst_context_id,worst_context_gap_timing_author_trajectory,worst_context_total_y,worst_context_riskset_size,worst_context_shown_count,worst_context_viewer_mode,worst_context_bucket,worst_context_feed_uri,worst_context_window_start_utc,worst_context_window_end_utc,sample_rank,post_uri,post_url,author_did,author_handle,record_created_at,indexed_at,first_seen_captured_at_utc,first_seen_feed_uri,first_seen_bucket,raw_text,total_exposure,shown_context_count,context_count,first_monitored_delay_minutes,mean_age_hours,min_age_hours,max_age_hours
1,"the bruv is back! will ospreay returned to action against blake christian, but immediately shifted gears to jon moxley + the death riders! watch the #aewdynamite replay right now on hbo max!",4,2,2,0.787318,0.5,0.558722,0.927836,2.0,2,1.0,0.5,0.5,2008,0.927836,0.182088,2,1,unauth,popular_by_likecount,at://did:plc:5kk6tru4mdazgfmgyflvz3k2/app.bsky.feed.generator/aew,2026-03-19T16:00:00Z,2026-03-19T16:10:00Z,1,at://did:plc:kgpryoo3cao2ktzvzzw2nary/app.bsky.feed.post/3mhgez3krdt2s,https://bsky.app/profile/did:plc:kgpryoo3cao2ktzvzzw2nary/post/3mhgez3krdt2s,did:plc:kgpryoo3cao2ktzvzzw2nary,aewbot.bsky.social,2026-03-19T16:05:51.369Z,2026-03-19T16:05:59.854Z,2026-03-19T16:12:07Z,at://did:plc:5kk6tru4mdazgfmgyflvz3k2/app.bsky.feed.generator/aew,popular_by_likecount,"The Bruv is BACK! Will Ospreay returned to action against Blake Christian, but immediately shifted gears to Jon Moxley + The Death Riders!

Watch the #AEWDynamite replay RIGHT NOW on HBO Max!",0.422061,2,4,19.1524,0.402397,0.069064,0.902397
1,"the bruv is back! will ospreay returned to action against blake christian, but immediately shifted gears to jon moxley + the death riders! watch the #aewdynamite replay right now on hbo max!",4,2,2,0.787318,0.5,0.558722,0.927836,2.0,2,1.0,0.5,0.5,2008,0.927836,0.182088,2,1,unauth,popular_by_likecount,at://did:plc:5kk6tru4mdazgfmgyflvz3k2/app.bsky.feed.generator/aew,2026-03-19T16:00:00Z,2026-03-19T16:10:00Z,2,at://did:plc:dsmuyt6h5emct7b42qkum5dv/app.bsky.feed.post/3mhgbm7jfww2e,https://bsky.app/profile/did:plc:dsmuyt6h5emct7b42qkum5dv/post/3mhgbm7jfww2e,did:plc:dsmuyt6h5emct7b42qkum5dv,allelitewrestling.com,2026-03-19T15:04:58.355Z,2026-03-19T15:05:05.876Z,2026-03-19T15:10:02Z,at://did:plc:5kk6tru4mdazgfmgyflvz3k2/app.bsky.feed.generator/wrestlesky,popular_by_likecount,"The Bruv is BACK! Will Ospreay returned to action against Blake Christian, but immediately shifted gears to Jon Moxley + The Death Riders!

Watch the #AEWDynamite replay RIGHT NOW on HBO Max!",0.365257,2,4,16.9521,1.417124,1.08379,1.917124
2,trump accidentally reveals what he really thinks of maga voters newrepublic.com/article/2078... via @newrepublic.com,2,3,3,0.501616,0.666667,0.525262,0.706724,3.0,3,1.0,0.666667,0.666667,19051,0.706724,0.270238,3,1,auth,popular_by_likecount,at://did:plc:7mtqkeetxgxqfyhyi2dnyga2/app.bsky.feed.generator/aaadhh6hwvaca,2026-03-22T14:40:00Z,2026-03-22T14:50:00Z,1,at://did:plc:isq34r6dgkjmnwoyop2gts5f/app.bsky.feed.post/3mhnrbea5wc2i,https://bsky.app/profile/did:plc:isq34r6dgkjmnwoyop2gts5f/post/3mhnrbea5wc2i,did:plc:isq34r6dgkjmnwoyop2gts5f,tiggergirl.bsky.social,2026-03-22T14:33:52.259Z,2026-03-22T14:33:59.269Z,2026-03-22T14:35:40Z,at://did:plc:7mtqkeetxgxqfyhyi2dnyga2/app.bsky.feed.generator/aaadhh6hwvaca,popular_by_likecount,Trump Accidentally Reveals What He Really Thinks of MAGA Voters newrepublic.com/article/2078... via @newrepublic.com,0.270238,1,2,6.2455,0.35215,0.268817,0.435484
2,trump accidentally reveals what he really thinks of maga voters newrepublic.com/article/2078... via @newrepublic.com,2,3,3,0.501616,0.666667,0.525262,0.706724,3.0,3,1.0,0.666667,0.666667,19051,0.706724,0.270238,3,1,auth,popular_by_likecount,at://did:plc:7mtqkeetxgxqfyhyi2dnyga2/app.bsky.feed.generator/aaadhh6hwvaca,2026-03-22T14:40:00Z,2026-03-22T14:50:00Z,2,at://did:plc:jxw4jdvjzcvue6ra4glergyx/app.bsky.feed.post/3mhnrwzbfsc24,https://bsky.app/profile/did:plc:jxw4jdvjzcvue6ra4glergyx/post/3mhnrwzbfsc24,did:plc:jxw4jdvjzcvue6ra4glergyx,johninthekeys.bsky.social,2026-03-22T14:45:58.965Z,2026-03-22T14:46:01.356Z,2026-03-22T14:51:19Z,at://did:plc:7mtqkeetxgxqfyhyi2dnyga2/app.bsky.feed.generator/aaadhh6hwvaca,popular_by_likecount,Trump Accidentally Reveals What He Really Thinks of MAGA Voters newrepublic.com/article/2078... via @newrepublic.com,0.231378,1,2,8.8107,0.150287,0.066954,0.233621
2,trump accidentally reveals what he really thinks of maga voters newrepublic.com/article/2078... via @newrepublic.com,2,3,3,0.501616,0.666667,0.525262,0.706724,3.0,3,1.0,0.666667,0.666667,19051,0.706724,0.270238,3,1,auth,popular_by_likecount,at://did:plc:7mtqkeetxgxqfyhyi2dnyga2/app.bsky.feed.generator/aaadhh6hwvaca,2026-03-22T14:40:00Z,2026-03-22T14:50:00Z,3,at://did:plc:7qb3vaoodfvunbonpq6kccg2/app.bsky.feed.post/3mhiumi3ooc25,https://bsky.app/profile/did:plc:7qb3vaoodfvunbonpq6kccg2/post/3mhiumi3ooc25,did:plc:7qb3vaoodfvunbonpq6kccg2,greycinder.bsky.social,2026-03-20T15:50:27.942Z,2026-03-20T15:50:30.258Z,2026-03-20T15:51:30Z,at://did:plc:7mtqkeetxgxqfyhyi2dnyga2/app.bsky.feed.generator/aaadhh6hwvaca,popular_by_likecount,Trump Accidentally Reveals What He Really Thinks of MAGA Voters newrepublic.com/article/2078... via @newrepublic.com,0.0,0,2,0.9957,47.075572,46.992238,47.158905
3,pon un gif de tu pokémon favorito.,2,3,3,0.450122,0.666667,0.518376,0.671314,3.0,3,1.0,0.666667,0.666667,12768,0.671314,0.239812,3,1,auth,popular_by_likecount,at://did:plc:qinqxdwwxgme6r4lgmkry5qu/app.bsky.feed.generator/spanish,2026-03-21T16:40:00Z,2026-03-21T16:50:00Z,1,at://did:plc:is5q7ahfhl52yajkzfrujxpt/app.bsky.feed.post/3mhlhxyckzk2d,https://bsky.app/profile/did:plc:is5q7ahfhl52yajkzfrujxpt/post/3mhlhxyckzk2d,did:plc:is5q7ahfhl52yajkzfrujxpt,raulmv.bsky.es,2026-03-21T16:42:14.615Z,2026-03-21T16:42:16.363Z,2026-03-21T16:42:54Z,at://did:plc:qinqxdwwxgme6r4lgmkry5qu/app.bsky.feed.generator/spanish,popular_by_likecount,Pon un gif de tu Pokémon favorito.,0.239812,1,2,0.6273,0.212607,0.129274,0.29594
3,pon un gif de tu pokémon favorito.,2,3,3,0.450122,0.666667,0.518376,0.671314,3.0,3,1.0,0.666667,0.666667,12768,0.671314,0.239812,3,1,auth,popular_by_likecount,at://did:plc:qinqxdwwxgme6r4lgmkry5qu/app.bsky.feed.generator/spanish,2026-03-21T16:40:00Z,2026-03-21T16:50:00Z,2,at://did:plc:jrqc4peftx7u24kjtacexhzd/app.bsky.feed.post/3mhlifpohzc2l,https://bsky.app/profile/did:plc:jrqc4peftx7u24kjtacexhzd/post/3mhlifpohzc2l,did:plc:jrqc4peftx7u24kjtacexhzd,davinidae.eu,2026-03-21T16:49:55.330Z,2026-03-21T16:49:57.265Z,2026-03-21T16:50:31Z,at://did:plc:qinqxdwwxgme6r4lgmkry5qu/app.bsky.feed.generator/spanish,popular_by_likecount,Pon un gif de tu Pokémon favorito.,0.21031,1,2,0.5623,0.084631,0.001297,0.167964
3,pon un gif de tu pokémon favorito.,2,3,3,0.450122,0.666667,0.518376,0.671314,3.0,3,1.0,0.666667,0.666667,12768,0.671314,0.239812,3,1,auth,popular_by_likecount,at://did:plc:qinqxdwwxgme6r4lgmkry5qu/app.bsky.feed.generator/spanish,2026-03-21T16:40:00Z,2026-03-21T16:50:00Z,3,at://did:plc:7yw23qh7siew3g4yvdpztzib/app.bsky.feed.post/3mhktduukn22l,https://bsky.app/profile/did:plc:7yw23qh7siew3g4yvdpztzib/post/3mhktduukn22l,did:plc:7yw23qh7siew3g4yvdpztzib,poetadead.bsky.social,2026-03-21T10:33:05.084Z,2026-03-21T10:33:06.954Z,2026-03-21T10:33:29Z,at://did:plc:qinqxdwwxgme6r4lgmkry5qu/app.bsky.feed.generator/spanish,popular_by_likecount,Pon un gif de tu Pokémon favorito.,0.0,0,2,0.3674,6.365254,6.281921,6.448588
4,x.com/i/status/203...,2,2,2,0.403553,0.5,0.504286,0.620838,2.0,2,1.0,0.5,0.5,20705,0.620838,0.218104,2,1,auth,popular_by_likecount,at://did:plc:qinqxdwwxgme6r4lgmkry5qu/app.bsky.feed.generator/spanish,2026-03-22T20:10:00Z,2026-03-22T20:20:00Z,1,at://did:plc:7drhu6bn5w5s4zcohg5znrov/app.bsky.feed.post/3mhoebzu5ss2m,https://bsky.app/profile/did:plc:7drhu6bn5w5s4zcohg5znrov/post/3mhoebzu5ss2m,did:plc:7drhu6bn5w5s4zcohg5znrov,zoilo59.bsky.social,2026-03-22T20:14:16.032Z,2026-03-22T20:14:27.061Z,2026-03-22T20:14:55Z,at://did:plc:qinqxdwwxgme6r4lgmkry5qu/app.bsky.feed.generator/spanish,popular_by_likecount,x.com/i/status/203...,0.218104,1,2,0.4657,0.17888,0.095547,0.262213
4,x.com/i/status/203...,2,2,2,0.403553,0.5,0.504286,0.620838,2.0,2,1.0,0.5,0.5,20705,0.620838,0.218104,2,1,auth,popular_by_likecount,at://did:plc:qinqxdwwxgme6r4lgmkry5qu/app.bsky.feed.generator/spanish,2026-03-22T20:10:00Z,2026-03-22T20:20:00Z,2,at://did:plc:fxrrbiofnguqms6ahacrb2an/app.bsky.feed.post/3mhoel57pdc24,https://bsky.app/profile/did:plc:fxrrbiofnguqms6ahacrb2an/post/3mhoel57pdc24,did:plc:fxrrbiofnguqms6ahacrb2an,lurpia.bsky.social,2026-03-22T20:19:21.545Z,2026-03-22T20:19:31.157Z,2026-03-22T20:20:25Z,at://did:plc:qinqxdwwxgme6r4lgmkry5qu/app.bsky.feed.generator/spanish,popular_by_likecount,x.com/i/status/203...,0.185449,1,2,0.8974,0.094015,0.010682,0.177349
5,#aew,8,4,3,2.698779,0.470676,0.438123,0.977255,3.0,4,1.25,0.53125,0.75,2616,0.977255,0.270238,3,1,unauth,popular_by_likecount,at://did:plc:5kk6tru4mdazgfmgyflvz3k2/app.bsky.feed.generator/top-aew,2026-03-19T18:30:00Z,2026-03-19T18:40:00Z,1,at://did:plc:a7mhmylwlhhckf6u44rjfpcv/app.bsky.feed.post/3mhgecfrpps27,https://bsky.app/profile/did:plc:a7mhmylwlhhckf6u44rjfpcv/post/3mhgecfrpps27,did:plc:a7mhmylwlhhckf6u44rjfpcv,askarnes.bsky.social,2026-03-19T15:53:10.626Z,2026-03-19T15:53:13.557Z,2026-03-19T15:54:50Z,at://did:plc:5kk6tru4mdazgfmgyflvz3k2/app.bsky.feed.generator/aew,popular_by_likecount,#AEW,1.434883,5,8,7.7074,21.801215,1.947048,55.113715
5,#aew,8,4,3,2.698779,0.470676,0.438123,0.977255,3.0,4,1.25,0.53125,0.75,2616,0.977255,0.270238,3,1,unauth,popular_by_likecount,at://did:plc:5kk6tru4mdazgfmgyflvz3k2/app.bsky.feed.generator/top-aew,2026-03-19T18:30:00Z,2026-03-19T18:40:00Z,2,at://did:plc:qyasxjgq5fqgr4qxn6clpong/app.bsky.feed.post/3mhlqzsmy7c2u,https://bsky.app/profile/did:plc:qyasxjgq5fqgr4qxn6clpong/post/3mhlqzsmy7c2u,did:plc:qyasxjgq5fqgr4qxn6clpong,fatsfalafel.bsky.social,2026-03-21T19:24:19.449Z,2026-03-21T19:24:20.563Z,2026-03-21T19:25:18Z,at://did:plc:5kk6tru4mdazgfmgyflvz3k2/app.bsky.feed.generator/wrestlesky,popular_by_likecount,#AEW,0.686491,3,3,7.9406,2.261264,1.094597,3.594597
5,#aew,8,4,3,2.698779,0.470676,0.438123,0.977255,3.0,4,1.25,0.53125,0.75,2616,0.977255,0.270238,3,1,unauth,popular_by_likecount,at://did:plc:5kk6tru4mdazgfmgyflvz3k2/app.bsky.feed.generator/top-aew,2026-03-19T18:30:00Z,2026-03-19T18:40:00Z,3,at://did:plc:idzrpvspdl4zcwfm5s7uj46r/app.bsky.feed.post/3mhgn7bvzls2j,https://bsky.app/profile/did:plc:idzrpvspdl4zcwfm5s7uj46r/post/3mhgn7bvzls2j,did:plc:idzrpvspdl4zcwfm5s7uj46r,rockthismike.bsky.social,2026-03-19T18:32:29.586Z,2026-03-19T18:32:32.357Z,2026-03-19T18:34:13Z,at://did:plc:5kk6tru4mdazgfmgyflvz3k2/app.bsky.feed.generator/aew,popular_by_likecount,#AEW,0.386853,1,5,1.6774,30.958448,0.125115,52.458448
5,#aew,8,4,3,2.698779,0.470676,0.438123,0.977255,3.0,4,1.25,0.53125,0.75,2616,0.977255,0.270238,3,1,unauth,popular_by_likecount,at://did:plc:5kk6tru4mdazgfmgyflvz3k2/app.bsky.feed.generator/top-aew,2026-03-19T18:30:00Z,2026-03-19T18:40:00Z,4,at://did:plc:idzrpvspdl4zcwfm5s7uj46r/app.bsky.feed.post/3mhgjlgckrk2j,https://bsky.app/profile/did:plc:idzrpvspdl4zcwfm5s7uj46r/post/3mhgjlgckrk2j,did:plc:idzrpvspdl4zcwfm5s7uj46r,rockthismike.bsky.social,2026-03-19T17:27:41.878Z,2026-03-19T17:27:42.664Z,2026-03-19T17:30:55Z,at://did:plc:5kk6tru4mdazgfmgyflvz3k2/app.bsky.feed.generator/aew,popular_by_likecount,#AEW,0.190551,1,8,17.3556,20.225867,0.371701,53.538367
6,"a starlet snuffed out! who could have done this to ""timeless"" toni storm? watch the #aewdynamite replay right now on hbo max!",4,2,2,2.423116,0.310554,0.339782,0.617881,2.0,2,1.5,0.25,0.5,1510,0.617881,1.0,2,1,unauth,longtail_random,at://did:plc:yl45ewhpx75f74u33smrbdis/app.bsky.feed.generator/aaaeckzotdafa,2026-03-19T13:40:00Z,2026-03-19T13:50:00Z,1,at://did:plc:dsmuyt6h5emct7b42qkum5dv/app.bsky.feed.post/3mhg4dvp2ki2n,https://bsky.app/profile/did:plc:dsmuyt6h5emct7b42qkum5dv/post/3mhg4dvp2ki2n,did:plc:dsmuyt6h5emct7b42qkum5dv,allelitewrestling.com,2026-03-19T13:30:50.907Z,2026-03-19T13:30:51.556Z,2026-03-19T13:31:22Z,at://did:plc:yl45ewhpx75f74u33smrbdis/app.bsky.feed.generator/aaaeckzotdafa,longtail_random,"A starlet snuffed out! Who could have done this to ""Timeless"" Toni Storm?

Watch the #AEWDynamite replay RIGHT NOW on HBO Max!",1.459048,3,4,13.0407,0.652526,0.319193,1.319192
6,"a starlet snuffed out! who could have done this to ""timeless"" toni storm? watch the #aewdynamite replay right now on hbo max!",4,2,2,2.423116,0.310554,0.339782,0.617881,2.0,2,1.5,0.25,0.5,1510,0.617881,1.0,2,1,unauth,longtail_random,at://did:plc:yl45ewhpx75f74u33smrbdis/app.bsky.feed.generator/aaaeckzotdafa,2026-03-19T13:40:00Z,2026-03-19T13:50:00Z,2,at://did:plc:kgpryoo3cao2ktzvzzw2nary/app.bsky.feed.post/3mhg4vji6ez2c,https://bsky.app/profile/did:plc:kgpryoo3cao2ktzvzzw2nary/post/3mhg4vji6ez2c,did:plc:kgpryoo3cao2ktzvzzw2nary,aewbot.bsky.social,2026-03-19T13:40:42.092Z,2026-03-19T13:40:42.756Z,2026-03-19T13:41:07Z,at://did:plc:5kk6tru4mdazgfmgyflvz3k2/app.bsky.feed.generator/aew,popular_by_likecount,"A starlet snuffed out! Who could have done this to ""Timeless"" Toni Storm?

Watch the #AEWDynamite replay RIGHT NOW on HBO Max!",0.964068,3,4,4.7874,0.488308,0.154974,1.154974
7,"breakdown of kawhi's secret endorsement deal, wire transfers, uncle dennis name on paper work & more #nba #nbasky youtu.be/y2d0ds55ja0",6,2,2,1.470216,0.373863,0.324002,0.892557,2.0,2,1.1667,0.416667,0.5,9224,0.892557,0.184289,2,1,auth,popular_by_likecount,at://did:plc:tenurhgjptubkk5zf5qhi3og/app.bsky.feed.generator/h-nba,2026-03-21T03:30:00Z,2026-03-21T03:40:00Z,1,at://did:plc:4btwgxvf3esngow5xqwtoqx4/app.bsky.feed.post/3mhk3nom55h2i,https://bsky.app/profile/did:plc:4btwgxvf3esngow5xqwtoqx4/post/3mhk3nom55h2i,did:plc:4btwgxvf3esngow5xqwtoqx4,nbaskies.bsky.social,2026-03-21T03:29:04+00:00,2026-03-21T03:29:04.553Z,2026-03-21T03:35:23Z,at://did:plc:u45hqzk7counfbwyg5edhmvi/app.bsky.feed.generator/aaadvxju4txkk,popular_by_likecount,"Breakdown Of Kawhi's Secret Endorsement Deal, Wire Transfers, Uncle Dennis Name On Paper Work & More #nba #nbasky youtu.be/y2D0DS55ja0",1.100479,5,6,10.9408,0.626667,0.182222,1.015556
7,"breakdown of kawhi's secret endorsement deal, wire transfers, uncle dennis name on paper work & more #nba #nbasky youtu.be/y2d0ds55ja0",6,2,2,1.470216,0.373863,0.324002,0.892557,2.0,2,1.1667,0.416667,0.5,9224,0.892557,0.184289,2,1,auth,popular_by_likecount,at://did:plc:tenurhgjptubkk5zf5qhi3og/app.bsky.feed.generator/h-nba,2026-03-21T03:30:00Z,2026-03-21T03:40:00Z,2,at://did:plc:wmck3diml63ospobapl6n56e/app.bsky.feed.post/3mhjyefn4np2b,https://bsky.app/profile/did:plc:wmck3diml63ospobapl6n56e/post/3mhjyefn4np2b,did:plc:wmck3diml63ospobapl6n56e,orangecookiesnba.bsky.social,2026-03-21T02:30:11+00:00,2026-03-21T02:30:12.052Z,2026-03-21T02:35:13Z,at://did:plc:u45hqzk7counfbwyg5edhmvi/app.bsky.feed.generator/aaadvxju4txkk,popular_by_likecount,"Breakdown Of Kawhi's Secret Endorsement Deal, Wire Transfers, Uncle Dennis Name On Paper Work & More #nba #nbasky youtu.be/y2D0DS55ja0",0.369738,2,6,4.9991,1.608056,1.163611,1.996944
8,"giallini operato, intervento riuscito. il dottore: ""l'ho già messo in piedi"" – adnkronos giallini operato, intervento riuscito. il dottore: “l’ho già messo in piedi” adnkronos incidente per marco giallini, ‘è stato operato,…",1,2,2,0.244651,0.5,0.301971,0.301971,2.0,2,1.0,0.5,0.5,1443,0.301971,0.244651,2,1,unauth,popular_by_likecount,at://did:plc:tg6c37kjztuwx2lzlrpdubkl/app.bsky.feed.generator/aaaepk55xbk6u,2026-03-19T12:30:00Z,2026-03-19T12:40:00Z,1,at://did:plc:ht6nj7wvu3y7ysrlwyc2iy5m/app.bsky.feed.post/3mhfyxytv772t,https://bsky.app/profile/did:plc:ht6nj7wvu3y7ysrlwyc2iy5m/post/3mhfyxytv772t,did:plc:ht6nj7wvu3y7ysrlwyc2iy5m,cronaca.bsky.social,2026-03-19T12:30:28+00:00,2026-03-19T12:30:30.754Z,2026-03-19T12:34:23Z,at://did:plc:tg6c37kjztuwx2lzlrpdubkl/app.bsky.feed.generator/aaaepk55xbk6u,popular_by_likecount,"Giallini operato, intervento riuscito. Il dottore: ""L'ho già messo in piedi"" – Adnkronos

https://www.europesays.com/it/403066/

Giallini operato, intervento riuscito. Il dottore: “L’ho già messo in piedi”  Adnkronos Incidente per Marco Giallini, ‘è stato operato,…",0.244651,1,1,5.2874,0.158889,0.158889,0.158889
8,"giallini operato, intervento riuscito. il dottore: ""l'ho già messo in piedi"" – adnkronos giallini operato, intervento riuscito. il dottore: “l’ho già messo in piedi” adnkronos incidente per marco giallini, ‘è stato operato,…",1,2,2,0.244651,0.5,0.301971,0.301971,2.0,2,1.0,0.5,0.5,1443,0.301971,0.244651,2,1,unauth,popular_by_likecount,at://did:plc:tg6c37kjztuwx2lzlrpdubkl/app.bsky.feed.generator/aaaepk55xbk6u,2026-03-19T12:30:00Z,2026-03-19T12:40:00Z,2,at://did:plc:pntjm44plexkgbvlrdg65lnl/app.bsky.feed.post/3mhfyfhpka226,https://bsky.app/profile/did:plc:pntjm44plexkgbvlrdg65lnl/post/3mhfyfhpka226,did:plc:pntjm44plexkgbvlrdg65lnl,intrattenimento.bsky.social,2026-03-19T12:20:05+00:00,2026-03-19T12:20:08.952Z,2026-03-19T12:22:52Z,at://did:plc:tg6c37kjztuwx2lzlrpdubkl/app.bsky.feed.generator/aaaepk55xbk6u,popular_by_likecount,"Giallini operato, intervento riuscito. Il dottore: ""L'ho già messo in piedi"" – Adnkronos

https://www.europesays.com/it/403066/

Giallini operato, intervento riuscito. Il dottore: “L’ho già messo in piedi”  Adnkronos Incidente per Marco Giallini, ‘è stato operato,…",0.0,0,1,2.7175,0.331944,0.331944,0.331944
9,nba media promoting clippers changed initial statements & adam silver avoids validating pablo torre #nba #nbasky youtu.be/zhplchipcme,12,2,2,2.761157,0.5,0.295477,0.420092,2.0,2,1.0,0.5,0.5,11157,0.420092,0.181043,2,1,auth,popular_by_likecount,at://did:plc:u45hqzk7counfbwyg5edhmvi/app.bsky.feed.generator/aaadvxju4txkk,2026-03-21T10:40:00Z,2026-03-21T10:50:00Z,1,at://did:plc:4btwgxvf3esngow5xqwtoqx4/app.bsky.feed.post/3mhkajdvb4r2q,https://bsky.app/profile/did:plc:4btwgxvf3esngow5xqwtoqx4/post/3mhkajdvb4r2q,did:plc:4btwgxvf3esngow5xqwtoqx4,nbaskies.bsky.social,2026-03-21T04:56:07+00:00,2026-03-21T04:56:08.053Z,2026-03-21T05:01:06Z,at://did:plc:u45hqzk7counfbwyg5edhmvi/app.bsky.feed.generator/aaadvxju4txkk,popular_by_likecount,NBA Media Promoting Clippers Changed Initial Statements & Adam Silver Avoids Validating Pablo Torre #nba #nbasky youtu.be/ZhPlcHIPcmE,2.761157,12,12,15.1491,4.134167,0.398056,7.898056
9,nba media promoting clippers changed initial statements & adam silver avoids validating pablo torre #nba #nbasky youtu.be/zhplchipcme,12,2,2,2.761157,0.5,0.295477,0.420092,2.0,2,1.0,0.5,0.5,11157,0.420092,0.181043,2,1,auth,popular_by_likecount,at://did:plc:u45hqzk7counfbwyg5edhmvi/app.bsky.feed.generator/aaadvxju4txkk,2026-03-21T10:40:00Z,2026-03-21T10:50:00Z,2,at://did:plc:wmck3diml63ospobapl6n56e/app.bsky.feed.post/3mhk45ueajf2r,https://bsky.app/profile/did:plc:wmck3diml63ospobapl6n56e/post/3mhk45ueajf2r,did:plc:wmck3diml63ospobapl6n56e,orangecookiesnba.bsky.social,2026-03-21T03:38:06+00:00,2026-03-21T03:38:07.453Z,2026-03-21T03:41:05Z,at://did:plc:u45hqzk7counfbwyg5edhmvi/app.bsky.feed.generator/aaadvxju4txkk,popular_by_likecount,NBA Media Promoting Clippers Changed Initial Statements & Adam Silver Avoids Validating Pablo Torre #nba #nbasky youtu.be/ZhPlcHIPcmE,0.0,0,12,14.7925,5.434444,1.698333,9.198333
10,the lawsuit alleges the menlo park tech giant created a special employee-rating category before the mass layoffs.,1,3,3,1.466445,0.348588,0.287298,0.287298,3.0,3,3.0,0.0,0.0,13831,0.287298,1.466445,3,3,unauth,popular_by_likecount,at://did:plc:cndfx4udwgvpjaakvxvh7wm5/app.bsky.feed.generator/flipboard-tech,2026-03-21T20:40:00Z,2026-03-21T20:50:00Z,1,at://did:plc:ac2vbpcndfbmmwwhb44g7h7y/app.bsky.feed.post/3mhlvahem3g2e,https://bsky.app/profile/did:plc:ac2vbpcndfbmmwwhb44g7h7y/post/3mhlvahem3g2e,did:plc:ac2vbpcndfbmmwwhb44g7h7y,presstelegram.bsky.social,2026-03-21T20:39:36.522Z,2026-03-21T20:39:38.266Z,2026-03-21T20:44:03Z,at://did:plc:cndfx4udwgvpjaakvxvh7wm5/app.bsky.feed.generator/flipboard-tech,popular_by_likecount,The lawsuit alleges the Menlo Park tech giant created a special employee-rating category before the mass layoffs.,1.0,1,1,5.2289,0.173188,0.173188,0.173188
10,the lawsuit alleges the menlo park tech giant created a special employee-rating category before the mass layoffs.,1,3,3,1.466445,0.348588,0.287298,0.287298,3.0,3,3.0,0.0,0.0,13831,0.287298,1.466445,3,3,unauth,popular_by_likecount,at://did:plc:cndfx4udwgvpjaakvxvh7wm5/app.bsky.feed.generator/flipboard-tech,2026-03-21T20:40:00Z,2026-03-21T20:50:00Z,2,at://did:plc:5rbcf5rokvlijx555rsvov6m/app.bsky.feed.post/3mhlv472son2t,https://bsky.app/profile/did:plc:5rbcf5rokvlijx555rsvov6m/post/3mhlv472son2t,did:plc:5rbcf5rokvlijx555rsvov6m,dailybulletin.bsky.social,2026-03-21T20:37:13.796Z,2026-03-21T20:37:15.256Z,2026-03-21T20:44:03Z,at://did:plc:cndfx4udwgvpjaakvxvh7wm5/app.bsky.feed.generator/flipboard-tech,popular_by_likecount,The lawsuit alleges the Menlo Park tech giant created a special employee-rating category before the mass layoffs.,0.26265,1,1,7.6124,0.212834,0.212834,0.212834
10,the lawsuit alleges the menlo park tech giant created a special employee-rating category before the mass layoffs.,1,3,3,1.466445,0.348588,0.287298,0.287298,3.0,3,3.0,0.0,0.0,13831,0.287298,1.466445,3,3,unauth,popular_by_likecount,at://did:plc:cndfx4udwgvpjaakvxvh7wm5/app.bsky.feed.generator/flipboard-tech,2026-03-21T20:40:00Z,2026-03-21T20:50:00Z,3,at://did:plc:pelo6xumerrhguahjjvtxqi5/app.bsky.feed.post/3mhluwzopa225,https://bsky.app/profile/did:plc:pelo6xumerrhguahjjvtxqi5/post/3mhluwzopa225,did:plc:pelo6xumerrhguahjjvtxqi5,ladailynews.bsky.social,2026-03-21T20:34:20.319Z,2026-03-21T20:34:21.762Z,2026-03-21T20:44:03Z,at://did:plc:cndfx4udwgvpjaakvxvh7wm5/app.bsky.feed.generator/flipboard-tech,popular_by_likecount,The lawsuit alleges the Menlo Park tech giant created a special employee-rating category before the mass layoffs.,0.203795,1,1,10.504,0.261022,0.261022,0.261022
11,"orioles’ projected lineup answers samuel basallo, adley rutschman problem, for now it’s a good problem to have for the baltimore orioles. but for now, it’s still at least a…",1,2,2,1.239812,0.306574,0.27366,0.27366,2.0,2,2.0,0.0,0.0,19674,0.27366,1.239812,2,2,unauth,popular_by_likecount,at://did:plc:gekdk2nd47gkk3utfz2xf7cn/app.bsky.feed.generator/aaap4tbjcfe5y,2026-03-22T16:30:00Z,2026-03-22T16:40:00Z,1,at://did:plc:lgxwokjfnegutejxknkdpqwj/app.bsky.feed.post/3mhnxbrxyl72k,https://bsky.app/profile/did:plc:lgxwokjfnegutejxknkdpqwj/post/3mhnxbrxyl72k,did:plc:lgxwokjfnegutejxknkdpqwj,rawmlb.bsky.social,2026-03-22T16:21:27+00:00,2026-03-22T16:21:29.754Z,2026-03-22T16:33:29Z,at://did:plc:gekdk2nd47gkk3utfz2xf7cn/app.bsky.feed.generator/aaap4tbjcfe5y,popular_by_likecount,"Orioles’ projected lineup answers Samuel Basallo, Adley Rutschman problem, for now

https://www.rawchili.com/mlb/637346/

It’s a good problem to have for the Baltimore Orioles. But for now, it’s still at least a…",1.0,1,1,11.9874,0.309167,0.309167,0.309167
11,"orioles’ projected lineup answers samuel basallo, adley rutschman problem, for now it’s a good problem to have for the baltimore orioles. but for now, it’s still at least a…",1,2,2,1.239812,0.306574,0.27366,0.27366,2.0,2,2.0,0.0,0.0,19674,0.27366,1.239812,2,2,unauth,popular_by_likecount,at://did:plc:gekdk2nd47gkk3utfz2xf7cn/app.bsky.feed.generator/aaap4tbjcfe5y,2026-03-22T16:30:00Z,2026-03-22T16:40:00Z,2,at://did:plc:h7b7nduho7wojkhmgbkfznpr/app.bsky.feed.post/3mhnx7fkjnd2x,https://bsky.app/profile/did:plc:h7b7nduho7wojkhmgbkfznpr/post/3mhnx7fkjnd2x,did:plc:h7b7nduho7wojkhmgbkfznpr,md-bo.bsky.social,2026-03-22T16:20:04+00:00,2026-03-22T16:20:09.562Z,2026-03-22T16:33:29Z,at://did:plc:gekdk2nd47gkk3utfz2xf7cn/app.bsky.feed.generator/aaap4tbjcfe5y,popular_by_likecount,"Orioles’ projected lineup answers Samuel Basallo, Adley Rutschman problem, for now

https://www.rawchili.com/mlb/637346/

It’s a good problem to have for the Baltimore Orioles. But for now, it’s still at least a…",0.239812,1,1,13.324,0.332222,0.332222,0.332222
12,ice agents when your hip replacement sets off the metal detector:,1,2,2,1.203795,0.330706,0.272449,0.272449,2.0,2,2.0,0.0,0.0,20780,0.272449,1.203795,2,2,unauth,longtail_random,at://did:plc:iu3a2t2mfrphpc7yf542x5fs/app.bsky.feed.generator/Video-Feeed,2026-03-22T20:30:00Z,2026-03-22T20:40:00Z,1,at://did:plc:mnbujnusehr5lyilj6yzfnin/app.bsky.feed.post/3mhofbhnnec2s,https://bsky.app/profile/did:plc:mnbujnusehr5lyilj6yzfnin/post/3mhofbhnnec2s,did:plc:mnbujnusehr5lyilj6yzfnin,queerboy66.bsky.social,2026-03-22T20:31:50.685Z,2026-03-22T20:31:51.161Z,2026-03-22T20:32:49Z,at://did:plc:iu3a2t2mfrphpc7yf542x5fs/app.bsky.feed.generator/Video-Feeed,longtail_random,ICE agents when your hip replacement sets off the metal detector:,1.0,1,1,0.964,0.135921,0.135921,0.135921
12,ice agents when your hip replacement sets off the metal detector:,1,2,2,1.203795,0.330706,0.272449,0.272449,2.0,2,2.0,0.0,0.0,20780,0.272449,1.203795,2,2,unauth,longtail_random,at://did:plc:iu3a2t2mfrphpc7yf542x5fs/app.bsky.feed.generator/Video-Feeed,2026-03-22T20:30:00Z,2026-03-22T20:40:00Z,2,at://did:plc:nie65ubxq2xdpsgnar4fzczx/app.bsky.feed.post/3mhof5gbhz223,https://bsky.app/profile/did:plc:nie65ubxq2xdpsgnar4fzczx/post/3mhof5gbhz223,did:plc:nie65ubxq2xdpsgnar4fzczx,scalawagjack.bsky.social,2026-03-22T20:29:35.020Z,2026-03-22T20:29:35.249Z,2026-03-22T20:32:10Z,at://did:plc:iu3a2t2mfrphpc7yf542x5fs/app.bsky.feed.generator/Video-Feeed,longtail_random,ICE agents when your hip replacement sets off the metal detector:,0.203795,1,1,3.2292,0.173606,0.173606,0.173606
13,observers blown away as trump proves he 'paid attention to nothing' war advisors told him www.rawstory.com/michael-wolf...,1,2,2,0.221065,0.5,0.271118,0.271118,2.0,2,1.0,0.5,0.5,3493,0.271118,0.221065,2,1,unauth,popular_by_likecount,at://did:plc:7mtqkeetxgxqfyhyi2dnyga2/app.bsky.feed.generator/aaadhh6hwvaca,2026-03-20T03:50:00Z,2026-03-20T04:00:00Z,1,at://did:plc:kdb7imfky4j64deufi47ogz4/app.bsky.feed.post/3mhhm66ias22h,https://bsky.app/profile/did:plc:kdb7imfky4j64deufi47ogz4/post/3mhhm66ias22h,did:plc:kdb7imfky4j64deufi47ogz4,hurricane20.bsky.social,2026-03-20T03:46:38.431Z,2026-03-20T03:46:40.252Z,2026-03-20T03:51:29Z,at://did:plc:7mtqkeetxgxqfyhyi2dnyga2/app.bsky.feed.generator/aaadhh6hwvaca,popular_by_likecount,"Observers blown away as Trump proves he 'paid attention to nothing' war advisors told him

www.rawstory.com/michael-wolf...",0.221065,1,1,6.8625,0.222658,0.222658,0.222658
13,observers blown away as trump proves he 'paid attention to nothing' war advisors told him www.rawstory.com/michael-wolf...,1,2,2,0.221065,0.5,0.271118,0.271118,2.0,2,1.0,0.5,0.5,3493,0.271118,0.221065,2,1,unauth,popular_by_likecount,at://did:plc:7mtqkeetxgxqfyhyi2dnyga2/app.bsky.feed.generator/aaadhh6hwvaca,2026-03-20T03:50:00Z,2026-03-20T04:00:00Z,2,at://did:plc:fk7pycu6nvoegesv4s6ly6ca/app.bsky.feed.post/3mhhl7umty22h,https://bsky.app/profile/did:plc:fk7pycu6nvoegesv4s6ly6ca/post/3mhhl7umty22h,did:plc:fk7pycu6nvoegesv4s6ly6ca,heymanthanks.bsky.social,2026-03-20T03:29:41.464Z,2026-03-20T03:29:49.256Z,2026-03-20T03:32:34Z,at://did:plc:7mtqkeetxgxqfyhyi2dnyga2/app.bsky.feed.generator/aaadhh6hwvaca,popular_by_likecount,"Observers blown away as Trump proves he 'paid attention to nothing' war advisors told him

www.rawstory.com/michael-wolf...",0.0,0,1,3.1791,0.505149,0.505149,0.505149
14,"hafiz pashayev, the rector of ada university and uncle of first vice-president mehriban aliyeva, is demolishing people's private homes while they are still inside. people in baku are being subjected to terror.",1,2,2,0.30103,0.5,0.264208,0.264208,2.0,2,1.0,0.5,0.5,18636,0.264208,0.30103,2,1,unauth,longtail_random,at://did:plc:rmnjia7e5eh3jamsizupx5yc/app.bsky.feed.generator/aaaapfrbkmj66,2026-03-22T13:10:00Z,2026-03-22T13:20:00Z,1,at://did:plc:jzyttzufgfcfb5qkuj3wtfou/app.bsky.feed.post/3mhnlxwwazk2k,https://bsky.app/profile/did:plc:jzyttzufgfcfb5qkuj3wtfou/post/3mhnlxwwazk2k,did:plc:jzyttzufgfcfb5qkuj3wtfou,bloger74.bsky.social,2026-03-22T12:59:07.606Z,2026-03-22T12:59:10.754Z,2026-03-22T13:01:47Z,at://did:plc:rmnjia7e5eh3jamsizupx5yc/app.bsky.feed.generator/aaaapfrbkmj66,longtail_random,"Hafiz Pashayev, the Rector of ADA University and uncle of First Vice-President Mehriban Aliyeva, is demolishing people's private homes while they are still inside. People in Baku are being subjected to terror.",0.30103,1,1,12.4541,0.347887,0.347887,0.347887
14,"hafiz pashayev, the rector of ada university and uncle of first vice-president mehriban aliyeva, is demolishing people's private homes while they are still inside. people in baku are being subjected to terror.",1,2,2,0.30103,0.5,0.264208,0.264208,2.0,2,1.0,0.5,0.5,18636,0.264208,0.30103,2,1,unauth,longtail_random,at://did:plc:rmnjia7e5eh3jamsizupx5yc/app.bsky.feed.generator/aaaapfrbkmj66,2026-03-22T13:10:00Z,2026-03-22T13:20:00Z,2,at://did:plc:ikgurdxe4d2ogijok4phrn4k/app.bsky.feed.post/3mhnksvw6nc2i,https://bsky.app/profile/did:plc:ikgurdxe4d2ogijok4phrn4k/post/3mhnksvw6nc2i,did:plc:ikgurdxe4d2ogijok4phrn4k,blogger2026.bsky.social,2026-03-22T12:38:25.042Z,2026-03-22T12:38:27.749Z,2026-03-22T12:42:35Z,at://did:plc:iu3a2t2mfrphpc7yf542x5fs/app.bsky.feed.generator/Video-Feeed,longtail_random,"Hafiz Pashayev, the Rector of ADA University and uncle of First Vice-President Mehriban Aliyeva, is demolishing people's private homes while they are still inside. People in Baku are being subjected to terror.",0.0,0,1,6.3208,0.693044,0.693044,0.693044
15,situationen i #iran ved udgangen af den 20. marts 2026i iran lyder eksplosioner: epstein-koalitionen har angrebet hovedstaden og flere større byer i sydlige del af republikken. der er blevet udført nye angreb på lufthavnen i bandar abbas,1,2,1,0.479134,0.12828,0.26377,0.26377,2.0,2,2.0,0.0,0.0,8027,0.26377,0.479134,2,2,auth,longtail_random,at://did:plc:3tu4ujlqy5a4mdkinwwetcg2/app.bsky.feed.generator/dk-kronologisk,2026-03-20T22:40:00Z,2026-03-20T22:50:00Z,1,at://did:plc:pspzlzwi4rdojipsfpkklkr7/app.bsky.feed.post/3mhjlb2earlc2,https://bsky.app/profile/did:plc:pspzlzwi4rdojipsfpkklkr7/post/3mhjlb2earlc2,did:plc:pspzlzwi4rdojipsfpkklkr7,wozozon.vonhaller.social.ap.brid.gy,2026-03-20T22:35:25.000Z,2026-03-20T22:36:22.959Z,2026-03-20T22:41:22Z,at://did:plc:3tu4ujlqy5a4mdkinwwetcg2/app.bsky.feed.generator/dk-kronologisk,longtail_random,Situationen i #Iran ved udgangen af den 20. marts 2026I Iran lyder eksplosioner: Epstein-koalitionen har angrebet hovedstaden og flere større byer i sydlige del af republikken. Der er blevet udført nye angreb på lufthavnen i Bandar Abbas,0.30103,1,1,4.984,0.243056,0.243056,0.243056
15,situationen i #iran ved udgangen af den 20. marts 2026i iran lyder eksplosioner: epstein-koalitionen har angrebet hovedstaden og flere større byer i sydlige del af republikken. der er blevet udført nye angreb på lufthavnen i bandar abbas,1,2,1,0.479134,0.12828,0.26377,0.26377,2.0,2,2.0,0.0,0.0,8027,0.26377,0.479134,2,2,auth,longtail_random,at://did:plc:3tu4ujlqy5a4mdkinwwetcg2/app.bsky.feed.generator/dk-kronologisk,2026-03-20T22:40:00Z,2026-03-20T22:50:00Z,2,at://did:plc:pspzlzwi4rdojipsfpkklkr7/app.bsky.feed.post/3mhjiftczuz72,https://bsky.app/profile/did:plc:pspzlzwi4rdojipsfpkklkr7/post/3mhjiftczuz72,did:plc:pspzlzwi4rdojipsfpkklkr7,wozozon.vonhaller.social.ap.brid.gy,2026-03-20T21:44:33.000Z,2026-03-20T21:45:26.759Z,2026-03-20T21:53:11Z,at://did:plc:3tu4ujlqy5a4mdkinwwetcg2/app.bsky.feed.generator/dk-kronologisk,longtail_random,Situationen i #Iran ved udgangen af den 20. marts 2026I Iran lyder eksplosioner: Epstein-koalitionen har angrebet hovedstaden og flere større byer i sydlige del af republikken. Der er blevet udført nye angreb på lufthavnen i Bandar Abbas,0.178104,1,1,8.004,1.090833,1.090833,1.090833
16,elon musk reconnu coupable d’avoir trompé des actionnaires lors du rachat de twitter,3,2,2,0.935452,0.305348,0.263183,0.316752,2.0,2,1.3333,0.333333,0.5,10114,0.316752,0.538295,2,2,auth,popular_by_likecount,at://did:plc:5pry62n53okuska6b72tn3ga/app.bsky.feed.generator/aaafczzvnktbe,2026-03-21T07:00:00Z,2026-03-21T07:10:00Z,1,at://did:plc:wkreszch2k4mumsrlkeaflgn/app.bsky.feed.post/3mhkh6dbeq72q,https://bsky.app/profile/did:plc:wkreszch2k4mumsrlkeaflgn/post/3mhkh6dbeq72q,did:plc:wkreszch2k4mumsrlkeaflgn,france24.com,2026-03-21T06:55:13Z,2026-03-21T06:55:14.549Z,2026-03-21T07:01:47Z,at://did:plc:5pry62n53okuska6b72tn3ga/app.bsky.feed.generator/aaafczzvnktbe,popular_by_likecount,Elon Musk reconnu coupable d’avoir trompé des actionnaires lors du rachat de Twitter,0.753364,3,3,9.6075,1.246389,0.246389,2.246389
16,elon musk reconnu coupable d’avoir trompé des actionnaires lors du rachat de twitter,3,2,2,0.935452,0.305348,0.263183,0.316752,2.0,2,1.3333,0.333333,0.5,10114,0.316752,0.538295,2,2,auth,popular_by_likecount,at://did:plc:5pry62n53okuska6b72tn3ga/app.bsky.feed.generator/aaafczzvnktbe,2026-03-21T07:00:00Z,2026-03-21T07:10:00Z,2,at://did:plc:qqxqxgdu5z3he2piqfbfaku4/app.bsky.feed.post/3mhjohvwelt2w,https://bsky.app/profile/did:plc:qqxqxgdu5z3he2piqfbfaku4/post/3mhjohvwelt2w,did:plc:qqxqxgdu5z3he2piqfbfaku4,lemonde.fr,2026-03-20T23:33:11.841833+00:00,2026-03-20T23:33:12.557Z,2026-03-20T23:50:43Z,at://did:plc:5pry62n53okuska6b72tn3ga/app.bsky.feed.generator/aaafczzvnktbe,popular_by_likecount,Elon Musk reconnu coupable d’avoir trompé des actionnaires lors du rachat de Twitter,0.182088,1,3,18.1241,8.613377,7.613377,9.613377
17,"another england di phillip toledano: le foto a milano alla xv edizione della fiera mia photo fair bnp paribas (superstudio più, milano, 19–22 marzo 2026) phillip toledano…",1,2,2,0.208015,0.5,0.251211,0.251211,2.0,2,1.0,0.5,0.5,16794,0.251211,0.208015,2,1,unauth,popular_by_likecount,at://did:plc:tg6c37kjztuwx2lzlrpdubkl/app.bsky.feed.generator/aaaepk55xbk6u,2026-03-22T07:10:00Z,2026-03-22T07:20:00Z,1,at://did:plc:ht6nj7wvu3y7ysrlwyc2iy5m/app.bsky.feed.post/3mhmxwwstsk2b,https://bsky.app/profile/did:plc:ht6nj7wvu3y7ysrlwyc2iy5m/post/3mhmxwwstsk2b,did:plc:ht6nj7wvu3y7ysrlwyc2iy5m,cronaca.bsky.social,2026-03-22T07:00:37+00:00,2026-03-22T07:00:39.561Z,2026-03-22T07:05:05Z,at://did:plc:tg6c37kjztuwx2lzlrpdubkl/app.bsky.feed.generator/aaaepk55xbk6u,popular_by_likecount,"Another England di Phillip Toledano: le foto a Milano

https://www.europesays.com/it/407295/

Alla XV edizione della fiera MIA Photo Fair BNP Paribas (Superstudio Più, Milano, 19–22 marzo 2026) Phillip Toledano…",0.208015,1,1,12.6073,0.323056,0.323056,0.323056
17,"another england di phillip toledano: le foto a milano alla xv edizione della fiera mia photo fair bnp paribas (superstudio più, milano, 19–22 marzo 2026) phillip toledano…",1,2,2,0.208015,0.5,0.251211,0.251211,2.0,2,1.0,0.5,0.5,16794,0.251211,0.208015,2,1,unauth,popular_by_likecount,at://did:plc:tg6c37kjztuwx2lzlrpdubkl/app.bsky.feed.generator/aaaepk55xbk6u,2026-03-22T07:10:00Z,2026-03-22T07:20:00Z,2,at://did:plc:pntjm44plexkgbvlrdg65lnl/app.bsky.feed.post/3mhmwsavxnt2f,https://bsky.app/profile/did:plc:pntjm44plexkgbvlrdg65lnl/post/3mhmwsavxnt2f,did:plc:pntjm44plexkgbvlrdg65lnl,intrattenimento.bsky.social,2026-03-22T06:40:05+00:00,2026-03-22T06:40:09.050Z,2026-03-22T06:43:13Z,at://did:plc:tg6c37kjztuwx2lzlrpdubkl/app.bsky.feed.generator/aaaepk55xbk6u,popular_by_likecount,"Another England di Phillip Toledano: le foto a Milano

https://www.europesays.com/it/407295/

Alla XV edizione della fiera MIA Photo Fair BNP Paribas (Superstudio Più, Milano, 19–22 marzo 2026) Phillip Toledano…",0.0,0,1,3.3658,0.665278,0.665278,0.665278
18,est-ce bien raisonnable de… sortir le col de sa chemise ?,2,2,2,0.374554,0.5,0.249037,0.296132,2.0,2,1.0,0.5,0.5,17694,0.296132,0.187902,2,1,unauth,popular_by_likecount,at://did:plc:3sn6bogankaicebzdb7liro3/app.bsky.feed.generator/aaajaq4ut77am,2026-03-22T10:00:00Z,2026-03-22T10:10:00Z,1,at://did:plc:pfvzb6km3kbg22ih5dm6j7rp/app.bsky.feed.post/3mhnb3iamdd2o,https://bsky.app/profile/did:plc:pfvzb6km3kbg22ih5dm6j7rp/post/3mhnb3iamdd2o,did:plc:pfvzb6km3kbg22ih5dm6j7rp,mediasfr.skyfleet.blue,2026-03-22T09:44:14.999Z,2026-03-22T09:44:15.752Z,2026-03-22T09:50:54Z,at://did:plc:3sn6bogankaicebzdb7liro3/app.bsky.feed.generator/aaajaq4ut77am,popular_by_likecount,Est-ce bien raisonnable de… sortir le col de sa chemise ?,0.374554,2,2,8.7541,0.345834,0.2625,0.429167
18,est-ce bien raisonnable de… sortir le col de sa chemise ?,2,2,2,0.374554,0.5,0.249037,0.296132,2.0,2,1.0,0.5,0.5,17694,0.296132,0.187902,2,1,unauth,popular_by_likecount,at://did:plc:3sn6bogankaicebzdb7liro3/app.bsky.feed.generator/aaajaq4ut77am,2026-03-22T10:00:00Z,2026-03-22T10:10:00Z,2,at://did:plc:qqxqxgdu5z3he2piqfbfaku4/app.bsky.feed.post/3mhn7d5ihrg27,https://bsky.app/profile/did:plc:qqxqxgdu5z3he2piqfbfaku4/post/3mhn7d5ihrg27,did:plc:qqxqxgdu5z3he2piqfbfaku4,lemonde.fr,2026-03-22T09:12:44.880744+00:00,2026-03-22T09:12:45.354Z,2026-03-22T09:21:40Z,at://did:plc:3sn6bogankaicebzdb7liro3/app.bsky.feed.generator/aaajaq4ut77am,popular_by_likecount,Est-ce bien raisonnable de… sortir le col de sa chemise ?,0.0,0,2,11.3441,0.870866,0.787533,0.9542
19,"sleepers of eventide week: a two mana fog that gains you life is really good. it's maybe not inkshield good, but what card is? edhrec.com/cards/batwin... #edh #mtg #mtgcommander #commander #magicthegathering #mtgedh #mtgcommunity",3,2,2,2.012865,0.26426,0.245819,0.473532,2.0,2,1.6667,0.166667,0.5,6887,0.473532,0.409642,2,1,unauth,popular_by_likecount,at://did:plc:owx6snrxbi3lk4xxyp2p7in3/app.bsky.feed.generator/aaao27k45dnca,2026-03-20T18:10:00Z,2026-03-20T18:20:00Z,1,at://did:plc:uxm5rhfsukqmjdaol5w5frk7/app.bsky.feed.post/3mhis2kggvd2j,https://bsky.app/profile/did:plc:uxm5rhfsukqmjdaol5w5frk7/post/3mhis2kggvd2j,did:plc:uxm5rhfsukqmjdaol5w5frk7,edhrec.com,2026-03-20T15:04:38.885Z,2026-03-20T15:04:39.551Z,2026-03-20T15:14:29Z,at://did:plc:owx6snrxbi3lk4xxyp2p7in3/app.bsky.feed.generator/aaao27k45dnca,popular_by_likecount,"Sleepers of Eventide week: A two mana fog that gains you life is really good. It's maybe not Inkshield good, but what card is?

edhrec.com/cards/batwin...

#edh #mtg #mtgcommander #commander #magicthegathering #mtgedh #mtgcommunity",1.538351,3,3,9.8241,2.033643,0.255865,3.255865
19,"sleepers of eventide week: a two mana fog that gains you life is really good. it's maybe not inkshield good, but what card is? edhrec.com/cards/batwin... #edh #mtg #mtgcommander #commander #magicthegathering #mtgedh #mtgcommunity",3,2,2,2.012865,0.26426,0.245819,0.473532,2.0,2,1.6667,0.166667,0.5,6887,0.473532,0.409642,2,1,unauth,popular_by_likecount,at://did:plc:owx6snrxbi3lk4xxyp2p7in3/app.bsky.feed.generator/aaao27k45dnca,2026-03-20T18:10:00Z,2026-03-20T18:20:00Z,2,at://did:plc:eg3enbhya7fdbrcalqrgqoxq/app.bsky.feed.post/3mhirzj2uek2b,https://bsky.app/profile/did:plc:eg3enbhya7fdbrcalqrgqoxq/post/3mhirzj2uek2b,did:plc:eg3enbhya7fdbrcalqrgqoxq,edhrecast.bsky.social,2026-03-20T15:04:03.759Z,2026-03-20T15:04:04.457Z,2026-03-20T15:14:29Z,at://did:plc:owx6snrxbi3lk4xxyp2p7in3/app.bsky.feed.generator/aaao27k45dnca,popular_by_likecount,"Sleepers of Eventide week: A two mana fog that gains you life is really good. It's maybe not Inkshield good, but what card is?

edhrec.com/cards/batwin...

#edh #mtg #mtgcommander #commander #magicthegathering #mtgedh #mtgcommunity",0.474514,2,3,10.4091,2.0434,0.265622,3.265623
20,post the: last movie you saw 🎬 last game you played 🎮 last show you watched 🖥 last song you listened to 🎶,5,8,8,3.00598,0.679993,0.243542,0.387296,5.2,8,1.4,0.679762,0.875,5195,0.387296,1.404539,6,3,unauth,popular_by_likecount,at://did:plc:inryethr5hci6ka2nz26zxmg/app.bsky.feed.generator/aaaaieaxm5v3y,2026-03-20T11:00:00Z,2026-03-20T11:10:00Z,1,at://did:plc:tammnjsam4el7ggvivgqye75/app.bsky.feed.post/3mhiufgevrc2c,https://bsky.app/profile/did:plc:tammnjsam4el7ggvivgqye75/post/3mhiufgevrc2c,did:plc:tammnjsam4el7ggvivgqye75,shadowknight100.bsky.social,2026-03-20T15:46:31.258Z,2026-03-20T15:46:34.350Z,2026-03-20T15:55:02Z,at://did:plc:inryethr5hci6ka2nz26zxmg/app.bsky.feed.generator/aaaaieaxm5v3y,popular_by_likecount,"post the:
last movie you saw 🎬 
last game you played 🎮
last show you watched 🖥
last song you listened to 🎶",1.0,1,1,8.4608,0.224651,0.224651,0.224651
20,post the: last movie you saw 🎬 last game you played 🎮 last show you watched 🖥 last song you listened to 🎶,5,8,8,3.00598,0.679993,0.243542,0.387296,5.2,8,1.4,0.679762,0.875,5195,0.387296,1.404539,6,3,unauth,popular_by_likecount,at://did:plc:inryethr5hci6ka2nz26zxmg/app.bsky.feed.generator/aaaaieaxm5v3y,2026-03-20T11:00:00Z,2026-03-20T11:10:00Z,2,at://did:plc:uomnib4h3epwsq7dmtuewem3/app.bsky.feed.post/3mhidzq3dps2u,https://bsky.app/profile/did:plc:uomnib4h3epwsq7dmtuewem3/post/3mhidzq3dps2u,did:plc:uomnib4h3epwsq7dmtuewem3,userlessx.bsky.social,2026-03-20T10:53:38.906Z,2026-03-20T10:53:45.452Z,2026-03-20T11:00:32Z,at://did:plc:inryethr5hci6ka2nz26zxmg/app.bsky.feed.generator/aaaaieaxm5v3y,popular_by_likecount,"post the:
last movie you saw 🎬 
last game you played 🎮
last show you watched 🖥
last song you listened to 🎶",1.0,1,3,6.7758,2.883637,0.272526,5.105859
20,post the: last movie you saw 🎬 last game you played 🎮 last show you watched 🖥 last song you listened to 🎶,5,8,8,3.00598,0.679993,0.243542,0.387296,5.2,8,1.4,0.679762,0.875,5195,0.387296,1.404539,6,3,unauth,popular_by_likecount,at://did:plc:inryethr5hci6ka2nz26zxmg/app.bsky.feed.generator/aaaaieaxm5v3y,2026-03-20T11:00:00Z,2026-03-20T11:10:00Z,3,at://did:plc:pvyqmwj3ghnzpdvsmowvhd2t/app.bsky.feed.post/3mhidnqfpwk22,https://bsky.app/profile/did:plc:pvyqmwj3ghnzpdvsmowvhd2t/post/3mhidnqfpwk22,did:plc:pvyqmwj3ghnzpdvsmowvhd2t,bethnyas.bsky.social,2026-03-20T10:46:56.595Z,2026-03-20T10:47:05.450Z,2026-03-20T11:00:32Z,at://did:plc:inryethr5hci6ka2nz26zxmg/app.bsky.feed.generator/aaaaieaxm5v3y,popular_by_likecount,"post the:
last movie you saw 🎬 
last game you played 🎮
last show you watched 🖥 
last song you listened to 🎶",0.215338,1,3,13.4425,2.99539,0.384279,5.217612
20,post the: last movie you saw 🎬 last game you played 🎮 last show you watched 🖥 last song you listened to 🎶,5,8,8,3.00598,0.679993,0.243542,0.387296,5.2,8,1.4,0.679762,0.875,5195,0.387296,1.404539,6,3,unauth,popular_by_likecount,at://did:plc:inryethr5hci6ka2nz26zxmg/app.bsky.feed.generator/aaaaieaxm5v3y,2026-03-20T11:00:00Z,2026-03-20T11:10:00Z,4,at://did:plc:4hxxd5dkdcida3ntz3byi2fv/app.bsky.feed.post/3mhgmqdx62c2l,https://bsky.app/profile/did:plc:4hxxd5dkdcida3ntz3byi2fv/post/3mhgmqdx62c2l,did:plc:4hxxd5dkdcida3ntz3byi2fv,wearyxresponse.bsky.social,2026-03-19T18:24:08.403Z,2026-03-19T18:24:15.155Z,2026-03-19T18:33:04Z,at://did:plc:inryethr5hci6ka2nz26zxmg/app.bsky.feed.generator/aaaaieaxm5v3y,popular_by_likecount,"Post the:
Last Movie you saw 🎬 
Last Game you played 🎮
Last Show you watched 🖥
Last Song you listened to 🎶",0.208015,1,5,18.4141,14.230999,0.430999,21.597666
20,post the: last movie you saw 🎬 last game you played 🎮 last show you watched 🖥 last song you listened to 🎶,5,8,8,3.00598,0.679993,0.243542,0.387296,5.2,8,1.4,0.679762,0.875,5195,0.387296,1.404539,6,3,unauth,popular_by_likecount,at://did:plc:inryethr5hci6ka2nz26zxmg/app.bsky.feed.generator/aaaaieaxm5v3y,2026-03-20T11:00:00Z,2026-03-20T11:10:00Z,5,at://did:plc:hn6rcuorkb326lvbx65ywi7z/app.bsky.feed.post/3mhhvlbxjck25,https://bsky.app/profile/did:plc:hn6rcuorkb326lvbx65ywi7z/post/3mhhvlbxjck25,did:plc:hn6rcuorkb326lvbx65ywi7z,spacehippieface.bsky.social,2026-03-20T06:35:01.937Z,2026-03-20T06:35:07.252Z,2026-03-20T06:53:54Z,at://did:plc:inryethr5hci6ka2nz26zxmg/app.bsky.feed.generator/aaaaieaxm5v3y,popular_by_likecount,"Post the:
Last Movie you saw 🎬 
Last Game you played 🎮
Last Show you watched 🖥
Last Song you listened to 🎶",0.2,1,4,18.7791,5.499462,0.416129,9.416129
21,trump take food,1,2,2,0.178104,0.5,0.240797,0.240797,2.0,2,1.0,0.5,0.5,6109,0.240797,0.178104,2,1,unauth,longtail_random,at://did:plc:tk6bkjdozskzgb47umfelfpq/app.bsky.feed.generator/aaaps55jlevxe,2026-03-20T14:50:00Z,2026-03-20T15:00:00Z,1,at://did:plc:xfjlu7iu6xl7uyi4wybbgx3z/app.bsky.feed.post/3mhiqeivhms2b,https://bsky.app/profile/did:plc:xfjlu7iu6xl7uyi4wybbgx3z/post/3mhiqeivhms2b,did:plc:xfjlu7iu6xl7uyi4wybbgx3z,djinnandtonic.bsky.social,2026-03-20T14:34:25.384Z,2026-03-20T14:34:27.057Z,2026-03-20T14:41:53Z,at://did:plc:tk6bkjdozskzgb47umfelfpq/app.bsky.feed.generator/aaaps55jlevxe,longtail_random,Trump take Food,0.178104,1,1,16.399,0.426282,0.426282,0.426282
21,trump take food,1,2,2,0.178104,0.5,0.240797,0.240797,2.0,2,1.0,0.5,0.5,6109,0.240797,0.178104,2,1,unauth,longtail_random,at://did:plc:tk6bkjdozskzgb47umfelfpq/app.bsky.feed.generator/aaaps55jlevxe,2026-03-20T14:50:00Z,2026-03-20T15:00:00Z,2,at://did:plc:6gbrqi6dom7ohug4x36vn75r/app.bsky.feed.post/3mhip54m6jc2w,https://bsky.app/profile/did:plc:6gbrqi6dom7ohug4x36vn75r/post/3mhip54m6jc2w,did:plc:6gbrqi6dom7ohug4x36vn75r,mrdobalina.bsky.social,2026-03-20T14:12:23.874Z,2026-03-20T14:12:22.357Z,2026-03-20T14:22:50Z,at://did:plc:tk6bkjdozskzgb47umfelfpq/app.bsky.feed.generator/aaaps55jlevxe,longtail_random,Trump take food,0.0,0,1,10.4354,0.793368,0.793368,0.793368
22,featured: jess 🔗 free onlyfans:,26,4,1,11.56382,0.360346,0.235663,0.285567,2.4615,4,1.4615,0.358974,0.666667,12600,0.285567,0.72767,2,2,unauth,popular_by_likecount,at://did:plc:db645kt5coo7teuoxdjhq34x/app.bsky.feed.generator/aaabhdlko25om,2026-03-21T16:00:00Z,2026-03-21T16:10:00Z,1,at://did:plc:db645kt5coo7teuoxdjhq34x/app.bsky.feed.post/3mhlex4jmo327,https://bsky.app/profile/did:plc:db645kt5coo7teuoxdjhq34x/post/3mhlex4jmo327,did:plc:db645kt5coo7teuoxdjhq34x,realnsfw.social,2026-03-21T15:48:04.191Z,2026-03-21T15:48:05.586Z,2026-03-21T15:50:05Z,at://did:plc:db645kt5coo7teuoxdjhq34x/app.bsky.feed.generator/aaabhdlko25om,popular_by_likecount,"Featured: Jess

🔗 Free Onlyfans: https://onlyfans.com/jessie_ca_xo/c304",4.819917,16,26,1.9902,9.006528,0.198836,23.865502
22,featured: jess 🔗 free onlyfans:,26,4,1,11.56382,0.360346,0.235663,0.285567,2.4615,4,1.4615,0.358974,0.666667,12600,0.285567,0.72767,2,2,unauth,popular_by_likecount,at://did:plc:db645kt5coo7teuoxdjhq34x/app.bsky.feed.generator/aaabhdlko25om,2026-03-21T16:00:00Z,2026-03-21T16:10:00Z,2,at://did:plc:db645kt5coo7teuoxdjhq34x/app.bsky.feed.post/3mhmjtcsnnx2u,https://bsky.app/profile/did:plc:db645kt5coo7teuoxdjhq34x/post/3mhmjtcsnnx2u,did:plc:db645kt5coo7teuoxdjhq34x,realnsfw.social,2026-03-22T02:48:05.005Z,2026-03-22T02:48:05.878Z,2026-03-22T02:50:36Z,at://did:plc:db645kt5coo7teuoxdjhq34x/app.bsky.feed.generator/aaabhdlko25om,popular_by_likecount,"Featured: Jess

🔗 Free Onlyfans: https://onlyfans.com/jessie_ca_xo/c304",3.389713,10,10,12.0187,7.515276,1.69861,12.865276
22,featured: jess 🔗 free onlyfans:,26,4,1,11.56382,0.360346,0.235663,0.285567,2.4615,4,1.4615,0.358974,0.666667,12600,0.285567,0.72767,2,2,unauth,popular_by_likecount,at://did:plc:db645kt5coo7teuoxdjhq34x/app.bsky.feed.generator/aaabhdlko25om,2026-03-21T16:00:00Z,2026-03-21T16:10:00Z,3,at://did:plc:db645kt5coo7teuoxdjhq34x/app.bsky.feed.post/3mhjyamomz22b,https://bsky.app/profile/did:plc:db645kt5coo7teuoxdjhq34x/post/3mhjyamomz22b,did:plc:db645kt5coo7teuoxdjhq34x,realnsfw.social,2026-03-21T02:28:04.739Z,2026-03-21T02:28:06.373Z,2026-03-21T02:30:50Z,at://did:plc:gubz4tshaforp55ft5squhz6/app.bsky.feed.generator/aaaewoprn7squ,popular_by_likecount,"Featured: Jess

🔗 Free Onlyfans: https://onlyfans.com/jessie_ca_xo/c304",2.092331,10,26,7.2771,22.339709,13.532017,37.198684
22,featured: jess 🔗 free onlyfans:,26,4,1,11.56382,0.360346,0.235663,0.285567,2.4615,4,1.4615,0.358974,0.666667,12600,0.285567,0.72767,2,2,unauth,popular_by_likecount,at://did:plc:db645kt5coo7teuoxdjhq34x/app.bsky.feed.generator/aaabhdlko25om,2026-03-21T16:00:00Z,2026-03-21T16:10:00Z,4,at://did:plc:db645kt5coo7teuoxdjhq34x/app.bsky.feed.post/3mhns2r7uom2m,https://bsky.app/profile/did:plc:db645kt5coo7teuoxdjhq34x/post/3mhns2r7uom2m,did:plc:db645kt5coo7teuoxdjhq34x,realnsfw.social,2026-03-22T14:48:04.672Z,2026-03-22T14:48:05.351Z,2026-03-22T14:50:02Z,at://did:plc:geoqe3qls5mwezckxxsewys2/app.bsky.feed.generator/aaab4h4qk7ctm,popular_by_likecount,"Featured: Jess

🔗 Free Onlyfans: https://onlyfans.com/jessie_ca_xo/c304",1.26186,2,2,4.2775,0.782036,0.698702,0.865369
23,"🚨 breaking: trivy docker images are compromised. tags 0.69.4, 0.69.5, and 0.69.6 contain infostealer iocs. the latest images were pushed to docker hub without corresponding github releases. `latest` currently points to a malicious image. details: socket.dev/blog/trivy-d...",5,2,2,1.081761,0.5,0.228951,0.318415,2.0,2,1.0,0.5,0.5,23022,0.318415,0.22767,2,1,unauth,popular_by_likecount,at://did:plc:svsqyeqx3qdvygn2getltemf/app.bsky.feed.generator/aaab2crta6bsq,2026-03-23T04:20:00Z,2026-03-23T04:30:00Z,1,at://did:plc:mxdqvruhze7qxiessj6isga2/app.bsky.feed.post/3mhp2q7fqb22u,https://bsky.app/profile/did:plc:mxdqvruhze7qxiessj6isga2/post/3mhp2q7fqb22u,did:plc:mxdqvruhze7qxiessj6isga2,feross.bsky.social,2026-03-23T02:55:53.932Z,2026-03-23T02:55:55.656Z,2026-03-23T03:03:21Z,at://did:plc:svsqyeqx3qdvygn2getltemf/app.bsky.feed.generator/aaab2crta6bsq,popular_by_likecount,"🚨 Breaking: Trivy Docker images are compromised.

Tags 0.69.4, 0.69.5, and 0.69.6 contain infostealer IOCs. The latest images were pushed to Docker Hub without corresponding GitHub releases. `latest` currently points to a malicious image.

Details: socket.dev/blog/trivy-d...",1.081761,5,5,18.8724,1.101686,0.401686,1.568352
23,"🚨 breaking: trivy docker images are compromised. tags 0.69.4, 0.69.5, and 0.69.6 contain infostealer iocs. the latest images were pushed to docker hub without corresponding github releases. `latest` currently points to a malicious image. details: socket.dev/blog/trivy-d...",5,2,2,1.081761,0.5,0.228951,0.318415,2.0,2,1.0,0.5,0.5,23022,0.318415,0.22767,2,1,unauth,popular_by_likecount,at://did:plc:svsqyeqx3qdvygn2getltemf/app.bsky.feed.generator/aaab2crta6bsq,2026-03-23T04:20:00Z,2026-03-23T04:30:00Z,2,at://did:plc:n6f3j47vjucu5ijwdmow7n2w/app.bsky.feed.post/3mhorx6kkjk2g,https://bsky.app/profile/did:plc:n6f3j47vjucu5ijwdmow7n2w/post/3mhorx6kkjk2g,did:plc:n6f3j47vjucu5ijwdmow7n2w,socket.dev,2026-03-23T00:18:44.242Z,2026-03-23T00:18:46.453Z,2026-03-23T00:31:58Z,at://did:plc:svsqyeqx3qdvygn2getltemf/app.bsky.feed.generator/aaab2crta6bsq,popular_by_likecount,"🚨 Breaking: Trivy Docker images are compromised.

Tags 0.69.4, 0.69.5, and 0.69.6 contain infostealer IOCs. The latest images were pushed to Docker Hub without corresponding GitHub releases. `latest` currently points to a malicious image.

Details: socket.dev/blog/trivy-d...",0.0,0,5,13.1925,3.721044,3.021044,4.187711
24,#wwe video: liv morgan spotted with latest rumored wwe signing; 19-year veteran sends 1-word message,5,2,2,3.0794,0.170802,0.224315,0.584266,2.0,2,1.8,0.1,0.5,5683,0.584266,1.0,2,1,unauth,popular_by_likecount,at://did:plc:7vsqh4kkvzrkyoua46t53mzr/app.bsky.feed.generator/aaapzb2gkohnm,2026-03-20T13:00:00Z,2026-03-20T13:10:00Z,1,at://did:plc:us5p5a52diyrvl7ngxmhi2um/app.bsky.feed.post/3mhikgu7hjk2y,https://bsky.app/profile/did:plc:us5p5a52diyrvl7ngxmhi2um/post/3mhikgu7hjk2y,did:plc:us5p5a52diyrvl7ngxmhi2um,skwrestling.bsky.social,2026-03-20T12:48:21Z,2026-03-20T12:48:22.158Z,2026-03-20T12:51:36Z,at://did:plc:5kk6tru4mdazgfmgyflvz3k2/app.bsky.feed.generator/wrestlesky,popular_by_likecount,#WWE VIDEO: Liv Morgan Spotted With Latest Rumored WWE Signing; 19-Year Veteran Sends 1-Word Message,2.013732,5,5,14.8474,1.2275,0.360833,2.5275
24,#wwe video: liv morgan spotted with latest rumored wwe signing; 19-year veteran sends 1-word message,5,2,2,3.0794,0.170802,0.224315,0.584266,2.0,2,1.8,0.1,0.5,5683,0.584266,1.0,2,1,unauth,popular_by_likecount,at://did:plc:7vsqh4kkvzrkyoua46t53mzr/app.bsky.feed.generator/aaapzb2gkohnm,2026-03-20T13:00:00Z,2026-03-20T13:10:00Z,2,at://did:plc:m4gxoduktxjjwzjqylcgl622/app.bsky.feed.post/3mhikt2zjh22n,https://bsky.app/profile/did:plc:m4gxoduktxjjwzjqylcgl622/post/3mhikt2zjh22n,did:plc:m4gxoduktxjjwzjqylcgl622,sportsdesk.bsky.social,2026-03-20T12:55:11Z,2026-03-20T12:55:12.457Z,2026-03-20T13:04:54Z,at://did:plc:4qn4lufhonqovjxjdiwn6q5w/app.bsky.feed.generator/aaallg3p47yi2,longtail_random,#WWE VIDEO: Liv Morgan Spotted With Latest Rumored WWE Signing; 19-Year Veteran Sends 1-Word Message,1.065668,4,5,16.7757,1.113611,0.246944,2.413611
25,www.propublica.org/article/trum...,2,2,2,0.436209,0.5,0.224121,0.266472,2.0,2,1.0,0.5,0.5,5786,0.266472,0.218104,2,1,auth,longtail_random,at://did:plc:6ar2njsramxjgfljrvr5bjr4/app.bsky.feed.generator/aaalrxpvytgla,2026-03-20T13:20:00Z,2026-03-20T13:30:00Z,1,at://did:plc:4ioourtneod2rl6w2cihn5l7/app.bsky.feed.post/3mhild6nab224,https://bsky.app/profile/did:plc:4ioourtneod2rl6w2cihn5l7/post/3mhild6nab224,did:plc:4ioourtneod2rl6w2cihn5l7,wildflowersall.bsky.social,2026-03-20T13:04:12.365Z,2026-03-20T13:04:13.862Z,2026-03-20T13:10:22Z,at://did:plc:6ar2njsramxjgfljrvr5bjr4/app.bsky.feed.generator/aaalrxpvytgla,longtail_random,www.propublica.org/article/trum...,0.436209,2,2,9.5523,0.346565,0.263232,0.429899
25,www.propublica.org/article/trum...,2,2,2,0.436209,0.5,0.224121,0.266472,2.0,2,1.0,0.5,0.5,5786,0.266472,0.218104,2,1,auth,longtail_random,at://did:plc:6ar2njsramxjgfljrvr5bjr4/app.bsky.feed.generator/aaalrxpvytgla,2026-03-20T13:20:00Z,2026-03-20T13:30:00Z,2,at://did:plc:aeqdudind2rg45dv26lnvucq/app.bsky.feed.post/3mhijipp4j22p,https://bsky.app/profile/did:plc:aeqdudind2rg45dv26lnvucq/post/3mhijipp4j22p,did:plc:aeqdudind2rg45dv26lnvucq,chrisbing.bsky.social,2026-03-20T12:31:30.541Z,2026-03-20T12:31:32.156Z,2026-03-20T12:33:30Z,at://did:plc:6ar2njsramxjgfljrvr5bjr4/app.bsky.feed.generator/aaalrxpvytgla,longtail_random,www.propublica.org/article/trum...,0.0,0,2,1.9641,0.891516,0.808183,0.97485
