run_id,job_name,sample_family,collection_params_hash,collector_version,schema_version,request_provenance_version,provenance_source,provenance_level,partial_reason,request_started_at_utc,request_finished_at_utc,request_order_in_run,request_order_in_sweep,snapshot_hour_utc,date_utc,viewer_mode,vantage_id,host_kind,host,endpoint,feed_uri,page_no,cursor_in,cursor_out,depth_requested,depth_returned,http_status,retry_count,response_hash,error_class
9be5e8f4b32247c7a9b3516637b656d0,snapshot-panel,experimental_labelerexp_hourly,60b93bb44201a40d,,,,legacy_feed_items_plus_http_stats,partial,"legacy backfill reconstructed from feed_items plus http_stats; finished_at, host, response_hash, and cursors are unavailable",2026-02-28T16:18:33Z,,1,1,2026-02-28T16:00:00Z,2026-02-28,auth,auth_enUS_labelerexp,authenticated_pds_proxy,,app.bsky.feed.getFeed,at://did:plc:2gx2noukxzwmj6dkxbmh3qt5/app.bsky.feed.generator/aaahcxau33dt4,0,,,50,50,200,0,,
9be5e8f4b32247c7a9b3516637b656d0,snapshot-panel,experimental_labelerexp_hourly,60b93bb44201a40d,,,,legacy_feed_items_plus_http_stats,partial,"legacy backfill reconstructed from feed_items plus http_stats; finished_at, host, response_hash, and cursors are unavailable",2026-02-28T16:18:33Z,,2,2,2026-02-28T16:00:00Z,2026-02-28,auth,auth_enUS_labelerexp,authenticated_pds_proxy,,app.bsky.feed.getFeed,at://did:plc:2hwwem55ce6djnk6bn62cstr/app.bsky.feed.generator/aaaotdzmoni2q,0,,,50,50,200,0,,
9be5e8f4b32247c7a9b3516637b656d0,snapshot-panel,experimental_labelerexp_hourly,60b93bb44201a40d,,,,legacy_feed_items_plus_http_stats,partial,"legacy backfill reconstructed from feed_items plus http_stats; finished_at, host, response_hash, and cursors are unavailable",2026-02-28T16:18:33Z,,3,3,2026-02-28T16:00:00Z,2026-02-28,auth,auth_enUS_labelerexp,authenticated_pds_proxy,,app.bsky.feed.getFeed,at://did:plc:2qlbivzvdt6hp6dwrd2sx4sf/app.bsky.feed.generator/aaaemkt7ysfq4,0,,,50,50,200,0,,
9be5e8f4b32247c7a9b3516637b656d0,snapshot-panel,experimental_labelerexp_hourly,60b93bb44201a40d,,,,legacy_feed_items_plus_http_stats,partial,"legacy backfill reconstructed from feed_items plus http_stats; finished_at, host, response_hash, and cursors are unavailable",2026-02-28T16:18:33Z,,4,4,2026-02-28T16:00:00Z,2026-02-28,auth,auth_enUS_labelerexp,authenticated_pds_proxy,,app.bsky.feed.getFeed,at://did:plc:3guzzweuqraryl3rdkimjamk/app.bsky.feed.generator/for-you,0,,,50,1,200,0,,
9be5e8f4b32247c7a9b3516637b656d0,snapshot-panel,experimental_labelerexp_hourly,60b93bb44201a40d,,,,legacy_feed_items_plus_http_stats,partial,"legacy backfill reconstructed from feed_items plus http_stats; finished_at, host, response_hash, and cursors are unavailable",2026-02-28T16:18:33Z,,5,5,2026-02-28T16:00:00Z,2026-02-28,auth,auth_enUS_labelerexp,authenticated_pds_proxy,,app.bsky.feed.getFeed,at://did:plc:3s2iaaxxqnyesuu3np56uv7y/app.bsky.feed.generator/aaaayx36jxs56,0,,,50,35,200,0,,
9be5e8f4b32247c7a9b3516637b656d0,snapshot-panel,experimental_labelerexp_hourly,60b93bb44201a40d,,,,legacy_feed_items_plus_http_stats,partial,"legacy backfill reconstructed from feed_items plus http_stats; finished_at, host, response_hash, and cursors are unavailable",2026-02-28T16:18:33Z,,6,6,2026-02-28T16:00:00Z,2026-02-28,auth,auth_enUS_labelerexp,authenticated_pds_proxy,,app.bsky.feed.getFeed,at://did:plc:3sn6bogankaicebzdb7liro3/app.bsky.feed.generator/aaacjnrpfqxqg,0,,,50,50,200,0,,
9be5e8f4b32247c7a9b3516637b656d0,snapshot-panel,experimental_labelerexp_hourly,60b93bb44201a40d,,,,legacy_feed_items_plus_http_stats,partial,"legacy backfill reconstructed from feed_items plus http_stats; finished_at, host, response_hash, and cursors are unavailable",2026-02-28T16:18:33Z,,7,7,2026-02-28T16:00:00Z,2026-02-28,auth,auth_enUS_labelerexp,authenticated_pds_proxy,,app.bsky.feed.getFeed,at://did:plc:3sn6bogankaicebzdb7liro3/app.bsky.feed.generator/aaaclmwsj24p6,0,,,50,50,200,0,,
9be5e8f4b32247c7a9b3516637b656d0,snapshot-panel,experimental_labelerexp_hourly,60b93bb44201a40d,,,,legacy_feed_items_plus_http_stats,partial,"legacy backfill reconstructed from feed_items plus http_stats; finished_at, host, response_hash, and cursors are unavailable",2026-02-28T16:18:33Z,,8,8,2026-02-28T16:00:00Z,2026-02-28,auth,auth_enUS_labelerexp,authenticated_pds_proxy,,app.bsky.feed.getFeed,at://did:plc:3yre25vmyrxl5ukvds223gha/app.bsky.feed.generator/aaacxwl2iuuj6,0,,,50,50,200,0,,
9be5e8f4b32247c7a9b3516637b656d0,snapshot-panel,experimental_labelerexp_hourly,60b93bb44201a40d,,,,legacy_feed_items_plus_http_stats,partial,"legacy backfill reconstructed from feed_items plus http_stats; finished_at, host, response_hash, and cursors are unavailable",2026-02-28T16:18:34Z,,9,9,2026-02-28T16:00:00Z,2026-02-28,auth,auth_enUS_labelerexp,authenticated_pds_proxy,,app.bsky.feed.getFeed,at://did:plc:4jb3re5tvklsvhuc3lkerj5q/app.bsky.feed.generator/aaajji2bluzi2,0,,,50,50,200,0,,
9be5e8f4b32247c7a9b3516637b656d0,snapshot-panel,experimental_labelerexp_hourly,60b93bb44201a40d,,,,legacy_feed_items_plus_http_stats,partial,"legacy backfill reconstructed from feed_items plus http_stats; finished_at, host, response_hash, and cursors are unavailable",2026-02-28T16:18:34Z,,10,10,2026-02-28T16:00:00Z,2026-02-28,auth,auth_enUS_labelerexp,authenticated_pds_proxy,,app.bsky.feed.getFeed,at://did:plc:4jb3re5tvklsvhuc3lkerj5q/app.bsky.feed.generator/aaak6p5s2f3cu,0,,,50,50,200,0,,
9be5e8f4b32247c7a9b3516637b656d0,snapshot-panel,experimental_labelerexp_hourly,60b93bb44201a40d,,,,legacy_feed_items_plus_http_stats,partial,"legacy backfill reconstructed from feed_items plus http_stats; finished_at, host, response_hash, and cursors are unavailable",2026-02-28T16:18:34Z,,11,11,2026-02-28T16:00:00Z,2026-02-28,auth,auth_enUS_labelerexp,authenticated_pds_proxy,,app.bsky.feed.getFeed,at://did:plc:4jrld6fwpnwqehtce56qshzv/app.bsky.feed.generator/game-dev,0,,,50,50,200,0,,
9be5e8f4b32247c7a9b3516637b656d0,snapshot-panel,experimental_labelerexp_hourly,60b93bb44201a40d,,,,legacy_feed_items_plus_http_stats,partial,"legacy backfill reconstructed from feed_items plus http_stats; finished_at, host, response_hash, and cursors are unavailable",2026-02-28T16:18:34Z,,12,12,2026-02-28T16:00:00Z,2026-02-28,auth,auth_enUS_labelerexp,authenticated_pds_proxy,,app.bsky.feed.getFeed,at://did:plc:4vjdrhro4bxoawbyjgixesij/app.bsky.feed.generator/aaadepeaxdboc,0,,,50,50,200,0,,
9be5e8f4b32247c7a9b3516637b656d0,snapshot-panel,experimental_labelerexp_hourly,60b93bb44201a40d,,,,legacy_feed_items_plus_http_stats,partial,"legacy backfill reconstructed from feed_items plus http_stats; finished_at, host, response_hash, and cursors are unavailable",2026-02-28T16:18:35Z,,13,13,2026-02-28T16:00:00Z,2026-02-28,auth,auth_enUS_labelerexp,authenticated_pds_proxy,,app.bsky.feed.getFeed,at://did:plc:56fa7nq34sp444dlr5a7tqmu/app.bsky.feed.generator/aaacylrsrrkji,0,,,50,50,200,0,,
9be5e8f4b32247c7a9b3516637b656d0,snapshot-panel,experimental_labelerexp_hourly,60b93bb44201a40d,,,,legacy_feed_items_plus_http_stats,partial,"legacy backfill reconstructed from feed_items plus http_stats; finished_at, host, response_hash, and cursors are unavailable",2026-02-28T16:18:35Z,,14,14,2026-02-28T16:00:00Z,2026-02-28,auth,auth_enUS_labelerexp,authenticated_pds_proxy,,app.bsky.feed.getFeed,at://did:plc:5rw2on4i56btlcajojaxwcat/app.bsky.feed.generator/aaao6g552b33o,0,,,50,50,200,0,,
9be5e8f4b32247c7a9b3516637b656d0,snapshot-panel,experimental_labelerexp_hourly,60b93bb44201a40d,,,,legacy_feed_items_plus_http_stats,partial,"legacy backfill reconstructed from feed_items plus http_stats; finished_at, host, response_hash, and cursors are unavailable",2026-02-28T16:18:35Z,,15,15,2026-02-28T16:00:00Z,2026-02-28,auth,auth_enUS_labelerexp,authenticated_pds_proxy,,app.bsky.feed.getFeed,at://did:plc:65yo7ynzcyp4kpwsienyukrz/app.bsky.feed.generator/aaadfjfgt73ls,0,,,50,50,200,0,,
9be5e8f4b32247c7a9b3516637b656d0,snapshot-panel,experimental_labelerexp_hourly,60b93bb44201a40d,,,,legacy_feed_items_plus_http_stats,partial,"legacy backfill reconstructed from feed_items plus http_stats; finished_at, host, response_hash, and cursors are unavailable",2026-02-28T16:18:35Z,,16,16,2026-02-28T16:00:00Z,2026-02-28,auth,auth_enUS_labelerexp,authenticated_pds_proxy,,app.bsky.feed.getFeed,at://did:plc:66lbtw2porscqpmair6mir37/app.bsky.feed.generator/aaabkznpn5x2g,0,,,50,50,200,0,,
9be5e8f4b32247c7a9b3516637b656d0,snapshot-panel,experimental_labelerexp_hourly,60b93bb44201a40d,,,,legacy_feed_items_plus_http_stats,partial,"legacy backfill reconstructed from feed_items plus http_stats; finished_at, host, response_hash, and cursors are unavailable",2026-02-28T16:18:35Z,,17,17,2026-02-28T16:00:00Z,2026-02-28,auth,auth_enUS_labelerexp,authenticated_pds_proxy,,app.bsky.feed.getFeed,at://did:plc:6brknehpd7ecbvd56ko6mhlm/app.bsky.feed.generator/aaaby3zazwhrq,0,,,50,50,200,0,,
9be5e8f4b32247c7a9b3516637b656d0,snapshot-panel,experimental_labelerexp_hourly,60b93bb44201a40d,,,,legacy_feed_items_plus_http_stats,partial,"legacy backfill reconstructed from feed_items plus http_stats; finished_at, host, response_hash, and cursors are unavailable",2026-02-28T16:18:35Z,,18,18,2026-02-28T16:00:00Z,2026-02-28,auth,auth_enUS_labelerexp,authenticated_pds_proxy,,app.bsky.feed.getFeed,at://did:plc:6qswqt6prj5ch3jwjyqedexs/app.bsky.feed.generator/aaafcf5orer4q,0,,,50,50,200,0,,
9be5e8f4b32247c7a9b3516637b656d0,snapshot-panel,experimental_labelerexp_hourly,60b93bb44201a40d,,,,legacy_feed_items_plus_http_stats,partial,"legacy backfill reconstructed from feed_items plus http_stats; finished_at, host, response_hash, and cursors are unavailable",2026-02-28T16:18:36Z,,19,19,2026-02-28T16:00:00Z,2026-02-28,auth,auth_enUS_labelerexp,authenticated_pds_proxy,,app.bsky.feed.getFeed,at://did:plc:7ba7lz54yll7pxslxv47ejws/app.bsky.feed.generator/aaandc3wz3wfa,0,,,50,50,200,0,,
9be5e8f4b32247c7a9b3516637b656d0,snapshot-panel,experimental_labelerexp_hourly,60b93bb44201a40d,,,,legacy_feed_items_plus_http_stats,partial,"legacy backfill reconstructed from feed_items plus http_stats; finished_at, host, response_hash, and cursors are unavailable",2026-02-28T16:18:36Z,,20,20,2026-02-28T16:00:00Z,2026-02-28,auth,auth_enUS_labelerexp,authenticated_pds_proxy,,app.bsky.feed.getFeed,at://did:plc:7dl6s4wfcygfxzxok46z5gtu/app.bsky.feed.generator/aaaiyn75rk3wy,0,,,50,50,200,0,,
9be5e8f4b32247c7a9b3516637b656d0,snapshot-panel,experimental_labelerexp_hourly,60b93bb44201a40d,,,,legacy_feed_items_plus_http_stats,partial,"legacy backfill reconstructed from feed_items plus http_stats; finished_at, host, response_hash, and cursors are unavailable",2026-02-28T16:18:36Z,,21,21,2026-02-28T16:00:00Z,2026-02-28,auth,auth_enUS_labelerexp,authenticated_pds_proxy,,app.bsky.feed.getFeed,at://did:plc:7opjnfmb6gtbgjrsr3777ujx/app.bsky.feed.generator/aaagz4bmp5o3c,0,,,50,50,200,0,,
9be5e8f4b32247c7a9b3516637b656d0,snapshot-panel,experimental_labelerexp_hourly,60b93bb44201a40d,,,,legacy_feed_items_plus_http_stats,partial,"legacy backfill reconstructed from feed_items plus http_stats; finished_at, host, response_hash, and cursors are unavailable",2026-02-28T16:18:36Z,,22,22,2026-02-28T16:00:00Z,2026-02-28,auth,auth_enUS_labelerexp,authenticated_pds_proxy,,app.bsky.feed.getFeed,at://did:plc:7tessqxe6pssegenvcehnu6t/app.bsky.feed.generator/aaapo66fyrrga,0,,,50,50,200,0,,
9be5e8f4b32247c7a9b3516637b656d0,snapshot-panel,experimental_labelerexp_hourly,60b93bb44201a40d,,,,legacy_feed_items_plus_http_stats,partial,"legacy backfill reconstructed from feed_items plus http_stats; finished_at, host, response_hash, and cursors are unavailable",2026-02-28T16:18:36Z,,23,23,2026-02-28T16:00:00Z,2026-02-28,auth,auth_enUS_labelerexp,authenticated_pds_proxy,,app.bsky.feed.getFeed,at://did:plc:abv47bjgzjgoh3yrygwoi36x/app.bsky.feed.generator/aaagt6amuur5e,0,,,50,50,200,0,,
9be5e8f4b32247c7a9b3516637b656d0,snapshot-panel,experimental_labelerexp_hourly,60b93bb44201a40d,,,,legacy_feed_items_plus_http_stats,partial,"legacy backfill reconstructed from feed_items plus http_stats; finished_at, host, response_hash, and cursors are unavailable",2026-02-28T16:18:36Z,,24,24,2026-02-28T16:00:00Z,2026-02-28,auth,auth_enUS_labelerexp,authenticated_pds_proxy,,app.bsky.feed.getFeed,at://did:plc:abv47bjgzjgoh3yrygwoi36x/app.bsky.feed.generator/aaai4f7awwzkc,0,,,50,50,200,0,,
9be5e8f4b32247c7a9b3516637b656d0,snapshot-panel,experimental_labelerexp_hourly,60b93bb44201a40d,,,,legacy_feed_items_plus_http_stats,partial,"legacy backfill reconstructed from feed_items plus http_stats; finished_at, host, response_hash, and cursors are unavailable",2026-02-28T16:18:36Z,,25,25,2026-02-28T16:00:00Z,2026-02-28,auth,auth_enUS_labelerexp,authenticated_pds_proxy,,app.bsky.feed.getFeed,at://did:plc:bkneatxfwesdeyyzq66svhio/app.bsky.feed.generator/aaaejyv5hzbfu,0,,,50,49,200,0,,
9be5e8f4b32247c7a9b3516637b656d0,snapshot-panel,experimental_labelerexp_hourly,60b93bb44201a40d,,,,legacy_feed_items_plus_http_stats,partial,"legacy backfill reconstructed from feed_items plus http_stats; finished_at, host, response_hash, and cursors are unavailable",2026-02-28T16:18:37Z,,26,26,2026-02-28T16:00:00Z,2026-02-28,auth,auth_enUS_labelerexp,authenticated_pds_proxy,,app.bsky.feed.getFeed,at://did:plc:cgl62jlhroosxyjkaffidnon/app.bsky.feed.generator/aaae4nczs635m,0,,,50,50,200,0,,
9be5e8f4b32247c7a9b3516637b656d0,snapshot-panel,experimental_labelerexp_hourly,60b93bb44201a40d,,,,legacy_feed_items_plus_http_stats,partial,"legacy backfill reconstructed from feed_items plus http_stats; finished_at, host, response_hash, and cursors are unavailable",2026-02-28T16:18:37Z,,27,27,2026-02-28T16:00:00Z,2026-02-28,auth,auth_enUS_labelerexp,authenticated_pds_proxy,,app.bsky.feed.getFeed,at://did:plc:cgl62jlhroosxyjkaffidnon/app.bsky.feed.generator/aaaiilkz7knte,0,,,50,26,200,0,,
9be5e8f4b32247c7a9b3516637b656d0,snapshot-panel,experimental_labelerexp_hourly,60b93bb44201a40d,,,,legacy_feed_items_plus_http_stats,partial,"legacy backfill reconstructed from feed_items plus http_stats; finished_at, host, response_hash, and cursors are unavailable",2026-02-28T16:18:37Z,,28,28,2026-02-28T16:00:00Z,2026-02-28,auth,auth_enUS_labelerexp,authenticated_pds_proxy,,app.bsky.feed.getFeed,at://did:plc:cndfx4udwgvpjaakvxvh7wm5/app.bsky.feed.generator/flipboard-tech,0,,,50,50,200,0,,
9be5e8f4b32247c7a9b3516637b656d0,snapshot-panel,experimental_labelerexp_hourly,60b93bb44201a40d,,,,legacy_feed_items_plus_http_stats,partial,"legacy backfill reconstructed from feed_items plus http_stats; finished_at, host, response_hash, and cursors are unavailable",2026-02-28T16:18:37Z,,29,29,2026-02-28T16:00:00Z,2026-02-28,auth,auth_enUS_labelerexp,authenticated_pds_proxy,,app.bsky.feed.getFeed,at://did:plc:cxuzwp5dzmxkrdr55qh25mgb/app.bsky.feed.generator/aaap2eo4gzzes,0,,,50,50,200,0,,
9be5e8f4b32247c7a9b3516637b656d0,snapshot-panel,experimental_labelerexp_hourly,60b93bb44201a40d,,,,legacy_feed_items_plus_http_stats,partial,"legacy backfill reconstructed from feed_items plus http_stats; finished_at, host, response_hash, and cursors are unavailable",2026-02-28T16:18:37Z,,30,30,2026-02-28T16:00:00Z,2026-02-28,auth,auth_enUS_labelerexp,authenticated_pds_proxy,,app.bsky.feed.getFeed,at://did:plc:dkh643asru53huyrgpjmobgl/app.bsky.feed.generator/aaacg5ovpq3w6,0,,,50,50,200,0,,
9be5e8f4b32247c7a9b3516637b656d0,snapshot-panel,experimental_labelerexp_hourly,60b93bb44201a40d,,,,legacy_feed_items_plus_http_stats,partial,"legacy backfill reconstructed from feed_items plus http_stats; finished_at, host, response_hash, and cursors are unavailable",2026-02-28T16:18:37Z,,31,31,2026-02-28T16:00:00Z,2026-02-28,auth,auth_enUS_labelerexp,authenticated_pds_proxy,,app.bsky.feed.getFeed,at://did:plc:dltmiiweocm22l656iffwn5a/app.bsky.feed.generator/aaagnt6bwkkb2,0,,,50,50,200,0,,
9be5e8f4b32247c7a9b3516637b656d0,snapshot-panel,experimental_labelerexp_hourly,60b93bb44201a40d,,,,legacy_feed_items_plus_http_stats,partial,"legacy backfill reconstructed from feed_items plus http_stats; finished_at, host, response_hash, and cursors are unavailable",2026-02-28T16:18:38Z,,32,32,2026-02-28T16:00:00Z,2026-02-28,auth,auth_enUS_labelerexp,authenticated_pds_proxy,,app.bsky.feed.getFeed,at://did:plc:dvgliotey33vix3wlltybgkd/app.bsky.feed.generator/all,0,,,50,50,200,0,,
9be5e8f4b32247c7a9b3516637b656d0,snapshot-panel,experimental_labelerexp_hourly,60b93bb44201a40d,,,,legacy_feed_items_plus_http_stats,partial,"legacy backfill reconstructed from feed_items plus http_stats; finished_at, host, response_hash, and cursors are unavailable",2026-02-28T16:18:38Z,,33,33,2026-02-28T16:00:00Z,2026-02-28,auth,auth_enUS_labelerexp,authenticated_pds_proxy,,app.bsky.feed.getFeed,at://did:plc:dvgliotey33vix3wlltybgkd/app.bsky.feed.generator/all-plus,0,,,50,50,200,0,,
9be5e8f4b32247c7a9b3516637b656d0,snapshot-panel,experimental_labelerexp_hourly,60b93bb44201a40d,,,,legacy_feed_items_plus_http_stats,partial,"legacy backfill reconstructed from feed_items plus http_stats; finished_at, host, response_hash, and cursors are unavailable",2026-02-28T16:18:38Z,,34,34,2026-02-28T16:00:00Z,2026-02-28,auth,auth_enUS_labelerexp,authenticated_pds_proxy,,app.bsky.feed.getFeed,at://did:plc:dvgliotey33vix3wlltybgkd/app.bsky.feed.generator/art,0,,,50,50,200,0,,
9be5e8f4b32247c7a9b3516637b656d0,snapshot-panel,experimental_labelerexp_hourly,60b93bb44201a40d,,,,legacy_feed_items_plus_http_stats,partial,"legacy backfill reconstructed from feed_items plus http_stats; finished_at, host, response_hash, and cursors are unavailable",2026-02-28T16:18:38Z,,35,35,2026-02-28T16:00:00Z,2026-02-28,auth,auth_enUS_labelerexp,authenticated_pds_proxy,,app.bsky.feed.getFeed,at://did:plc:dvgliotey33vix3wlltybgkd/app.bsky.feed.generator/ukrainian-view,0,,,50,50,200,0,,
9be5e8f4b32247c7a9b3516637b656d0,snapshot-panel,experimental_labelerexp_hourly,60b93bb44201a40d,,,,legacy_feed_items_plus_http_stats,partial,"legacy backfill reconstructed from feed_items plus http_stats; finished_at, host, response_hash, and cursors are unavailable",2026-02-28T16:18:38Z,,36,36,2026-02-28T16:00:00Z,2026-02-28,auth,auth_enUS_labelerexp,authenticated_pds_proxy,,app.bsky.feed.getFeed,at://did:plc:ffkgesg3jsv2j7aagkzrtcvt/app.bsky.feed.generator/aaacjerk7gwek,0,,,50,50,200,0,,
9be5e8f4b32247c7a9b3516637b656d0,snapshot-panel,experimental_labelerexp_hourly,60b93bb44201a40d,,,,legacy_feed_items_plus_http_stats,partial,"legacy backfill reconstructed from feed_items plus http_stats; finished_at, host, response_hash, and cursors are unavailable",2026-02-28T16:18:39Z,,37,37,2026-02-28T16:00:00Z,2026-02-28,auth,auth_enUS_labelerexp,authenticated_pds_proxy,,app.bsky.feed.getFeed,at://did:plc:ffkgesg3jsv2j7aagkzrtcvt/app.bsky.feed.generator/aaaiq5xkfj2ec,0,,,50,50,200,0,,
9be5e8f4b32247c7a9b3516637b656d0,snapshot-panel,experimental_labelerexp_hourly,60b93bb44201a40d,,,,legacy_feed_items_plus_http_stats,partial,"legacy backfill reconstructed from feed_items plus http_stats; finished_at, host, response_hash, and cursors are unavailable",2026-02-28T16:18:39Z,,38,38,2026-02-28T16:00:00Z,2026-02-28,auth,auth_enUS_labelerexp,authenticated_pds_proxy,,app.bsky.feed.getFeed,at://did:plc:geoqe3qls5mwezckxxsewys2/app.bsky.feed.generator/aaab4fazlcktw,0,,,50,50,200,0,,
9be5e8f4b32247c7a9b3516637b656d0,snapshot-panel,experimental_labelerexp_hourly,60b93bb44201a40d,,,,legacy_feed_items_plus_http_stats,partial,"legacy backfill reconstructed from feed_items plus http_stats; finished_at, host, response_hash, and cursors are unavailable",2026-02-28T16:18:39Z,,39,39,2026-02-28T16:00:00Z,2026-02-28,auth,auth_enUS_labelerexp,authenticated_pds_proxy,,app.bsky.feed.getFeed,at://did:plc:geoqe3qls5mwezckxxsewys2/app.bsky.feed.generator/aaabqvnkaktho,0,,,50,50,200,0,,
9be5e8f4b32247c7a9b3516637b656d0,snapshot-panel,experimental_labelerexp_hourly,60b93bb44201a40d,,,,legacy_feed_items_plus_http_stats,partial,"legacy backfill reconstructed from feed_items plus http_stats; finished_at, host, response_hash, and cursors are unavailable",2026-02-28T16:18:40Z,,40,40,2026-02-28T16:00:00Z,2026-02-28,auth,auth_enUS_labelerexp,authenticated_pds_proxy,,app.bsky.feed.getFeed,at://did:plc:geoqe3qls5mwezckxxsewys2/app.bsky.feed.generator/aaabrbjcg4hmk,0,,,50,50,200,0,,
9be5e8f4b32247c7a9b3516637b656d0,snapshot-panel,experimental_labelerexp_hourly,60b93bb44201a40d,,,,legacy_feed_items_plus_http_stats,partial,"legacy backfill reconstructed from feed_items plus http_stats; finished_at, host, response_hash, and cursors are unavailable",2026-02-28T16:18:40Z,,41,41,2026-02-28T16:00:00Z,2026-02-28,auth,auth_enUS_labelerexp,authenticated_pds_proxy,,app.bsky.feed.getFeed,at://did:plc:geoqe3qls5mwezckxxsewys2/app.bsky.feed.generator/aaabzkbkftnmu,0,,,50,50,200,0,,
9be5e8f4b32247c7a9b3516637b656d0,snapshot-panel,experimental_labelerexp_hourly,60b93bb44201a40d,,,,legacy_feed_items_plus_http_stats,partial,"legacy backfill reconstructed from feed_items plus http_stats; finished_at, host, response_hash, and cursors are unavailable",2026-02-28T16:18:40Z,,42,42,2026-02-28T16:00:00Z,2026-02-28,auth,auth_enUS_labelerexp,authenticated_pds_proxy,,app.bsky.feed.getFeed,at://did:plc:geoqe3qls5mwezckxxsewys2/app.bsky.feed.generator/aaabzr2vqbaag,0,,,50,50,200,0,,
9be5e8f4b32247c7a9b3516637b656d0,snapshot-panel,experimental_labelerexp_hourly,60b93bb44201a40d,,,,legacy_feed_items_plus_http_stats,partial,"legacy backfill reconstructed from feed_items plus http_stats; finished_at, host, response_hash, and cursors are unavailable",2026-02-28T16:18:40Z,,43,43,2026-02-28T16:00:00Z,2026-02-28,auth,auth_enUS_labelerexp,authenticated_pds_proxy,,app.bsky.feed.getFeed,at://did:plc:geoqe3qls5mwezckxxsewys2/app.bsky.feed.generator/aaai43yetqshu,0,,,50,50,200,0,,
9be5e8f4b32247c7a9b3516637b656d0,snapshot-panel,experimental_labelerexp_hourly,60b93bb44201a40d,,,,legacy_feed_items_plus_http_stats,partial,"legacy backfill reconstructed from feed_items plus http_stats; finished_at, host, response_hash, and cursors are unavailable",2026-02-28T16:18:40Z,,44,44,2026-02-28T16:00:00Z,2026-02-28,auth,auth_enUS_labelerexp,authenticated_pds_proxy,,app.bsky.feed.getFeed,at://did:plc:gkvpokm7ec5j5yxls6xk4e3z/app.bsky.feed.generator/formula-one,0,,,50,50,200,0,,
9be5e8f4b32247c7a9b3516637b656d0,snapshot-panel,experimental_labelerexp_hourly,60b93bb44201a40d,,,,legacy_feed_items_plus_http_stats,partial,"legacy backfill reconstructed from feed_items plus http_stats; finished_at, host, response_hash, and cursors are unavailable",2026-02-28T16:18:41Z,,45,45,2026-02-28T16:00:00Z,2026-02-28,auth,auth_enUS_labelerexp,authenticated_pds_proxy,,app.bsky.feed.getFeed,at://did:plc:gpklcf7ek667c2vpjzb6bc5p/app.bsky.feed.generator/aaair4y7siwjo,0,,,50,50,200,0,,
9be5e8f4b32247c7a9b3516637b656d0,snapshot-panel,experimental_labelerexp_hourly,60b93bb44201a40d,,,,legacy_feed_items_plus_http_stats,partial,"legacy backfill reconstructed from feed_items plus http_stats; finished_at, host, response_hash, and cursors are unavailable",2026-02-28T16:18:41Z,,46,46,2026-02-28T16:00:00Z,2026-02-28,auth,auth_enUS_labelerexp,authenticated_pds_proxy,,app.bsky.feed.getFeed,at://did:plc:gwk23pspkzx7ifoxvqvuab5q/app.bsky.feed.generator/aaakgoc6mcrr2,0,,,50,50,200,0,,
9be5e8f4b32247c7a9b3516637b656d0,snapshot-panel,experimental_labelerexp_hourly,60b93bb44201a40d,,,,legacy_feed_items_plus_http_stats,partial,"legacy backfill reconstructed from feed_items plus http_stats; finished_at, host, response_hash, and cursors are unavailable",2026-02-28T16:18:41Z,,47,47,2026-02-28T16:00:00Z,2026-02-28,auth,auth_enUS_labelerexp,authenticated_pds_proxy,,app.bsky.feed.getFeed,at://did:plc:gyegckbmyj7r4vih65j7s5sf/app.bsky.feed.generator/aaace7qaoxhye,0,,,50,50,200,0,,
9be5e8f4b32247c7a9b3516637b656d0,snapshot-panel,experimental_labelerexp_hourly,60b93bb44201a40d,,,,legacy_feed_items_plus_http_stats,partial,"legacy backfill reconstructed from feed_items plus http_stats; finished_at, host, response_hash, and cursors are unavailable",2026-02-28T16:18:41Z,,48,48,2026-02-28T16:00:00Z,2026-02-28,auth,auth_enUS_labelerexp,authenticated_pds_proxy,,app.bsky.feed.getFeed,at://did:plc:hf7ezrajxadu7v3tzcyij424/app.bsky.feed.generator/aaap7dpu57ve6,0,,,50,50,200,0,,
9be5e8f4b32247c7a9b3516637b656d0,snapshot-panel,experimental_labelerexp_hourly,60b93bb44201a40d,,,,legacy_feed_items_plus_http_stats,partial,"legacy backfill reconstructed from feed_items plus http_stats; finished_at, host, response_hash, and cursors are unavailable",2026-02-28T16:18:41Z,,49,49,2026-02-28T16:00:00Z,2026-02-28,auth,auth_enUS_labelerexp,authenticated_pds_proxy,,app.bsky.feed.getFeed,at://did:plc:hsqwcidfez66lwm3gxhfv5in/app.bsky.feed.generator/aaaf2pqeodmpy,0,,,50,50,200,0,,
9be5e8f4b32247c7a9b3516637b656d0,snapshot-panel,experimental_labelerexp_hourly,60b93bb44201a40d,,,,legacy_feed_items_plus_http_stats,partial,"legacy backfill reconstructed from feed_items plus http_stats; finished_at, host, response_hash, and cursors are unavailable",2026-02-28T16:18:41Z,,50,50,2026-02-28T16:00:00Z,2026-02-28,auth,auth_enUS_labelerexp,authenticated_pds_proxy,,app.bsky.feed.getFeed,at://did:plc:j67kyop65wunuspksudapktg/app.bsky.feed.generator/aaaoukweis36o,0,,,50,50,200,0,,
9be5e8f4b32247c7a9b3516637b656d0,snapshot-panel,experimental_labelerexp_hourly,60b93bb44201a40d,,,,legacy_feed_items_plus_http_stats,partial,"legacy backfill reconstructed from feed_items plus http_stats; finished_at, host, response_hash, and cursors are unavailable",2026-02-28T16:18:41Z,,51,51,2026-02-28T16:00:00Z,2026-02-28,auth,auth_enUS_labelerexp,authenticated_pds_proxy,,app.bsky.feed.getFeed,at://did:plc:jcoy7v3a2t4rcfdh6i4kza25/app.bsky.feed.generator/astro,0,,,50,50,200,0,,
9be5e8f4b32247c7a9b3516637b656d0,snapshot-panel,experimental_labelerexp_hourly,60b93bb44201a40d,,,,legacy_feed_items_plus_http_stats,partial,"legacy backfill reconstructed from feed_items plus http_stats; finished_at, host, response_hash, and cursors are unavailable",2026-02-28T16:18:41Z,,52,52,2026-02-28T16:00:00Z,2026-02-28,auth,auth_enUS_labelerexp,authenticated_pds_proxy,,app.bsky.feed.getFeed,at://did:plc:jdkvwye2lf4mingzk7qdebzc/app.bsky.feed.generator/art-clean,0,,,50,50,200,0,,
9be5e8f4b32247c7a9b3516637b656d0,snapshot-panel,experimental_labelerexp_hourly,60b93bb44201a40d,,,,legacy_feed_items_plus_http_stats,partial,"legacy backfill reconstructed from feed_items plus http_stats; finished_at, host, response_hash, and cursors are unavailable",2026-02-28T16:18:42Z,,53,53,2026-02-28T16:00:00Z,2026-02-28,auth,auth_enUS_labelerexp,authenticated_pds_proxy,,app.bsky.feed.getFeed,at://did:plc:jdkvwye2lf4mingzk7qdebzc/app.bsky.feed.generator/furry-hot,0,,,50,50,200,0,,
9be5e8f4b32247c7a9b3516637b656d0,snapshot-panel,experimental_labelerexp_hourly,60b93bb44201a40d,,,,legacy_feed_items_plus_http_stats,partial,"legacy backfill reconstructed from feed_items plus http_stats; finished_at, host, response_hash, and cursors are unavailable",2026-02-28T16:18:42Z,,54,54,2026-02-28T16:00:00Z,2026-02-28,auth,auth_enUS_labelerexp,authenticated_pds_proxy,,app.bsky.feed.getFeed,at://did:plc:jfhpnnst6flqway4eaeqzj2a/app.bsky.feed.generator/for-science,0,,,50,50,200,0,,
9be5e8f4b32247c7a9b3516637b656d0,snapshot-panel,experimental_labelerexp_hourly,60b93bb44201a40d,,,,legacy_feed_items_plus_http_stats,partial,"legacy backfill reconstructed from feed_items plus http_stats; finished_at, host, response_hash, and cursors are unavailable",2026-02-28T16:18:42Z,,55,55,2026-02-28T16:00:00Z,2026-02-28,auth,auth_enUS_labelerexp,authenticated_pds_proxy,,app.bsky.feed.getFeed,at://did:plc:jvrpllofboqntf5oz23ozuyp/app.bsky.feed.generator/aaabjki7ewirq,0,,,50,49,200,0,,
9be5e8f4b32247c7a9b3516637b656d0,snapshot-panel,experimental_labelerexp_hourly,60b93bb44201a40d,,,,legacy_feed_items_plus_http_stats,partial,"legacy backfill reconstructed from feed_items plus http_stats; finished_at, host, response_hash, and cursors are unavailable",2026-02-28T16:18:42Z,,56,56,2026-02-28T16:00:00Z,2026-02-28,auth,auth_enUS_labelerexp,authenticated_pds_proxy,,app.bsky.feed.getFeed,at://did:plc:jzuirp2oahpmr7keujggosnm/app.bsky.feed.generator/aaamchzapws5y,0,,,50,50,200,0,,
9be5e8f4b32247c7a9b3516637b656d0,snapshot-panel,experimental_labelerexp_hourly,60b93bb44201a40d,,,,legacy_feed_items_plus_http_stats,partial,"legacy backfill reconstructed from feed_items plus http_stats; finished_at, host, response_hash, and cursors are unavailable",2026-02-28T16:18:42Z,,57,57,2026-02-28T16:00:00Z,2026-02-28,auth,auth_enUS_labelerexp,authenticated_pds_proxy,,app.bsky.feed.getFeed,at://did:plc:kkf4naxqmweop7dv4l2iqqf5/app.bsky.feed.generator/verified-news,0,,,50,50,200,0,,
9be5e8f4b32247c7a9b3516637b656d0,snapshot-panel,experimental_labelerexp_hourly,60b93bb44201a40d,,,,legacy_feed_items_plus_http_stats,partial,"legacy backfill reconstructed from feed_items plus http_stats; finished_at, host, response_hash, and cursors are unavailable",2026-02-28T16:18:42Z,,58,58,2026-02-28T16:00:00Z,2026-02-28,auth,auth_enUS_labelerexp,authenticated_pds_proxy,,app.bsky.feed.getFeed,at://did:plc:kogkquurpi7vd6ck2tndcoog/app.bsky.feed.generator/aaahe25fq3iao,0,,,50,50,200,0,,
9be5e8f4b32247c7a9b3516637b656d0,snapshot-panel,experimental_labelerexp_hourly,60b93bb44201a40d,,,,legacy_feed_items_plus_http_stats,partial,"legacy backfill reconstructed from feed_items plus http_stats; finished_at, host, response_hash, and cursors are unavailable",2026-02-28T16:18:42Z,,59,59,2026-02-28T16:00:00Z,2026-02-28,auth,auth_enUS_labelerexp,authenticated_pds_proxy,,app.bsky.feed.getFeed,at://did:plc:l72uci4styb4jucsgcrrj5ap/app.bsky.feed.generator/aaaaelwiya4c6,0,,,50,50,200,0,,
9be5e8f4b32247c7a9b3516637b656d0,snapshot-panel,experimental_labelerexp_hourly,60b93bb44201a40d,,,,legacy_feed_items_plus_http_stats,partial,"legacy backfill reconstructed from feed_items plus http_stats; finished_at, host, response_hash, and cursors are unavailable",2026-02-28T16:18:42Z,,60,60,2026-02-28T16:00:00Z,2026-02-28,auth,auth_enUS_labelerexp,authenticated_pds_proxy,,app.bsky.feed.getFeed,at://did:plc:l72uci4styb4jucsgcrrj5ap/app.bsky.feed.generator/aaae7jzakjhkm,0,,,50,50,200,0,,
9be5e8f4b32247c7a9b3516637b656d0,snapshot-panel,experimental_labelerexp_hourly,60b93bb44201a40d,,,,legacy_feed_items_plus_http_stats,partial,"legacy backfill reconstructed from feed_items plus http_stats; finished_at, host, response_hash, and cursors are unavailable",2026-02-28T16:18:43Z,,61,61,2026-02-28T16:00:00Z,2026-02-28,auth,auth_enUS_labelerexp,authenticated_pds_proxy,,app.bsky.feed.getFeed,at://did:plc:l72uci4styb4jucsgcrrj5ap/app.bsky.feed.generator/aaao5dzfm36u4,0,,,50,50,200,0,,
9be5e8f4b32247c7a9b3516637b656d0,snapshot-panel,experimental_labelerexp_hourly,60b93bb44201a40d,,,,legacy_feed_items_plus_http_stats,partial,"legacy backfill reconstructed from feed_items plus http_stats; finished_at, host, response_hash, and cursors are unavailable",2026-02-28T16:18:43Z,,62,62,2026-02-28T16:00:00Z,2026-02-28,auth,auth_enUS_labelerexp,authenticated_pds_proxy,,app.bsky.feed.getFeed,at://did:plc:lcytlkvzs3wslcgbk7i3ygak/app.bsky.feed.generator/aaaezvwrdjuoy,0,,,50,50,200,0,,
9be5e8f4b32247c7a9b3516637b656d0,snapshot-panel,experimental_labelerexp_hourly,60b93bb44201a40d,,,,legacy_feed_items_plus_http_stats,partial,"legacy backfill reconstructed from feed_items plus http_stats; finished_at, host, response_hash, and cursors are unavailable",2026-02-28T16:18:43Z,,63,63,2026-02-28T16:00:00Z,2026-02-28,auth,auth_enUS_labelerexp,authenticated_pds_proxy,,app.bsky.feed.getFeed,at://did:plc:lelg6d2guxp3nvcnx7d52ejt/app.bsky.feed.generator/aaal6xtmxbqxa,0,,,50,50,200,0,,
9be5e8f4b32247c7a9b3516637b656d0,snapshot-panel,experimental_labelerexp_hourly,60b93bb44201a40d,,,,legacy_feed_items_plus_http_stats,partial,"legacy backfill reconstructed from feed_items plus http_stats; finished_at, host, response_hash, and cursors are unavailable",2026-02-28T16:18:44Z,,64,64,2026-02-28T16:00:00Z,2026-02-28,auth,auth_enUS_labelerexp,authenticated_pds_proxy,,app.bsky.feed.getFeed,at://did:plc:lpl45lei6abqpvmet5htdbtb/app.bsky.feed.generator/aaakc72k5sgcs,0,,,50,50,200,0,,
9be5e8f4b32247c7a9b3516637b656d0,snapshot-panel,experimental_labelerexp_hourly,60b93bb44201a40d,,,,legacy_feed_items_plus_http_stats,partial,"legacy backfill reconstructed from feed_items plus http_stats; finished_at, host, response_hash, and cursors are unavailable",2026-02-28T16:18:44Z,,65,65,2026-02-28T16:00:00Z,2026-02-28,auth,auth_enUS_labelerexp,authenticated_pds_proxy,,app.bsky.feed.getFeed,at://did:plc:lptjvw6ut224kwrj7ub3sqbe/app.bsky.feed.generator/aaaotfjzjplna,0,,,50,50,200,0,,
9be5e8f4b32247c7a9b3516637b656d0,snapshot-panel,experimental_labelerexp_hourly,60b93bb44201a40d,,,,legacy_feed_items_plus_http_stats,partial,"legacy backfill reconstructed from feed_items plus http_stats; finished_at, host, response_hash, and cursors are unavailable",2026-02-28T16:18:44Z,,66,66,2026-02-28T16:00:00Z,2026-02-28,auth,auth_enUS_labelerexp,authenticated_pds_proxy,,app.bsky.feed.getFeed,at://did:plc:lyrmsmhhg7vzz4ghj44y5xzq/app.bsky.feed.generator/52e908b2f435,0,,,50,50,200,0,,
9be5e8f4b32247c7a9b3516637b656d0,snapshot-panel,experimental_labelerexp_hourly,60b93bb44201a40d,,,,legacy_feed_items_plus_http_stats,partial,"legacy backfill reconstructed from feed_items plus http_stats; finished_at, host, response_hash, and cursors are unavailable",2026-02-28T16:18:44Z,,67,67,2026-02-28T16:00:00Z,2026-02-28,auth,auth_enUS_labelerexp,authenticated_pds_proxy,,app.bsky.feed.getFeed,at://did:plc:lyvh35oonxn4rkcdx7wsph4q/app.bsky.feed.generator/aaamsaqurkzls,0,,,50,50,200,0,,
9be5e8f4b32247c7a9b3516637b656d0,snapshot-panel,experimental_labelerexp_hourly,60b93bb44201a40d,,,,legacy_feed_items_plus_http_stats,partial,"legacy backfill reconstructed from feed_items plus http_stats; finished_at, host, response_hash, and cursors are unavailable",2026-02-28T16:18:44Z,,68,68,2026-02-28T16:00:00Z,2026-02-28,auth,auth_enUS_labelerexp,authenticated_pds_proxy,,app.bsky.feed.getFeed,at://did:plc:mlq4aycufcuolr7ax6sezpc4/app.bsky.feed.generator/aaad2auzj4ana,0,,,50,28,200,0,,
9be5e8f4b32247c7a9b3516637b656d0,snapshot-panel,experimental_labelerexp_hourly,60b93bb44201a40d,,,,legacy_feed_items_plus_http_stats,partial,"legacy backfill reconstructed from feed_items plus http_stats; finished_at, host, response_hash, and cursors are unavailable",2026-02-28T16:18:45Z,,69,69,2026-02-28T16:00:00Z,2026-02-28,auth,auth_enUS_labelerexp,authenticated_pds_proxy,,app.bsky.feed.getFeed,at://did:plc:mziptt6o2ngf4scj7jiwacde/app.bsky.feed.generator/UKPolitics,0,,,50,50,200,0,,
9be5e8f4b32247c7a9b3516637b656d0,snapshot-panel,experimental_labelerexp_hourly,60b93bb44201a40d,,,,legacy_feed_items_plus_http_stats,partial,"legacy backfill reconstructed from feed_items plus http_stats; finished_at, host, response_hash, and cursors are unavailable",2026-02-28T16:18:45Z,,70,70,2026-02-28T16:00:00Z,2026-02-28,auth,auth_enUS_labelerexp,authenticated_pds_proxy,,app.bsky.feed.getFeed,at://did:plc:nkahctfdi6bxk72umytfwghw/app.bsky.feed.generator/aaad2q353alqm,0,,,50,50,200,0,,
9be5e8f4b32247c7a9b3516637b656d0,snapshot-panel,experimental_labelerexp_hourly,60b93bb44201a40d,,,,legacy_feed_items_plus_http_stats,partial,"legacy backfill reconstructed from feed_items plus http_stats; finished_at, host, response_hash, and cursors are unavailable",2026-02-28T16:18:45Z,,71,71,2026-02-28T16:00:00Z,2026-02-28,auth,auth_enUS_labelerexp,authenticated_pds_proxy,,app.bsky.feed.getFeed,at://did:plc:nmm26ltnxjx4oskwzdue4xvq/app.bsky.feed.generator/aaacoviie4ygo,0,,,50,50,200,0,,
9be5e8f4b32247c7a9b3516637b656d0,snapshot-panel,experimental_labelerexp_hourly,60b93bb44201a40d,,,,legacy_feed_items_plus_http_stats,partial,"legacy backfill reconstructed from feed_items plus http_stats; finished_at, host, response_hash, and cursors are unavailable",2026-02-28T16:18:45Z,,72,72,2026-02-28T16:00:00Z,2026-02-28,auth,auth_enUS_labelerexp,authenticated_pds_proxy,,app.bsky.feed.getFeed,at://did:plc:nylio5rpw7u3wtven3vcriam/app.bsky.feed.generator/aaai4amp77qp6,0,,,50,25,200,0,,
9be5e8f4b32247c7a9b3516637b656d0,snapshot-panel,experimental_labelerexp_hourly,60b93bb44201a40d,,,,legacy_feed_items_plus_http_stats,partial,"legacy backfill reconstructed from feed_items plus http_stats; finished_at, host, response_hash, and cursors are unavailable",2026-02-28T16:18:45Z,,73,73,2026-02-28T16:00:00Z,2026-02-28,auth,auth_enUS_labelerexp,authenticated_pds_proxy,,app.bsky.feed.getFeed,at://did:plc:odqmsar3ikz5ubokya4sempk/app.bsky.feed.generator/aaabfn4o34jdi,0,,,50,50,200,0,,
9be5e8f4b32247c7a9b3516637b656d0,snapshot-panel,experimental_labelerexp_hourly,60b93bb44201a40d,,,,legacy_feed_items_plus_http_stats,partial,"legacy backfill reconstructed from feed_items plus http_stats; finished_at, host, response_hash, and cursors are unavailable",2026-02-28T16:18:45Z,,74,74,2026-02-28T16:00:00Z,2026-02-28,auth,auth_enUS_labelerexp,authenticated_pds_proxy,,app.bsky.feed.getFeed,at://did:plc:odqmsar3ikz5ubokya4sempk/app.bsky.feed.generator/aaabhy3bowhbo,0,,,50,50,200,0,,
9be5e8f4b32247c7a9b3516637b656d0,snapshot-panel,experimental_labelerexp_hourly,60b93bb44201a40d,,,,legacy_feed_items_plus_http_stats,partial,"legacy backfill reconstructed from feed_items plus http_stats; finished_at, host, response_hash, and cursors are unavailable",2026-02-28T16:18:46Z,,75,75,2026-02-28T16:00:00Z,2026-02-28,auth,auth_enUS_labelerexp,authenticated_pds_proxy,,app.bsky.feed.getFeed,at://did:plc:odqmsar3ikz5ubokya4sempk/app.bsky.feed.generator/aaahu6g4bonog,0,,,50,50,200,0,,
9be5e8f4b32247c7a9b3516637b656d0,snapshot-panel,experimental_labelerexp_hourly,60b93bb44201a40d,,,,legacy_feed_items_plus_http_stats,partial,"legacy backfill reconstructed from feed_items plus http_stats; finished_at, host, response_hash, and cursors are unavailable",2026-02-28T16:18:46Z,,76,76,2026-02-28T16:00:00Z,2026-02-28,auth,auth_enUS_labelerexp,authenticated_pds_proxy,,app.bsky.feed.getFeed,at://did:plc:odqmsar3ikz5ubokya4sempk/app.bsky.feed.generator/aaahudddd6mww,0,,,50,50,200,0,,
9be5e8f4b32247c7a9b3516637b656d0,snapshot-panel,experimental_labelerexp_hourly,60b93bb44201a40d,,,,legacy_feed_items_plus_http_stats,partial,"legacy backfill reconstructed from feed_items plus http_stats; finished_at, host, response_hash, and cursors are unavailable",2026-02-28T16:18:46Z,,77,77,2026-02-28T16:00:00Z,2026-02-28,auth,auth_enUS_labelerexp,authenticated_pds_proxy,,app.bsky.feed.getFeed,at://did:plc:odqmsar3ikz5ubokya4sempk/app.bsky.feed.generator/aaahvpkfdo5qo,0,,,50,50,200,0,,
9be5e8f4b32247c7a9b3516637b656d0,snapshot-panel,experimental_labelerexp_hourly,60b93bb44201a40d,,,,legacy_feed_items_plus_http_stats,partial,"legacy backfill reconstructed from feed_items plus http_stats; finished_at, host, response_hash, and cursors are unavailable",2026-02-28T16:18:46Z,,78,78,2026-02-28T16:00:00Z,2026-02-28,auth,auth_enUS_labelerexp,authenticated_pds_proxy,,app.bsky.feed.getFeed,at://did:plc:oenp7isehvr65elhknbdju2b/app.bsky.feed.generator/aaapasapcjrnw,0,,,50,50,200,0,,
9be5e8f4b32247c7a9b3516637b656d0,snapshot-panel,experimental_labelerexp_hourly,60b93bb44201a40d,,,,legacy_feed_items_plus_http_stats,partial,"legacy backfill reconstructed from feed_items plus http_stats; finished_at, host, response_hash, and cursors are unavailable",2026-02-28T16:18:46Z,,79,79,2026-02-28T16:00:00Z,2026-02-28,auth,auth_enUS_labelerexp,authenticated_pds_proxy,,app.bsky.feed.getFeed,at://did:plc:ojisdwhv5b7tzitkipo3yx3f/app.bsky.feed.generator/aaao3rw3oxwku,0,,,50,50,200,0,,
9be5e8f4b32247c7a9b3516637b656d0,snapshot-panel,experimental_labelerexp_hourly,60b93bb44201a40d,,,,legacy_feed_items_plus_http_stats,partial,"legacy backfill reconstructed from feed_items plus http_stats; finished_at, host, response_hash, and cursors are unavailable",2026-02-28T16:18:47Z,,80,80,2026-02-28T16:00:00Z,2026-02-28,auth,auth_enUS_labelerexp,authenticated_pds_proxy,,app.bsky.feed.getFeed,at://did:plc:p2hhevq3w2kxgw3csyailya3/app.bsky.feed.generator/aaafrn54usbj6,0,,,50,50,200,0,,
9be5e8f4b32247c7a9b3516637b656d0,snapshot-panel,experimental_labelerexp_hourly,60b93bb44201a40d,,,,legacy_feed_items_plus_http_stats,partial,"legacy backfill reconstructed from feed_items plus http_stats; finished_at, host, response_hash, and cursors are unavailable",2026-02-28T16:18:47Z,,81,81,2026-02-28T16:00:00Z,2026-02-28,auth,auth_enUS_labelerexp,authenticated_pds_proxy,,app.bsky.feed.getFeed,at://did:plc:psjek76mfcjrfi7a3qu6cxlw/app.bsky.feed.generator/aaabxrboy7uvw,0,,,50,50,200,0,,
9be5e8f4b32247c7a9b3516637b656d0,snapshot-panel,experimental_labelerexp_hourly,60b93bb44201a40d,,,,legacy_feed_items_plus_http_stats,partial,"legacy backfill reconstructed from feed_items plus http_stats; finished_at, host, response_hash, and cursors are unavailable",2026-02-28T16:18:47Z,,82,82,2026-02-28T16:00:00Z,2026-02-28,auth,auth_enUS_labelerexp,authenticated_pds_proxy,,app.bsky.feed.getFeed,at://did:plc:q6gjnaw2blty4crticxkmujt/app.bsky.feed.generator/cl-tqsp,0,,,50,50,200,0,,
9be5e8f4b32247c7a9b3516637b656d0,snapshot-panel,experimental_labelerexp_hourly,60b93bb44201a40d,,,,legacy_feed_items_plus_http_stats,partial,"legacy backfill reconstructed from feed_items plus http_stats; finished_at, host, response_hash, and cursors are unavailable",2026-02-28T16:18:47Z,,83,83,2026-02-28T16:00:00Z,2026-02-28,auth,auth_enUS_labelerexp,authenticated_pds_proxy,,app.bsky.feed.getFeed,at://did:plc:qgy7vt74xmouisyslwm3fgfj/app.bsky.feed.generator/aaaapknzigxfi,0,,,50,50,200,0,,
9be5e8f4b32247c7a9b3516637b656d0,snapshot-panel,experimental_labelerexp_hourly,60b93bb44201a40d,,,,legacy_feed_items_plus_http_stats,partial,"legacy backfill reconstructed from feed_items plus http_stats; finished_at, host, response_hash, and cursors are unavailable",2026-02-28T16:18:48Z,,84,84,2026-02-28T16:00:00Z,2026-02-28,auth,auth_enUS_labelerexp,authenticated_pds_proxy,,app.bsky.feed.getFeed,at://did:plc:qinqxdwwxgme6r4lgmkry5qu/app.bsky.feed.generator/spanish,0,,,50,50,200,0,,
9be5e8f4b32247c7a9b3516637b656d0,snapshot-panel,experimental_labelerexp_hourly,60b93bb44201a40d,,,,legacy_feed_items_plus_http_stats,partial,"legacy backfill reconstructed from feed_items plus http_stats; finished_at, host, response_hash, and cursors are unavailable",2026-02-28T16:18:48Z,,85,85,2026-02-28T16:00:00Z,2026-02-28,auth,auth_enUS_labelerexp,authenticated_pds_proxy,,app.bsky.feed.getFeed,at://did:plc:qq4q5nsxhl4m7gmvnf7mdgek/app.bsky.feed.generator/aaae55kaqvsla,0,,,50,50,200,0,,
9be5e8f4b32247c7a9b3516637b656d0,snapshot-panel,experimental_labelerexp_hourly,60b93bb44201a40d,,,,legacy_feed_items_plus_http_stats,partial,"legacy backfill reconstructed from feed_items plus http_stats; finished_at, host, response_hash, and cursors are unavailable",2026-02-28T16:18:48Z,,86,86,2026-02-28T16:00:00Z,2026-02-28,auth,auth_enUS_labelerexp,authenticated_pds_proxy,,app.bsky.feed.getFeed,at://did:plc:qv5qyhnfl53lunglnrd6axpd/app.bsky.feed.generator/aaaisd7dl67ks,0,,,50,50,200,0,,
9be5e8f4b32247c7a9b3516637b656d0,snapshot-panel,experimental_labelerexp_hourly,60b93bb44201a40d,,,,legacy_feed_items_plus_http_stats,partial,"legacy backfill reconstructed from feed_items plus http_stats; finished_at, host, response_hash, and cursors are unavailable",2026-02-28T16:18:48Z,,87,87,2026-02-28T16:00:00Z,2026-02-28,auth,auth_enUS_labelerexp,authenticated_pds_proxy,,app.bsky.feed.getFeed,at://did:plc:qywyjbhivdo4b333ilkf2zsh/app.bsky.feed.generator/aaadbjz6gsg6c,0,,,50,50,200,0,,
9be5e8f4b32247c7a9b3516637b656d0,snapshot-panel,experimental_labelerexp_hourly,60b93bb44201a40d,,,,legacy_feed_items_plus_http_stats,partial,"legacy backfill reconstructed from feed_items plus http_stats; finished_at, host, response_hash, and cursors are unavailable",2026-02-28T16:18:48Z,,88,88,2026-02-28T16:00:00Z,2026-02-28,auth,auth_enUS_labelerexp,authenticated_pds_proxy,,app.bsky.feed.getFeed,at://did:plc:stu4unkwieyt5suhyfl6u5e4/app.bsky.feed.generator/aaacjvrirvq2w,0,,,50,50,200,0,,
9be5e8f4b32247c7a9b3516637b656d0,snapshot-panel,experimental_labelerexp_hourly,60b93bb44201a40d,,,,legacy_feed_items_plus_http_stats,partial,"legacy backfill reconstructed from feed_items plus http_stats; finished_at, host, response_hash, and cursors are unavailable",2026-02-28T16:18:48Z,,89,89,2026-02-28T16:00:00Z,2026-02-28,auth,auth_enUS_labelerexp,authenticated_pds_proxy,,app.bsky.feed.getFeed,at://did:plc:tazrmeme4dzahimsykusrwrk/app.bsky.feed.generator/anime-en-new,0,,,50,49,200,0,,
9be5e8f4b32247c7a9b3516637b656d0,snapshot-panel,experimental_labelerexp_hourly,60b93bb44201a40d,,,,legacy_feed_items_plus_http_stats,partial,"legacy backfill reconstructed from feed_items plus http_stats; finished_at, host, response_hash, and cursors are unavailable",2026-02-28T16:18:48Z,,90,90,2026-02-28T16:00:00Z,2026-02-28,auth,auth_enUS_labelerexp,authenticated_pds_proxy,,app.bsky.feed.getFeed,at://did:plc:tenurhgjptubkk5zf5qhi3og/app.bsky.feed.generator/catch-up,0,,,50,50,200,0,,
9be5e8f4b32247c7a9b3516637b656d0,snapshot-panel,experimental_labelerexp_hourly,60b93bb44201a40d,,,,legacy_feed_items_plus_http_stats,partial,"legacy backfill reconstructed from feed_items plus http_stats; finished_at, host, response_hash, and cursors are unavailable",2026-02-28T16:18:49Z,,91,91,2026-02-28T16:00:00Z,2026-02-28,auth,auth_enUS_labelerexp,authenticated_pds_proxy,,app.bsky.feed.getFeed,at://did:plc:tenurhgjptubkk5zf5qhi3og/app.bsky.feed.generator/h-nba,0,,,50,50,200,0,,
9be5e8f4b32247c7a9b3516637b656d0,snapshot-panel,experimental_labelerexp_hourly,60b93bb44201a40d,,,,legacy_feed_items_plus_http_stats,partial,"legacy backfill reconstructed from feed_items plus http_stats; finished_at, host, response_hash, and cursors are unavailable",2026-02-28T16:18:49Z,,92,92,2026-02-28T16:00:00Z,2026-02-28,auth,auth_enUS_labelerexp,authenticated_pds_proxy,,app.bsky.feed.getFeed,at://did:plc:v336bgjhyj5suvc6ds5vkckg/app.bsky.feed.generator/aaabygc4ng36o,0,,,50,50,200,0,,
9be5e8f4b32247c7a9b3516637b656d0,snapshot-panel,experimental_labelerexp_hourly,60b93bb44201a40d,,,,legacy_feed_items_plus_http_stats,partial,"legacy backfill reconstructed from feed_items plus http_stats; finished_at, host, response_hash, and cursors are unavailable",2026-02-28T16:18:50Z,,93,93,2026-02-28T16:00:00Z,2026-02-28,auth,auth_enUS_labelerexp,authenticated_pds_proxy,,app.bsky.feed.getFeed,at://did:plc:vjyot2w7zeomrslomwpfxirl/app.bsky.feed.generator/aaabucto6sdf6,0,,,50,50,200,0,,
9be5e8f4b32247c7a9b3516637b656d0,snapshot-panel,experimental_labelerexp_hourly,60b93bb44201a40d,,,,legacy_feed_items_plus_http_stats,partial,"legacy backfill reconstructed from feed_items plus http_stats; finished_at, host, response_hash, and cursors are unavailable",2026-02-28T16:18:50Z,,94,94,2026-02-28T16:00:00Z,2026-02-28,auth,auth_enUS_labelerexp,authenticated_pds_proxy,,app.bsky.feed.getFeed,at://did:plc:vjyot2w7zeomrslomwpfxirl/app.bsky.feed.generator/aaajjrj657mnm,0,,,50,13,200,0,,
9be5e8f4b32247c7a9b3516637b656d0,snapshot-panel,experimental_labelerexp_hourly,60b93bb44201a40d,,,,legacy_feed_items_plus_http_stats,partial,"legacy backfill reconstructed from feed_items plus http_stats; finished_at, host, response_hash, and cursors are unavailable",2026-02-28T16:18:50Z,,95,95,2026-02-28T16:00:00Z,2026-02-28,auth,auth_enUS_labelerexp,authenticated_pds_proxy,,app.bsky.feed.getFeed,at://did:plc:vpkhqolt662uhesyj6nxm7ys/app.bsky.feed.generator/bestoffollows,0,,,50,1,200,0,,
9be5e8f4b32247c7a9b3516637b656d0,snapshot-panel,experimental_labelerexp_hourly,60b93bb44201a40d,,,,legacy_feed_items_plus_http_stats,partial,"legacy backfill reconstructed from feed_items plus http_stats; finished_at, host, response_hash, and cursors are unavailable",2026-02-28T16:18:51Z,,96,96,2026-02-28T16:00:00Z,2026-02-28,auth,auth_enUS_labelerexp,authenticated_pds_proxy,,app.bsky.feed.getFeed,at://did:plc:vpkhqolt662uhesyj6nxm7ys/app.bsky.feed.generator/followlikes,0,,,50,1,200,0,,
9be5e8f4b32247c7a9b3516637b656d0,snapshot-panel,experimental_labelerexp_hourly,60b93bb44201a40d,,,,legacy_feed_items_plus_http_stats,partial,"legacy backfill reconstructed from feed_items plus http_stats; finished_at, host, response_hash, and cursors are unavailable",2026-02-28T16:18:52Z,,97,97,2026-02-28T16:00:00Z,2026-02-28,auth,auth_enUS_labelerexp,authenticated_pds_proxy,,app.bsky.feed.getFeed,at://did:plc:vpkhqolt662uhesyj6nxm7ys/app.bsky.feed.generator/followpics,0,,,50,2,200,0,,
9be5e8f4b32247c7a9b3516637b656d0,snapshot-panel,experimental_labelerexp_hourly,60b93bb44201a40d,,,,legacy_feed_items_plus_http_stats,partial,"legacy backfill reconstructed from feed_items plus http_stats; finished_at, host, response_hash, and cursors are unavailable",2026-02-28T16:18:54Z,,98,98,2026-02-28T16:00:00Z,2026-02-28,auth,auth_enUS_labelerexp,authenticated_pds_proxy,,app.bsky.feed.getFeed,at://did:plc:vwzwgnygau7ed7b7wt5ux7y2/app.bsky.feed.generator/teams,0,,,50,1,200,0,,
9be5e8f4b32247c7a9b3516637b656d0,snapshot-panel,experimental_labelerexp_hourly,60b93bb44201a40d,,,,legacy_feed_items_plus_http_stats,partial,"legacy backfill reconstructed from feed_items plus http_stats; finished_at, host, response_hash, and cursors are unavailable",2026-02-28T16:18:54Z,,99,99,2026-02-28T16:00:00Z,2026-02-28,auth,auth_enUS_labelerexp,authenticated_pds_proxy,,app.bsky.feed.getFeed,at://did:plc:w4xbfzo7kqfes5zb7r6qv3rw/app.bsky.feed.generator/blacksky,0,,,50,50,200,0,,
9be5e8f4b32247c7a9b3516637b656d0,snapshot-panel,experimental_labelerexp_hourly,60b93bb44201a40d,,,,legacy_feed_items_plus_http_stats,partial,"legacy backfill reconstructed from feed_items plus http_stats; finished_at, host, response_hash, and cursors are unavailable",2026-02-28T16:18:55Z,,100,100,2026-02-28T16:00:00Z,2026-02-28,auth,auth_enUS_labelerexp,authenticated_pds_proxy,,app.bsky.feed.getFeed,at://did:plc:wzsilnxf24ehtmmc3gssy5bu/app.bsky.feed.generator/newskies,0,,,50,50,200,0,,
9be5e8f4b32247c7a9b3516637b656d0,snapshot-panel,experimental_labelerexp_hourly,60b93bb44201a40d,,,,legacy_feed_items_plus_http_stats,partial,"legacy backfill reconstructed from feed_items plus http_stats; finished_at, host, response_hash, and cursors are unavailable",2026-02-28T16:18:56Z,,101,101,2026-02-28T16:00:00Z,2026-02-28,auth,auth_enUS_labelerexp,authenticated_pds_proxy,,app.bsky.feed.getFeed,at://did:plc:x3cya3wkt4n6u4ihmvpsc5if/app.bsky.feed.generator/aaacynbxwimok,0,,,50,50,200,0,,
9be5e8f4b32247c7a9b3516637b656d0,snapshot-panel,experimental_labelerexp_hourly,60b93bb44201a40d,,,,legacy_feed_items_plus_http_stats,partial,"legacy backfill reconstructed from feed_items plus http_stats; finished_at, host, response_hash, and cursors are unavailable",2026-02-28T16:18:57Z,,102,102,2026-02-28T16:00:00Z,2026-02-28,auth,auth_enUS_labelerexp,authenticated_pds_proxy,,app.bsky.feed.getFeed,at://did:plc:y7crv2yh74s7qhmtx3mvbgv5/app.bsky.feed.generator/art-new,0,,,50,50,200,0,,
9be5e8f4b32247c7a9b3516637b656d0,snapshot-panel,experimental_labelerexp_hourly,60b93bb44201a40d,,,,legacy_feed_items_plus_http_stats,partial,"legacy backfill reconstructed from feed_items plus http_stats; finished_at, host, response_hash, and cursors are unavailable",2026-02-28T16:18:57Z,,103,103,2026-02-28T16:00:00Z,2026-02-28,auth,auth_enUS_labelerexp,authenticated_pds_proxy,,app.bsky.feed.getFeed,at://did:plc:yw3qqfa7hrhmwbc6wyrq5u7f/app.bsky.feed.generator/aaabqfmu2zuck,0,,,50,50,200,0,,
9be5e8f4b32247c7a9b3516637b656d0,snapshot-panel,experimental_labelerexp_hourly,60b93bb44201a40d,,,,legacy_feed_items_plus_http_stats,partial,"legacy backfill reconstructed from feed_items plus http_stats; finished_at, host, response_hash, and cursors are unavailable",2026-02-28T16:18:58Z,,104,104,2026-02-28T16:00:00Z,2026-02-28,auth,auth_enUS_labelerexp,authenticated_pds_proxy,,app.bsky.feed.getFeed,at://did:plc:z72i7hdynmk6r22z27h6tvur/app.bsky.feed.generator/bsky-team,0,,,50,11,200,0,,
9be5e8f4b32247c7a9b3516637b656d0,snapshot-panel,experimental_labelerexp_hourly,60b93bb44201a40d,,,,legacy_feed_items_plus_http_stats,partial,"legacy backfill reconstructed from feed_items plus http_stats; finished_at, host, response_hash, and cursors are unavailable",2026-02-28T16:18:58Z,,105,105,2026-02-28T16:00:00Z,2026-02-28,auth,auth_enUS_labelerexp,authenticated_pds_proxy,,app.bsky.feed.getFeed,at://did:plc:z72i7hdynmk6r22z27h6tvur/app.bsky.feed.generator/hot-classic,0,,,50,50,200,0,,
9be5e8f4b32247c7a9b3516637b656d0,snapshot-panel,experimental_labelerexp_hourly,60b93bb44201a40d,,,,legacy_feed_items_plus_http_stats,partial,"legacy backfill reconstructed from feed_items plus http_stats; finished_at, host, response_hash, and cursors are unavailable",2026-02-28T16:18:59Z,,106,106,2026-02-28T16:00:00Z,2026-02-28,auth,auth_enUS_labelerexp,authenticated_pds_proxy,,app.bsky.feed.getFeed,at://did:plc:z72i7hdynmk6r22z27h6tvur/app.bsky.feed.generator/whats-hot,0,,,50,50,200,0,,
